GAMS 48.1.0  612569ae Oct 14, 2024          WEX-WEI x86 64bit/MS Windows - 12/30/24 21:36:17 Page 1
G e n e r a l   A l g e b r a i c   M o d e l i n g   S y s t e m
C o m p i l a t i o n


   1   
   2  * Import data from Data1.xlsx
   4  * Define the set of nodes
   5  set v /0*40/;
   6  alias(v, i, j);
   7   
   8  * Declare parameters
   9  parameter
  10  d(i,j) Half-distance matrix,
  11  a(i)  Start time window at node i,
  12  b(i)  End time window at node i,
  13  s(i)  Service time at node i,
  14  t(i,j) Travel time between node i and node j
  15  d_full(i,j) complete full symmetric Matrix;
  16   
  17   
  18  * Average speed in km/h
  19  scalar g Average speed /50/
  20  M        Large_Number     /10000/;
  21   
  22   
  23   
GDXIN   C:\Users\Solange\Desktop\GAMS\Task 1\Data1.gdx
--- LOAD  d = 4:d
--- LOAD  a = 2:a
--- LOAD  b = 3:b
--- LOAD  s = 1:s
  27   
  28  d_full(i,j) = d(i,j);
  29  d_full(j,i)$(not d_full(j,i)) = d(i,j);
  30  Display d_full, a, b, s  ;
  31   
  32   
  33   
  34   
  35  t(i,j)=(d_full(i,j)/g)*60;
  36   
  37  display t;
  38   
  39  *Enter the variables here.
  40  Binary Variable x(i,j)"1 if traveling from i to j, 0 otherwise";
  41   
  42  Positive Variables
  43  u(i)  "Position of node i in the tour"
  44  z(i)   "Arrival time at node i"
  45  ;
  46  Variable F;
  47  equations
  48  OF                    Distance minimization (objective function)
  49  nb1(j)                every node has only one predecessor node
  50  nb2(j)                every node has only one successor node
  51  nb3(i,j)              Subtour elimination constraint
  52  tw1(i)                Arrival time is within the time window
  53  tw2(i)                Arrival time is within the time window
  54  Time (i,j)            Arrival time calculation
  55   
  56   
  57   
  58  ;
  59   
  60   
  61  *Enter OF, nb1(j) and nb2(j) and nb3(i,j) here.
  62  OF.. F=e= sum((i,j), d_full(i,j) * x(i,j));
  63   
  64  nb1(j)..  sum(i, x(i,j))=e= 1;
  65   
  66  nb2(j)..  sum(i, x(j,i))=e= 1;
  67   
  68  *ord is used to implement the position of an element in a set
  69  *ord (i)> 1 means that the position of i is greater than 1
  70  *->ord(i) starts at second positon of the set V -> node 2
  71  *subtour_elimination(i,j)$(ord(i)>1 and ord(j)>1 and ord(i)<> ord(j)).. u(i) - u(j) + card(v) * x(i,j) =l= card(v) - 1;
  72  nb3(i,j)$(ord(i)>1 and ord(j)>1 and ord(i)<> ord(j)).. u(i) - u(j) + (card(V)-1)*x(i,j) =L= card(V)-2 ;
  73   
  74   
  75  tw1(i).. a(i)=L=z(i);
  76  tw2(i).. z(i) =L= b(i);
  77   
  78  Time(i,j)$(ord(i) > 1 and ord(j) > 1) ..z(i) + s(i) + t(i,j) - M * (1 - x(i,j)) =L= z(j);
  79   
  80   
  81   
  82   
  83   
  84   
  85  option optcr = 0.0 ;
  86   
  87  *Enter the model declaration and the solving instruction here.
  88  Model TSP /all/;
  89   
  90   
  91   
  92  * Solver options for debugging and performance
  93   
  94  Solve TSP minimizing F using MIP;
  95   
  96   
  97  *Output all variable values.
  98  Display F.L, x.L, u.L,z.L;
  99   
EXIT C:\Users\Solange\Desktop\GAMS\Task 1\TASK 1 Solution.gms
GAMS 48.1.0  612569ae Oct 14, 2024          WEX-WEI x86 64bit/MS Windows - 12/30/24 21:36:17 Page 2
G e n e r a l   A l g e b r a i c   M o d e l i n g   S y s t e m
Include File Summary


   SEQ   GLOBAL TYPE      PARENT   LOCAL  FILENAME

     1        1 INPUT          0       0  C:\Users\Solange\Desktop\GAMS\Task 1\TASK 1 Solution.gms
     2        3 CALL           1       3  GDXXRW.EXE Data1.xlsx output=Data1.gdx par=s rng=Time!a9:ao10 cdim=1 rdim=0 par=a rng=Time!a1:ao2 cdim=1 rdim=0 par=b rng=Time!a5:ao6 cdim=1 rdim=0 par=d rng=Distance!a1:av42 dim=2
     3       24 GDXIN          1      24  C:\Users\Solange\Desktop\GAMS\Task 1\Data1.gdx
     4      100 EXIT           1     100  C:\Users\Solange\Desktop\GAMS\Task 1\TASK 1 Solution.gms


COMPILATION TIME     =        4.031 SECONDS      3 MB  48.1.0 612569ae WEX-WEI
GAMS 48.1.0  612569ae Oct 14, 2024          WEX-WEI x86 64bit/MS Windows - 12/30/24 21:36:17 Page 3
G e n e r a l   A l g e b r a i c   M o d e l i n g   S y s t e m
E x e c u t i o n


----     30 PARAMETER d_full  complete full symmetric Matrix

             0           1           2           3           4           5           6           7           8           9          10          11          12          13          14          15          16          17          18          19          20          21          22          23          24          25          26          27          28          29          30          31          32          33          34          35          36          37          38          39          40

0     1000.000      15.500      19.500      26.000      26.000      27.500      35.000      32.000      13.000      22.500      13.000      19.500      10.500      14.500      26.500      34.000      15.500      12.500      15.000      20.500      10.000      33.000      26.000      20.500      23.500      23.500      11.000      34.500      18.000      21.000      16.500      18.000      19.500      13.000      24.500      31.000      27.000      21.500      11.000      34.000      24.500
1       15.500    1000.000      15.500      11.000      30.000       8.500      23.500       7.000      18.000      22.500      22.000       7.500      10.000      12.000      13.000       8.000      26.500      18.500      22.500       9.000       7.500      12.500       6.000      29.500      12.000       9.500      26.500      21.000      21.500      25.000      17.500      20.500      19.500      23.000      18.000      24.500       5.500      12.500      15.500      21.500      20.500
2       19.500      15.500    1000.000      16.000      25.500       8.000      25.500       7.500      24.500      25.500       6.500      29.000      18.000      25.000      24.000      20.000       5.500      18.500      14.000      10.500      20.000       6.000      13.000      28.000      29.500      26.500      21.500      14.000      20.000      12.500       9.000      26.500      19.500      24.000      15.000      21.500      17.000      16.000       6.500       5.000       7.500
3       26.000      11.000      16.000    1000.000      25.000       9.000      18.000      23.000      24.000      17.000       6.500      24.500      20.000      13.000       8.000      19.000      25.500       5.000       7.000      18.000      14.000      17.000      12.500       8.000      30.000      29.500      17.000      28.000       5.500      11.000      21.500      19.000      10.000       9.000      22.000      30.000      15.500      10.000      27.000      18.000       9.500
4       26.000      30.000      25.500      25.000    1000.000       8.000      14.000      16.000      15.500      11.000      16.500      26.000      19.000      15.500       9.500      29.500      14.000       8.000      10.500      18.000      28.500      30.000      13.000       6.500       9.500       7.500      13.000      28.000      11.500      27.000      30.000      26.500      28.500      23.000       6.000       7.000      29.500      12.500      10.500      25.000      27.000
5       27.500       8.500       8.000       9.000       8.000    1000.000      17.000      21.500      20.000      23.000      27.500      27.000      17.500      14.500       6.000       8.500      21.000       7.000       6.000      14.500       9.000      29.500       9.000      25.000      28.500      13.500      28.500      15.500      14.500      29.500      23.500      22.500      24.500      27.000      22.000      27.500      12.500       6.000      26.000      27.500      20.000
6       35.000      23.500      25.500      18.000      14.000      17.000    1000.000      23.500      28.000      10.000      14.500      26.000      29.000      20.500      13.500       7.500       6.500      10.000      13.000      22.500      19.000      23.500      19.000      25.000      25.000      27.000      16.000      27.000      20.000      20.000      20.000      10.500       5.000      28.000      11.500      11.500      10.000      27.500      30.000      14.500      21.000
7       32.000       7.000       7.500      23.000      16.000      21.500      23.500    1000.000      14.500      20.000      12.000      26.000      16.500      29.500      24.000       6.500      24.000      17.500       9.000      14.000       7.500      14.000      10.000      16.500      20.000      27.500      23.000      10.500      27.000      12.000      11.000       9.000      29.000       5.000      11.000      14.500      16.000       9.000      16.000      18.500      30.000
8       13.000      18.000      24.500      24.000      15.500      20.000      28.000      14.500    1000.000      21.500      18.500      23.500      11.500       5.000      26.500      24.000      28.500       6.500      23.000      20.500      19.000      23.000       6.500       9.500      26.000      28.000      14.500      15.500      27.500      14.500      26.500      26.000      12.500      15.000      23.500      11.000       5.000      24.500       8.500      23.500       5.000
9       22.500      22.500      25.500      17.000      11.000      23.000      10.000      20.000      21.500    1000.000      24.000      22.000      16.500       6.500       6.500      20.000      21.500      27.500      30.000       7.000      28.000      12.000      19.500      11.500      22.000      16.000      11.500      27.500      12.000       5.000      10.500       9.000       6.500      14.000      10.500      13.500      28.000      12.000       9.000      12.000      10.000
10      13.000      22.000       6.500       6.500      16.500      27.500      14.500      12.000      18.500      24.000    1000.000      10.000      24.500      11.500      28.000      23.000       7.000      18.000      13.500      25.500       5.000      18.000      12.000       7.000      24.000      23.500      22.500      14.500      21.500      16.500      29.000      28.500       8.500      28.500      14.000      22.500      29.000      11.000      19.500      25.500      16.000
11      19.500       7.500      29.000      24.500      26.000      27.000      26.000      26.000      23.500      22.000      10.000    1000.000      29.500      24.500       7.500      22.000      13.500      17.000      22.000      11.000       7.500      16.500      24.000      13.000       8.000      20.000       8.500      26.000      16.000       9.500      27.500      10.000       5.500      27.000       9.000       8.000      28.500      13.500      25.000      17.500       8.000
12      10.500      10.000      18.000      20.000      19.000      17.500      29.000      16.500      11.500      16.500      24.500      29.500    1000.000      26.000      15.000       9.500      21.000      20.500      28.000      17.500      10.500      16.000      11.000      27.000      27.000      28.500       9.000      11.500      24.000       9.000      14.500      23.000      24.000      21.500      28.000      30.000      21.500      14.500      20.500      26.000      13.500
13      14.500      12.000      25.000      13.000      15.500      14.500      20.500      29.500       5.000       6.500      11.500      24.500      26.000    1000.000      15.000       5.000      23.000      11.500      22.500      19.500      12.500      20.000      20.000      21.500      25.000      24.500       7.000      14.000      18.500      20.500      12.500      30.000      13.000      14.000      21.000       8.500      14.000      28.500      27.000      13.000      24.000
14      26.500      13.000      24.000       8.000       9.500       6.000      13.500      24.000      26.500       6.500      28.000       7.500      15.000      15.000    1000.000      15.000       5.500       8.000      12.000      11.500       8.500      25.500      25.500      28.000      17.500      20.000      11.500      25.000      17.000      29.500      24.000      12.000      24.500      14.000      11.000      27.500      30.000       9.000       9.500      27.000      14.500
15      34.000       8.000      20.000      19.000      29.500       8.500       7.500       6.500      24.000      20.000      23.000      22.000       9.500       5.000      15.000    1000.000      26.500      12.000      12.000      26.500      21.500      23.500      12.500      16.000      14.000      14.000      11.500       9.500      30.000      23.500      18.000      18.500      10.000      17.000      12.500      10.000      13.000      21.000       6.000      28.000      27.000
16      15.500      26.500       5.500      25.500      14.000      21.000       6.500      24.000      28.500      21.500       7.000      13.500      21.000      23.000       5.500      26.500    1000.000      19.000       6.000      29.000       6.500      22.000       6.500      21.000      18.500      14.500      24.000      10.000      25.000      30.000      30.000      21.500      21.500      10.500      28.000      12.500      19.000      19.000      27.000      21.000      26.000
17      12.500      18.500      18.500       5.000       8.000       7.000      10.000      17.500       6.500      27.500      18.000      17.000      20.500      11.500       8.000      12.000      19.000    1000.000      23.500      18.500      12.000      22.000       7.000      19.000       7.000      22.000      10.500      15.000      23.000      30.000       8.000       7.500      16.500      25.500       7.000       5.000      16.000      11.000      21.500      11.000      16.000
18      15.000      22.500      14.000       7.000      10.500       6.000      13.000       9.000      23.000      30.000      13.500      22.000      28.000      22.500      12.000      12.000       6.000      23.500    1000.000      22.000      16.500       8.500      30.000      25.000      28.500      28.000       9.000      25.500      26.500      11.500      21.000      20.500      17.000      12.000      15.500      23.500      17.000       5.000      23.000       5.000      26.000
19      20.500       9.000      10.500      18.000      18.000      14.500      22.500      14.000      20.500       7.000      25.500      11.000      17.500      19.500      11.500      26.500      29.000      18.500      22.000    1000.000       7.000      25.500       9.000       6.000      24.500      21.000      21.500      23.500      19.000      17.500      20.000      12.500       5.000      19.000      12.000      10.000      17.000      14.000      21.500      29.500      25.000
20      10.000       7.500      20.000      14.000      28.500       9.000      19.000       7.500      19.000      28.000       5.000       7.500      10.500      12.500       8.500      21.500       6.500      12.000      16.500       7.000    1000.000      14.500      17.500      16.500      19.500      18.000      27.000      26.000      14.000       5.000       8.000      25.500      15.500       6.500      21.500       5.500      16.500      21.500      19.500      10.500      28.000
21      33.000      12.500       6.000      17.000      30.000      29.500      23.500      14.000      23.000      12.000      18.000      16.500      16.000      20.000      25.500      23.500      22.000      22.000       8.500      25.500      14.500    1000.000      18.000       7.500      29.500      27.500      22.500      26.000       7.500      18.500      10.500       8.000       5.500      11.500      23.500      20.000      22.000      27.500      21.000      17.500      25.000
22      26.000       6.000      13.000      12.500      13.000       9.000      19.000      10.000       6.500      19.500      12.000      24.000      11.000      20.000      25.500      12.500       6.500       7.000      30.000       9.000      17.500      18.000    1000.000      11.000      28.500      10.000      22.000      21.500      19.500      23.000      18.000      29.500       6.000      28.500      30.000       6.500      25.000      10.500      21.000      11.500      21.000
23      20.500      29.500      28.000       8.000       6.500      25.000      25.000      16.500       9.500      11.500       7.000      13.000      27.000      21.500      28.000      16.000      21.000      19.000      25.000       6.000      16.500       7.500      11.000    1000.000      23.000      18.000      13.500      29.500      14.000       6.000      17.000      21.000      19.500      27.000      25.000       5.000      29.500       5.500      22.000      23.000      28.000
24      23.500      12.000      29.500      30.000       9.500      28.500      25.000      20.000      26.000      22.000      24.000       8.000      27.000      25.000      17.500      14.000      18.500       7.000      28.500      24.500      19.500      29.500      28.500      23.000    1000.000      19.500      18.500      16.500      24.500      29.000      12.000      23.000      18.500      27.500      21.500      23.000      13.000      14.500      26.500      24.500      30.000
25      23.500       9.500      26.500      29.500       7.500      13.500      27.000      27.500      28.000      16.000      23.500      20.000      28.500      24.500      20.000      14.000      14.500      22.000      28.000      21.000      18.000      27.500      10.000      18.000      19.500    1000.000      20.500      23.500      24.000      19.500      27.000      12.500      30.000       6.000      25.000      28.500      13.000       6.500       7.500      26.000      24.500
26      11.000      26.500      21.500      17.000      13.000      28.500      16.000      23.000      14.500      11.500      22.500       8.500       9.000       7.000      11.500      11.500      24.000      10.500       9.000      21.500      27.000      22.500      22.000      13.500      18.500      20.500    1000.000      25.000      18.500      17.500      25.500       7.000       8.500      28.000      18.000      13.500      16.500      26.000      17.500       5.500      30.000
27      34.500      21.000      14.000      28.000      28.000      15.500      27.000      10.500      15.500      27.500      14.500      26.000      11.500      14.000      25.000       9.500      10.000      15.000      25.500      23.500      26.000      26.000      21.500      29.500      16.500      23.500      25.000    1000.000      19.500      22.500      23.000      24.500      15.500      14.500      30.000      26.500       7.500      28.000      11.500      10.000       9.500
28      18.000      21.500      20.000       5.500      11.500      14.500      20.000      27.000      27.500      12.000      21.500      16.000      24.000      18.500      17.000      30.000      25.000      23.000      26.500      19.000      14.000       7.500      19.500      14.000      24.500      24.000      18.500      19.500    1000.000      14.000      23.500      10.500       8.500      18.500       8.500      23.000       5.500      12.000      27.000      23.500      29.500
29      21.000      25.000      12.500      11.000      27.000      29.500      20.000      12.000      14.500       5.000      16.500       9.500       9.000      20.500      29.500      23.500      30.000      30.000      11.500      17.500       5.000      18.500      23.000       6.000      29.000      19.500      17.500      22.500      14.000    1000.000      14.000      21.000      13.000      21.500      26.000      26.500      14.000      30.000      25.000       8.000      17.000
30      16.500      17.500       9.000      21.500      30.000      23.500      20.000      11.000      26.500      10.500      29.000      27.500      14.500      12.500      24.000      18.000      30.000       8.000      21.000      20.000       8.000      10.500      18.000      17.000      12.000      27.000      25.500      23.000      23.500      14.000    1000.000       5.500      12.000      22.000      24.000      23.000      16.500      17.500      10.000       8.000      10.000
31      18.000      20.500      26.500      19.000      26.500      22.500      10.500       9.000      26.000       9.000      28.500      10.000      23.000      30.000      12.000      18.500      21.500       7.500      20.500      12.500      25.500       8.000      29.500      21.000      23.000      12.500       7.000      24.500      10.500      21.000       5.500    1000.000      17.500      25.500      22.500      10.500      15.000      12.500      22.500      18.000      15.500
32      19.500      19.500      19.500      10.000      28.500      24.500       5.000      29.000      12.500       6.500       8.500       5.500      24.000      13.000      24.500      10.000      21.500      16.500      17.000       5.000      15.500       5.500       6.000      19.500      18.500      30.000       8.500      15.500       8.500      13.000      12.000      17.500    1000.000      30.000      16.500      17.500      27.500       5.000      27.000      23.000      29.000
33      13.000      23.000      24.000       9.000      23.000      27.000      28.000       5.000      15.000      14.000      28.500      27.000      21.500      14.000      14.000      17.000      10.500      25.500      12.000      19.000       6.500      11.500      28.500      27.000      27.500       6.000      28.000      14.500      18.500      21.500      22.000      25.500      30.000    1000.000      23.000       9.000       9.500      11.000      28.500      23.500      26.000
34      24.500      18.000      15.000      22.000       6.000      22.000      11.500      11.000      23.500      10.500      14.000       9.000      28.000      21.000      11.000      12.500      28.000       7.000      15.500      12.000      21.500      23.500      30.000      25.000      21.500      25.000      18.000      30.000       8.500      26.000      24.000      22.500      16.500      23.000    1000.000      25.500      22.500      20.000       9.500      19.000      21.500
35      31.000      24.500      21.500      30.000       7.000      27.500      11.500      14.500      11.000      13.500      22.500       8.000      30.000       8.500      27.500      10.000      12.500       5.000      23.500      10.000       5.500      20.000       6.500       5.000      23.000      28.500      13.500      26.500      23.000      26.500      23.000      10.500      17.500       9.000      25.500    1000.000       6.000      11.000      21.000       5.000       9.500
36      27.000       5.500      17.000      15.500      29.500      12.500      10.000      16.000       5.000      28.000      29.000      28.500      21.500      14.000      30.000      13.000      19.000      16.000      17.000      17.000      16.500      22.000      25.000      29.500      13.000      13.000      16.500       7.500       5.500      14.000      16.500      15.000      27.500       9.500      22.500       6.000    1000.000      14.000      14.000      18.000      29.500
37      21.500      12.500      16.000      10.000      12.500       6.000      27.500       9.000      24.500      12.000      11.000      13.500      14.500      28.500       9.000      21.000      19.000      11.000       5.000      14.000      21.500      27.500      10.500       5.500      14.500       6.500      26.000      28.000      12.000      30.000      17.500      12.500       5.000      11.000      20.000      11.000      14.000    1000.000       7.500       6.500      27.000
38      11.000      15.500       6.500      27.000      10.500      26.000      30.000      16.000       8.500       9.000      19.500      25.000      20.500      27.000       9.500       6.000      27.000      21.500      23.000      21.500      19.500      21.000      21.000      22.000      26.500       7.500      17.500      11.500      27.000      25.000      10.000      22.500      27.000      28.500       9.500      21.000      14.000       7.500    1000.000       8.500      19.000
39      34.000      21.500       5.000      18.000      25.000      27.500      14.500      18.500      23.500      12.000      25.500      17.500      26.000      13.000      27.000      28.000      21.000      11.000       5.000      29.500      10.500      17.500      11.500      23.000      24.500      26.000       5.500      10.000      23.500       8.000       8.000      18.000      23.000      23.500      19.000       5.000      18.000       6.500       8.500    1000.000      20.500
40      24.500      20.500       7.500       9.500      27.000      20.000      21.000      30.000       5.000      10.000      16.000       8.000      13.500      24.000      14.500      27.000      26.000      16.000      26.000      25.000      28.000      25.000      21.000      28.000      30.000      24.500      30.000       9.500      29.500      17.000      10.000      15.500      29.000      26.000      21.500       9.500      29.500      27.000      19.000      20.500    1000.000


----     30 PARAMETER a  Start time window at node i

1  387.000,    2  768.000,    3  344.000,    4  499.000,    5  638.000,    6  106.000,    7  833.000,    8  218.000,    9  381.000,    10 802.000,    11 322.000,    12 818.000,    13 546.000,    14 762.000,    15 801.000,    16 107.000,    17 376.000,    18 211.000,    19 396.000,    20 548.000,    21 570.000,    22 571.000,    23 793.000,    24 372.000,    25 294.000,    26 822.000,    27 800.000,    28 397.000,    29 331.000,    30 390.000,    31 452.000,    32 760.000,    33 626.000,    34 753.000,    35 794.000,    36 812.000,    37 584.000,    38 431.000,    39 264.000,    40  90.000


----     30 PARAMETER b  End time window at node i

0  1440.000,    1   627.000,    2  1008.000,    3   584.000,    4   739.000,    5   878.000,    6   346.000,    7  1073.000,    8   458.000,    9   621.000,    10 1042.000,    11  562.000,    12 1058.000,    13  786.000,    14 1002.000,    15 1041.000,    16  347.000,    17  616.000,    18  451.000,    19  636.000,    20  788.000,    21  810.000,    22  811.000,    23 1033.000,    24  612.000,    25  534.000,    26 1062.000,    27 1040.000,    28  637.000,    29  571.000,    30  630.000,    31  692.000,    32 1000.000,    33  866.000,    34  993.000,    35 1034.000,    36 1052.000,    37  824.000,    38  671.000,    39  504.000,    40  330.000


----     30 PARAMETER s  Service time at node i

1   2.000,    2   7.000,    3   7.000,    4   2.000,    5   1.000,    6  10.000,    7   1.000,    8   3.000,    9   8.000,    10  8.000,    11  7.000,    12 10.000,    13 10.000,    14  1.000,    15  8.000,    16  3.000,    17  7.000,    18  7.000,    19  6.000,    20  9.000,    21  9.000,    22  7.000,    23  1.000,    24  2.000,    25  2.000,    26  4.000,    27  8.000,    28  5.000,    29  1.000,    30  8.000,    31  9.000,    32  8.000,    33  2.000,    34  8.000,    35  3.000,    36  8.000,    37  9.000,    38  9.000,    39  7.000,    40  7.000


----     37 PARAMETER t  Travel time between node i and node j

             0           1           2           3           4           5           6           7           8           9          10          11          12          13          14          15          16          17          18          19          20          21          22          23          24          25          26          27          28          29          30          31          32          33          34          35          36          37          38          39          40

0     1200.000      18.600      23.400      31.200      31.200      33.000      42.000      38.400      15.600      27.000      15.600      23.400      12.600      17.400      31.800      40.800      18.600      15.000      18.000      24.600      12.000      39.600      31.200      24.600      28.200      28.200      13.200      41.400      21.600      25.200      19.800      21.600      23.400      15.600      29.400      37.200      32.400      25.800      13.200      40.800      29.400
1       18.600    1200.000      18.600      13.200      36.000      10.200      28.200       8.400      21.600      27.000      26.400       9.000      12.000      14.400      15.600       9.600      31.800      22.200      27.000      10.800       9.000      15.000       7.200      35.400      14.400      11.400      31.800      25.200      25.800      30.000      21.000      24.600      23.400      27.600      21.600      29.400       6.600      15.000      18.600      25.800      24.600
2       23.400      18.600    1200.000      19.200      30.600       9.600      30.600       9.000      29.400      30.600       7.800      34.800      21.600      30.000      28.800      24.000       6.600      22.200      16.800      12.600      24.000       7.200      15.600      33.600      35.400      31.800      25.800      16.800      24.000      15.000      10.800      31.800      23.400      28.800      18.000      25.800      20.400      19.200       7.800       6.000       9.000
3       31.200      13.200      19.200    1200.000      30.000      10.800      21.600      27.600      28.800      20.400       7.800      29.400      24.000      15.600       9.600      22.800      30.600       6.000       8.400      21.600      16.800      20.400      15.000       9.600      36.000      35.400      20.400      33.600       6.600      13.200      25.800      22.800      12.000      10.800      26.400      36.000      18.600      12.000      32.400      21.600      11.400
4       31.200      36.000      30.600      30.000    1200.000       9.600      16.800      19.200      18.600      13.200      19.800      31.200      22.800      18.600      11.400      35.400      16.800       9.600      12.600      21.600      34.200      36.000      15.600       7.800      11.400       9.000      15.600      33.600      13.800      32.400      36.000      31.800      34.200      27.600       7.200       8.400      35.400      15.000      12.600      30.000      32.400
5       33.000      10.200       9.600      10.800       9.600    1200.000      20.400      25.800      24.000      27.600      33.000      32.400      21.000      17.400       7.200      10.200      25.200       8.400       7.200      17.400      10.800      35.400      10.800      30.000      34.200      16.200      34.200      18.600      17.400      35.400      28.200      27.000      29.400      32.400      26.400      33.000      15.000       7.200      31.200      33.000      24.000
6       42.000      28.200      30.600      21.600      16.800      20.400    1200.000      28.200      33.600      12.000      17.400      31.200      34.800      24.600      16.200       9.000       7.800      12.000      15.600      27.000      22.800      28.200      22.800      30.000      30.000      32.400      19.200      32.400      24.000      24.000      24.000      12.600       6.000      33.600      13.800      13.800      12.000      33.000      36.000      17.400      25.200
7       38.400       8.400       9.000      27.600      19.200      25.800      28.200    1200.000      17.400      24.000      14.400      31.200      19.800      35.400      28.800       7.800      28.800      21.000      10.800      16.800       9.000      16.800      12.000      19.800      24.000      33.000      27.600      12.600      32.400      14.400      13.200      10.800      34.800       6.000      13.200      17.400      19.200      10.800      19.200      22.200      36.000
8       15.600      21.600      29.400      28.800      18.600      24.000      33.600      17.400    1200.000      25.800      22.200      28.200      13.800       6.000      31.800      28.800      34.200       7.800      27.600      24.600      22.800      27.600       7.800      11.400      31.200      33.600      17.400      18.600      33.000      17.400      31.800      31.200      15.000      18.000      28.200      13.200       6.000      29.400      10.200      28.200       6.000
9       27.000      27.000      30.600      20.400      13.200      27.600      12.000      24.000      25.800    1200.000      28.800      26.400      19.800       7.800       7.800      24.000      25.800      33.000      36.000       8.400      33.600      14.400      23.400      13.800      26.400      19.200      13.800      33.000      14.400       6.000      12.600      10.800       7.800      16.800      12.600      16.200      33.600      14.400      10.800      14.400      12.000
10      15.600      26.400       7.800       7.800      19.800      33.000      17.400      14.400      22.200      28.800    1200.000      12.000      29.400      13.800      33.600      27.600       8.400      21.600      16.200      30.600       6.000      21.600      14.400       8.400      28.800      28.200      27.000      17.400      25.800      19.800      34.800      34.200      10.200      34.200      16.800      27.000      34.800      13.200      23.400      30.600      19.200
11      23.400       9.000      34.800      29.400      31.200      32.400      31.200      31.200      28.200      26.400      12.000    1200.000      35.400      29.400       9.000      26.400      16.200      20.400      26.400      13.200       9.000      19.800      28.800      15.600       9.600      24.000      10.200      31.200      19.200      11.400      33.000      12.000       6.600      32.400      10.800       9.600      34.200      16.200      30.000      21.000       9.600
12      12.600      12.000      21.600      24.000      22.800      21.000      34.800      19.800      13.800      19.800      29.400      35.400    1200.000      31.200      18.000      11.400      25.200      24.600      33.600      21.000      12.600      19.200      13.200      32.400      32.400      34.200      10.800      13.800      28.800      10.800      17.400      27.600      28.800      25.800      33.600      36.000      25.800      17.400      24.600      31.200      16.200
13      17.400      14.400      30.000      15.600      18.600      17.400      24.600      35.400       6.000       7.800      13.800      29.400      31.200    1200.000      18.000       6.000      27.600      13.800      27.000      23.400      15.000      24.000      24.000      25.800      30.000      29.400       8.400      16.800      22.200      24.600      15.000      36.000      15.600      16.800      25.200      10.200      16.800      34.200      32.400      15.600      28.800
14      31.800      15.600      28.800       9.600      11.400       7.200      16.200      28.800      31.800       7.800      33.600       9.000      18.000      18.000    1200.000      18.000       6.600       9.600      14.400      13.800      10.200      30.600      30.600      33.600      21.000      24.000      13.800      30.000      20.400      35.400      28.800      14.400      29.400      16.800      13.200      33.000      36.000      10.800      11.400      32.400      17.400
15      40.800       9.600      24.000      22.800      35.400      10.200       9.000       7.800      28.800      24.000      27.600      26.400      11.400       6.000      18.000    1200.000      31.800      14.400      14.400      31.800      25.800      28.200      15.000      19.200      16.800      16.800      13.800      11.400      36.000      28.200      21.600      22.200      12.000      20.400      15.000      12.000      15.600      25.200       7.200      33.600      32.400
16      18.600      31.800       6.600      30.600      16.800      25.200       7.800      28.800      34.200      25.800       8.400      16.200      25.200      27.600       6.600      31.800    1200.000      22.800       7.200      34.800       7.800      26.400       7.800      25.200      22.200      17.400      28.800      12.000      30.000      36.000      36.000      25.800      25.800      12.600      33.600      15.000      22.800      22.800      32.400      25.200      31.200
17      15.000      22.200      22.200       6.000       9.600       8.400      12.000      21.000       7.800      33.000      21.600      20.400      24.600      13.800       9.600      14.400      22.800    1200.000      28.200      22.200      14.400      26.400       8.400      22.800       8.400      26.400      12.600      18.000      27.600      36.000       9.600       9.000      19.800      30.600       8.400       6.000      19.200      13.200      25.800      13.200      19.200
18      18.000      27.000      16.800       8.400      12.600       7.200      15.600      10.800      27.600      36.000      16.200      26.400      33.600      27.000      14.400      14.400       7.200      28.200    1200.000      26.400      19.800      10.200      36.000      30.000      34.200      33.600      10.800      30.600      31.800      13.800      25.200      24.600      20.400      14.400      18.600      28.200      20.400       6.000      27.600       6.000      31.200
19      24.600      10.800      12.600      21.600      21.600      17.400      27.000      16.800      24.600       8.400      30.600      13.200      21.000      23.400      13.800      31.800      34.800      22.200      26.400    1200.000       8.400      30.600      10.800       7.200      29.400      25.200      25.800      28.200      22.800      21.000      24.000      15.000       6.000      22.800      14.400      12.000      20.400      16.800      25.800      35.400      30.000
20      12.000       9.000      24.000      16.800      34.200      10.800      22.800       9.000      22.800      33.600       6.000       9.000      12.600      15.000      10.200      25.800       7.800      14.400      19.800       8.400    1200.000      17.400      21.000      19.800      23.400      21.600      32.400      31.200      16.800       6.000       9.600      30.600      18.600       7.800      25.800       6.600      19.800      25.800      23.400      12.600      33.600
21      39.600      15.000       7.200      20.400      36.000      35.400      28.200      16.800      27.600      14.400      21.600      19.800      19.200      24.000      30.600      28.200      26.400      26.400      10.200      30.600      17.400    1200.000      21.600       9.000      35.400      33.000      27.000      31.200       9.000      22.200      12.600       9.600       6.600      13.800      28.200      24.000      26.400      33.000      25.200      21.000      30.000
22      31.200       7.200      15.600      15.000      15.600      10.800      22.800      12.000       7.800      23.400      14.400      28.800      13.200      24.000      30.600      15.000       7.800       8.400      36.000      10.800      21.000      21.600    1200.000      13.200      34.200      12.000      26.400      25.800      23.400      27.600      21.600      35.400       7.200      34.200      36.000       7.800      30.000      12.600      25.200      13.800      25.200
23      24.600      35.400      33.600       9.600       7.800      30.000      30.000      19.800      11.400      13.800       8.400      15.600      32.400      25.800      33.600      19.200      25.200      22.800      30.000       7.200      19.800       9.000      13.200    1200.000      27.600      21.600      16.200      35.400      16.800       7.200      20.400      25.200      23.400      32.400      30.000       6.000      35.400       6.600      26.400      27.600      33.600
24      28.200      14.400      35.400      36.000      11.400      34.200      30.000      24.000      31.200      26.400      28.800       9.600      32.400      30.000      21.000      16.800      22.200       8.400      34.200      29.400      23.400      35.400      34.200      27.600    1200.000      23.400      22.200      19.800      29.400      34.800      14.400      27.600      22.200      33.000      25.800      27.600      15.600      17.400      31.800      29.400      36.000
25      28.200      11.400      31.800      35.400       9.000      16.200      32.400      33.000      33.600      19.200      28.200      24.000      34.200      29.400      24.000      16.800      17.400      26.400      33.600      25.200      21.600      33.000      12.000      21.600      23.400    1200.000      24.600      28.200      28.800      23.400      32.400      15.000      36.000       7.200      30.000      34.200      15.600       7.800       9.000      31.200      29.400
26      13.200      31.800      25.800      20.400      15.600      34.200      19.200      27.600      17.400      13.800      27.000      10.200      10.800       8.400      13.800      13.800      28.800      12.600      10.800      25.800      32.400      27.000      26.400      16.200      22.200      24.600    1200.000      30.000      22.200      21.000      30.600       8.400      10.200      33.600      21.600      16.200      19.800      31.200      21.000       6.600      36.000
27      41.400      25.200      16.800      33.600      33.600      18.600      32.400      12.600      18.600      33.000      17.400      31.200      13.800      16.800      30.000      11.400      12.000      18.000      30.600      28.200      31.200      31.200      25.800      35.400      19.800      28.200      30.000    1200.000      23.400      27.000      27.600      29.400      18.600      17.400      36.000      31.800       9.000      33.600      13.800      12.000      11.400
28      21.600      25.800      24.000       6.600      13.800      17.400      24.000      32.400      33.000      14.400      25.800      19.200      28.800      22.200      20.400      36.000      30.000      27.600      31.800      22.800      16.800       9.000      23.400      16.800      29.400      28.800      22.200      23.400    1200.000      16.800      28.200      12.600      10.200      22.200      10.200      27.600       6.600      14.400      32.400      28.200      35.400
29      25.200      30.000      15.000      13.200      32.400      35.400      24.000      14.400      17.400       6.000      19.800      11.400      10.800      24.600      35.400      28.200      36.000      36.000      13.800      21.000       6.000      22.200      27.600       7.200      34.800      23.400      21.000      27.000      16.800    1200.000      16.800      25.200      15.600      25.800      31.200      31.800      16.800      36.000      30.000       9.600      20.400
30      19.800      21.000      10.800      25.800      36.000      28.200      24.000      13.200      31.800      12.600      34.800      33.000      17.400      15.000      28.800      21.600      36.000       9.600      25.200      24.000       9.600      12.600      21.600      20.400      14.400      32.400      30.600      27.600      28.200      16.800    1200.000       6.600      14.400      26.400      28.800      27.600      19.800      21.000      12.000       9.600      12.000
31      21.600      24.600      31.800      22.800      31.800      27.000      12.600      10.800      31.200      10.800      34.200      12.000      27.600      36.000      14.400      22.200      25.800       9.000      24.600      15.000      30.600       9.600      35.400      25.200      27.600      15.000       8.400      29.400      12.600      25.200       6.600    1200.000      21.000      30.600      27.000      12.600      18.000      15.000      27.000      21.600      18.600
32      23.400      23.400      23.400      12.000      34.200      29.400       6.000      34.800      15.000       7.800      10.200       6.600      28.800      15.600      29.400      12.000      25.800      19.800      20.400       6.000      18.600       6.600       7.200      23.400      22.200      36.000      10.200      18.600      10.200      15.600      14.400      21.000    1200.000      36.000      19.800      21.000      33.000       6.000      32.400      27.600      34.800
33      15.600      27.600      28.800      10.800      27.600      32.400      33.600       6.000      18.000      16.800      34.200      32.400      25.800      16.800      16.800      20.400      12.600      30.600      14.400      22.800       7.800      13.800      34.200      32.400      33.000       7.200      33.600      17.400      22.200      25.800      26.400      30.600      36.000    1200.000      27.600      10.800      11.400      13.200      34.200      28.200      31.200
34      29.400      21.600      18.000      26.400       7.200      26.400      13.800      13.200      28.200      12.600      16.800      10.800      33.600      25.200      13.200      15.000      33.600       8.400      18.600      14.400      25.800      28.200      36.000      30.000      25.800      30.000      21.600      36.000      10.200      31.200      28.800      27.000      19.800      27.600    1200.000      30.600      27.000      24.000      11.400      22.800      25.800
35      37.200      29.400      25.800      36.000       8.400      33.000      13.800      17.400      13.200      16.200      27.000       9.600      36.000      10.200      33.000      12.000      15.000       6.000      28.200      12.000       6.600      24.000       7.800       6.000      27.600      34.200      16.200      31.800      27.600      31.800      27.600      12.600      21.000      10.800      30.600    1200.000       7.200      13.200      25.200       6.000      11.400
36      32.400       6.600      20.400      18.600      35.400      15.000      12.000      19.200       6.000      33.600      34.800      34.200      25.800      16.800      36.000      15.600      22.800      19.200      20.400      20.400      19.800      26.400      30.000      35.400      15.600      15.600      19.800       9.000       6.600      16.800      19.800      18.000      33.000      11.400      27.000       7.200    1200.000      16.800      16.800      21.600      35.400
37      25.800      15.000      19.200      12.000      15.000       7.200      33.000      10.800      29.400      14.400      13.200      16.200      17.400      34.200      10.800      25.200      22.800      13.200       6.000      16.800      25.800      33.000      12.600       6.600      17.400       7.800      31.200      33.600      14.400      36.000      21.000      15.000       6.000      13.200      24.000      13.200      16.800    1200.000       9.000       7.800      32.400
38      13.200      18.600       7.800      32.400      12.600      31.200      36.000      19.200      10.200      10.800      23.400      30.000      24.600      32.400      11.400       7.200      32.400      25.800      27.600      25.800      23.400      25.200      25.200      26.400      31.800       9.000      21.000      13.800      32.400      30.000      12.000      27.000      32.400      34.200      11.400      25.200      16.800       9.000    1200.000      10.200      22.800
39      40.800      25.800       6.000      21.600      30.000      33.000      17.400      22.200      28.200      14.400      30.600      21.000      31.200      15.600      32.400      33.600      25.200      13.200       6.000      35.400      12.600      21.000      13.800      27.600      29.400      31.200       6.600      12.000      28.200       9.600       9.600      21.600      27.600      28.200      22.800       6.000      21.600       7.800      10.200    1200.000      24.600
40      29.400      24.600       9.000      11.400      32.400      24.000      25.200      36.000       6.000      12.000      19.200       9.600      16.200      28.800      17.400      32.400      31.200      19.200      31.200      30.000      33.600      30.000      25.200      33.600      36.000      29.400      36.000      11.400      35.400      20.400      12.000      18.600      34.800      31.200      25.800      11.400      35.400      32.400      22.800      24.600    1200.000

GAMS 48.1.0  612569ae Oct 14, 2024          WEX-WEI x86 64bit/MS Windows - 12/30/24 21:36:17 Page 4
G e n e r a l   A l g e b r a i c   M o d e l i n g   S y s t e m
Equation Listing    SOLVE TSP Using MIP From line 94


---- OF  =E=  Distance minimization (objective function)

OF..  - 1000*x(0,0) - 15.5*x(0,1) - 19.5*x(0,2) - 26*x(0,3) - 26*x(0,4) - 27.5*x(0,5) - 35*x(0,6) - 32*x(0,7) - 13*x(0,8) - 22.5*x(0,9) - 13*x(0,10) - 19.5*x(0,11) - 10.5*x(0,12) - 14.5*x(0,13) - 26.5*x(0,14) - 34*x(0,15) - 15.5*x(0,16) - 12.5*x(0,17) - 15*x(0,18) - 20.5*x(0,19) - 10*x(0,20) - 33*x(0,21) - 26*x(0,22) - 20.5*x(0,23) - 23.5*x(0,24) - 23.5*x(0,25) - 11*x(0,26) - 34.5*x(0,27) - 18*x(0,28) - 21*x(0,29) - 16.5*x(0,30) - 18*x(0,31) - 19.5*x(0,32) - 13*x(0,33) - 24.5*x(0,34) - 31*x(0,35) - 27*x(0,36) - 21.5*x(0,37) - 11*x(0,38) - 34*x(0,39) - 24.5*x(0,40) - 15.5*x(1,0) - 1000*x(1,1) - 15.5*x(1,2) - 11*x(1,3) - 30*x(1,4) - 8.5*x(1,5) - 23.5*x(1,6) - 7*x(1,7) - 18*x(1,8) - 22.5*x(1,9) - 22*x(1,10) - 7.5*x(1,11) - 10*x(1,12) - 12*x(1,13) - 13*x(1,14) - 8*x(1,15) - 26.5*x(1,16) - 18.5*x(1,17) - 22.5*x(1,18) - 9*x(1,19) - 7.5*x(1,20) - 12.5*x(1,21) - 6*x(1,22) - 29.5*x(1,23) - 12*x(1,24) - 9.5*x(1,25) - 26.5*x(1,26) - 21*x(1,27) - 21.5*x(1,28) - 25*x(1,29) - 17.5*x(1,30) - 20.5*x(1,31) - 19.5*x(1,32) - 23*x(1,33) - 18*x(1,34) - 24.5*x(1,35) - 5.5*x(1,36) - 12.5*x(1,37) - 15.5*x(1,38) - 21.5*x(1,39) - 20.5*x(1,40) - 19.5*x(2,0) - 15.5*x(2,1) - 1000*x(2,2) - 16*x(2,3) - 25.5*x(2,4) - 8*x(2,5) - 25.5*x(2,6) - 7.5*x(2,7) - 24.5*x(2,8) - 25.5*x(2,9) - 6.5*x(2,10) - 29*x(2,11) - 18*x(2,12) - 25*x(2,13) - 24*x(2,14) - 20*x(2,15) - 5.5*x(2,16) - 18.5*x(2,17) - 14*x(2,18) - 10.5*x(2,19) - 20*x(2,20) - 6*x(2,21) - 13*x(2,22) - 28*x(2,23) - 29.5*x(2,24) - 26.5*x(2,25) - 21.5*x(2,26) - 14*x(2,27) - 20*x(2,28) - 12.5*x(2,29) - 9*x(2,30) - 26.5*x(2,31) - 19.5*x(2,32) - 24*x(2,33) - 15*x(2,34) - 21.5*x(2,35) - 17*x(2,36) - 16*x(2,37) - 6.5*x(2,38) - 5*x(2,39) - 7.5*x(2,40) - 26*x(3,0) - 11*x(3,1) - 16*x(3,2) - 1000*x(3,3) - 25*x(3,4) - 9*x(3,5) - 18*x(3,6) - 23*x(3,7) - 24*x(3,8) - 17*x(3,9) - 6.5*x(3,10) - 24.5*x(3,11) - 20*x(3,12) - 13*x(3,13) - 8*x(3,14) - 19*x(3,15) - 25.5*x(3,16) - 5*x(3,17) - 7*x(3,18) - 18*x(3,19) - 14*x(3,20) - 17*x(3,21) - 12.5*x(3,22) - 8*x(3,23) - 30*x(3,24) - 29.5*x(3,25) - 17*x(3,26) - 28*x(3,27) - 5.5*x(3,28) - 11*x(3,29) - 21.5*x(3,30) - 19*x(3,31) - 10*x(3,32) - 9*x(3,33) - 22*x(3,34) - 30*x(3,35) - 15.5*x(3,36) - 10*x(3,37) - 27*x(3,38) - 18*x(3,39) - 9.5*x(3,40) - 26*x(4,0) - 30*x(4,1) - 25.5*x(4,2) - 25*x(4,3) - 1000*x(4,4) - 8*x(4,5) - 14*x(4,6) - 16*x(4,7) - 15.5*x(4,8) - 11*x(4,9) - 16.5*x(4,10) - 26*x(4,11) - 19*x(4,12) - 15.5*x(4,13) - 9.5*x(4,14) - 29.5*x(4,15) - 14*x(4,16) - 8*x(4,17) - 10.5*x(4,18) - 18*x(4,19) - 28.5*x(4,20) - 30*x(4,21) - 13*x(4,22) - 6.5*x(4,23) - 9.5*x(4,24) - 7.5*x(4,25) - 13*x(4,26) - 28*x(4,27) - 11.5*x(4,28) - 27*x(4,29) - 30*x(4,30) - 26.5*x(4,31) - 28.5*x(4,32) - 23*x(4,33) - 6*x(4,34) - 7*x(4,35) - 29.5*x(4,36) - 12.5*x(4,37) - 10.5*x(4,38) - 25*x(4,39) - 27*x(4,40) - 27.5*x(5,0) - 8.5*x(5,1) - 8*x(5,2) - 9*x(5,3) - 8*x(5,4) - 1000*x(5,5) - 17*x(5,6) - 21.5*x(5,7) - 20*x(5,8) - 23*x(5,9) - 27.5*x(5,10) - 27*x(5,11) - 17.5*x(5,12) - 14.5*x(5,13) - 6*x(5,14) - 8.5*x(5,15) - 21*x(5,16) - 7*x(5,17) - 6*x(5,18) - 14.5*x(5,19) - 9*x(5,20) - 29.5*x(5,21) - 9*x(5,22) - 25*x(5,23) - 28.5*x(5,24) - 13.5*x(5,25) - 28.5*x(5,26) - 15.5*x(5,27) - 14.5*x(5,28) - 29.5*x(5,29) - 23.5*x(5,30) - 22.5*x(5,31) - 24.5*x(5,32) - 27*x(5,33) - 22*x(5,34) - 27.5*x(5,35) - 12.5*x(5,36) - 6*x(5,37) - 26*x(5,38) - 27.5*x(5,39) - 20*x(5,40) - 35*x(6,0) - 23.5*x(6,1) - 25.5*x(6,2) - 18*x(6,3) - 14*x(6,4) - 17*x(6,5) - 1000*x(6,6) - 23.5*x(6,7) - 28*x(6,8) - 10*x(6,9) - 14.5*x(6,10) - 26*x(6,11) - 29*x(6,12) - 20.5*x(6,13) - 13.5*x(6,14) - 7.5*x(6,15) - 6.5*x(6,16) - 10*x(6,17) - 13*x(6,18) - 22.5*x(6,19) - 19*x(6,20) - 23.5*x(6,21) - 19*x(6,22) - 25*x(6,23) - 25*x(6,24) - 27*x(6,25) - 16*x(6,26) - 27*x(6,27) - 20*x(6,28) - 20*x(6,29) - 20*x(6,30) - 10.5*x(6,31) - 5*x(6,32) - 28*x(6,33) - 11.5*x(6,34) - 11.5*x(6,35) - 10*x(6,36) - 27.5*x(6,37) - 30*x(6,38) - 14.5*x(6,39) - 21*x(6,40) - 32*x(7,0) - 7*x(7,1) - 7.5*x(7,2) - 23*x(7,3) - 16*x(7,4) - 21.5*x(7,5) - 23.5*x(7,6) - 1000*x(7,7) - 14.5*x(7,8) - 20*x(7,9) - 12*x(7,10) - 26*x(7,11) - 16.5*x(7,12) - 29.5*x(7,13) - 24*x(7,14) - 6.5*x(7,15) - 24*x(7,16) - 17.5*x(7,17) - 9*x(7,18) - 14*x(7,19) - 7.5*x(7,20) - 14*x(7,21) - 10*x(7,22) - 16.5*x(7,23) - 20*x(7,24) - 27.5*x(7,25) - 23*x(7,26) - 10.5*x(7,27) - 27*x(7,28) - 12*x(7,29) - 11*x(7,30) - 9*x(7,31) - 29*x(7,32) - 5*x(7,33) - 11*x(7,34) - 14.5*x(7,35) - 16*x(7,36) - 9*x(7,37) - 16*x(7,38) - 18.5*x(7,39) - 30*x(7,40) - 13*x(8,0) - 18*x(8,1) - 24.5*x(8,2) - 24*x(8,3) - 15.5*x(8,4) - 20*x(8,5) - 28*x(8,6) - 14.5*x(8,7) - 1000*x(8,8) - 21.5*x(8,9) - 18.5*x(8,10) - 23.5*x(8,11) - 11.5*x(8,12) - 5*x(8,13) - 26.5*x(8,14) - 24*x(8,15) - 28.5*x(8,16) - 6.5*x(8,17) - 23*x(8,18) - 20.5*x(8,19) - 19*x(8,20) - 23*x(8,21) - 6.5*x(8,22) - 9.5*x(8,23) - 26*x(8,24) - 28*x(8,25) - 14.5*x(8,26) - 15.5*x(8,27) - 27.5*x(8,28) - 14.5*x(8,29) - 26.5*x(8,30) - 26*x(8,31) - 12.5*x(8,32) - 15*x(8,33) - 23.5*x(8,34) - 11*x(8,35) - 5*x(8,36) - 24.5*x(8,37) - 8.5*x(8,38) - 23.5*x(8,39) - 5*x(8,40) - 22.5*x(9,0) - 22.5*x(9,1) - 25.5*x(9,2) - 17*x(9,3) - 11*x(9,4) - 23*x(9,5) - 10*x(9,6) - 20*x(9,7) - 21.5*x(9,8) - 1000*x(9,9) - 24*x(9,10) - 22*x(9,11) - 16.5*x(9,12) - 6.5*x(9,13) - 6.5*x(9,14) - 20*x(9,15) - 21.5*x(9,16) - 27.5*x(9,17) - 30*x(9,18) - 7*x(9,19) - 28*x(9,20) - 12*x(9,21) - 19.5*x(9,22) - 11.5*x(9,23) - 22*x(9,24) - 16*x(9,25) - 11.5*x(9,26) - 27.5*x(9,27) - 12*x(9,28) - 5*x(9,29) - 10.5*x(9,30) - 9*x(9,31) - 6.5*x(9,32) - 14*x(9,33) - 10.5*x(9,34) - 13.5*x(9,35) - 28*x(9,36) - 12*x(9,37) - 9*x(9,38) - 12*x(9,39) - 10*x(9,40) - 13*x(10,0) - 22*x(10,1) - 6.5*x(10,2) - 6.5*x(10,3) - 16.5*x(10,4) - 27.5*x(10,5) - 14.5*x(10,6) - 12*x(10,7) - 18.5*x(10,8) - 24*x(10,9) - 1000*x(10,10) - 10*x(10,11) - 24.5*x(10,12) - 11.5*x(10,13) - 28*x(10,14) - 23*x(10,15) - 7*x(10,16) - 18*x(10,17) - 13.5*x(10,18) - 25.5*x(10,19) - 5*x(10,20) - 18*x(10,21) - 12*x(10,22) - 7*x(10,23) - 24*x(10,24) - 23.5*x(10,25) - 22.5*x(10,26) - 14.5*x(10,27) - 21.5*x(10,28) - 16.5*x(10,29) - 29*x(10,30) - 28.5*x(10,31) - 8.5*x(10,32) - 28.5*x(10,33) - 14*x(10,34) - 22.5*x(10,35) - 29*x(10,36) - 11*x(10,37) - 19.5*x(10,38) - 25.5*x(10,39) - 16*x(10,40) - 19.5*x(11,0) - 7.5*x(11,1) - 29*x(11,2) - 24.5*x(11,3) - 26*x(11,4) - 27*x(11,5) - 26*x(11,6) - 26*x(11,7) - 23.5*x(11,8) - 22*x(11,9) - 10*x(11,10) - 1000*x(11,11) - 29.5*x(11,12) - 24.5*x(11,13) - 7.5*x(11,14) - 22*x(11,15) - 13.5*x(11,16) - 17*x(11,17) - 22*x(11,18) - 11*x(11,19) - 7.5*x(11,20) - 16.5*x(11,21) - 24*x(11,22) - 13*x(11,23) - 8*x(11,24) - 20*x(11,25) - 8.5*x(11,26) - 26*x(11,27) - 16*x(11,28) - 9.5*x(11,29) - 27.5*x(11,30) - 10*x(11,31) - 5.5*x(11,32) - 27*x(11,33) - 9*x(11,34) - 8*x(11,35) - 28.5*x(11,36) - 13.5*x(11,37) - 25*x(11,38) - 17.5*x(11,39) - 8*x(11,40) - 10.5*x(12,0) - 10*x(12,1) - 18*x(12,2) - 20*x(12,3) - 19*x(12,4) - 17.5*x(12,5) - 29*x(12,6) - 16.5*x(12,7) - 11.5*x(12,8) - 16.5*x(12,9) - 24.5*x(12,10) - 29.5*x(12,11) - 1000*x(12,12) - 26*x(12,13) - 15*x(12,14) - 9.5*x(12,15) - 21*x(12,16) - 20.5*x(12,17) - 28*x(12,18) - 17.5*x(12,19) - 10.5*x(12,20) - 16*x(12,21) - 11*x(12,22) - 27*x(12,23) - 27*x(12,24) - 28.5*x(12,25) - 9*x(12,26) - 11.5*x(12,27) - 24*x(12,28) - 9*x(12,29) - 14.5*x(12,30) - 23*x(12,31) - 24*x(12,32) - 21.5*x(12,33) - 28*x(12,34) - 30*x(12,35) - 21.5*x(12,36) - 14.5*x(12,37) - 20.5*x(12,38) - 26*x(12,39) - 13.5*x(12,40) - 14.5*x(13,0) - 12*x(13,1) - 25*x(13,2) - 13*x(13,3) - 15.5*x(13,4) - 14.5*x(13,5) - 20.5*x(13,6) - 29.5*x(13,7) - 5*x(13,8) - 6.5*x(13,9) - 11.5*x(13,10) - 24.5*x(13,11) - 26*x(13,12) - 1000*x(13,13) - 15*x(13,14) - 5*x(13,15) - 23*x(13,16) - 11.5*x(13,17) - 22.5*x(13,18) - 19.5*x(13,19) - 12.5*x(13,20) - 20*x(13,21) - 20*x(13,22) - 21.5*x(13,23) - 25*x(13,24) - 24.5*x(13,25) - 7*x(13,26) - 14*x(13,27) - 18.5*x(13,28) - 20.5*x(13,29) - 12.5*x(13,30) - 30*x(13,31) - 13*x(13,32) - 14*x(13,33) - 21*x(13,34) - 8.5*x(13,35) - 14*x(13,36) - 28.5*x(13,37) - 27*x(13,38) - 13*x(13,39) - 24*x(13,40) - 26.5*x(14,0) - 13*x(14,1) - 24*x(14,2) - 8*x(14,3) - 9.5*x(14,4) - 6*x(14,5) - 13.5*x(14,6) - 24*x(14,7) - 26.5*x(14,8) - 6.5*x(14,9) - 28*x(14,10) - 7.5*x(14,11) - 15*x(14,12) - 15*x(14,13) - 1000*x(14,14) - 15*x(14,15) - 5.5*x(14,16) - 8*x(14,17) - 12*x(14,18) - 11.5*x(14,19) - 8.5*x(14,20) - 25.5*x(14,21) - 25.5*x(14,22) - 28*x(14,23) - 17.5*x(14,24) - 20*x(14,25) - 11.5*x(14,26) - 25*x(14,27) - 17*x(14,28) - 29.5*x(14,29) - 24*x(14,30) - 12*x(14,31) - 24.5*x(14,32) - 14*x(14,33) - 11*x(14,34) - 27.5*x(14,35) - 30*x(14,36) - 9*x(14,37) - 9.5*x(14,38) - 27*x(14,39) - 14.5*x(14,40) - 34*x(15,0) - 8*x(15,1) - 20*x(15,2) - 19*x(15,3) - 29.5*x(15,4) - 8.5*x(15,5) - 7.5*x(15,6) - 6.5*x(15,7) - 24*x(15,8) - 20*x(15,9) - 23*x(15,10) - 22*x(15,11) - 9.5*x(15,12) - 5*x(15,13) - 15*x(15,14) - 1000*x(15,15) - 26.5*x(15,16) - 12*x(15,17) - 12*x(15,18) - 26.5*x(15,19) - 21.5*x(15,20) - 23.5*x(15,21) - 12.5*x(15,22) - 16*x(15,23) - 14*x(15,24) - 14*x(15,25) - 11.5*x(15,26) - 9.5*x(15,27) - 30*x(15,28) - 23.5*x(15,29) - 18*x(15,30) - 18.5*x(15,31) - 10*x(15,32) - 17*x(15,33) - 12.5*x(15,34) - 10*x(15,35) - 13*x(15,36) - 21*x(15,37) - 6*x(15,38) - 28*x(15,39) - 27*x(15,40) - 15.5*x(16,0) - 26.5*x(16,1) - 5.5*x(16,2) - 25.5*x(16,3) - 14*x(16,4) - 21*x(16,5) - 6.5*x(16,6) - 24*x(16,7) - 28.5*x(16,8) - 21.5*x(16,9) - 7*x(16,10) - 13.5*x(16,11) - 21*x(16,12) - 23*x(16,13) - 5.5*x(16,14) - 26.5*x(16,15) - 1000*x(16,16) - 19*x(16,17) - 6*x(16,18) - 29*x(16,19) - 6.5*x(16,20) - 22*x(16,21) - 6.5*x(16,22) - 21*x(16,23) - 18.5*x(16,24) - 14.5*x(16,25) - 24*x(16,26) - 10*x(16,27) - 25*x(16,28) - 30*x(16,29) - 30*x(16,30) - 21.5*x(16,31) - 21.5*x(16,32) - 10.5*x(16,33) - 28*x(16,34) - 12.5*x(16,35) - 19*x(16,36) - 19*x(16,37) - 27*x(16,38) - 21*x(16,39) - 26*x(16,40) - 12.5*x(17,0) - 18.5*x(17,1) - 18.5*x(17,2) - 5*x(17,3) - 8*x(17,4) - 7*x(17,5) - 10*x(17,6) - 17.5*x(17,7) - 6.5*x(17,8) - 27.5*x(17,9) - 18*x(17,10) - 17*x(17,11) - 20.5*x(17,12) - 11.5*x(17,13) - 8*x(17,14) - 12*x(17,15) - 19*x(17,16) - 1000*x(17,17) - 23.5*x(17,18) - 18.5*x(17,19) - 12*x(17,20) - 22*x(17,21) - 7*x(17,22) - 19*x(17,23) - 7*x(17,24) - 22*x(17,25) - 10.5*x(17,26) - 15*x(17,27) - 23*x(17,28) - 30*x(17,29) - 8*x(17,30) - 7.5*x(17,31) - 16.5*x(17,32) - 25.5*x(17,33) - 7*x(17,34) - 5*x(17,35) - 16*x(17,36) - 11*x(17,37) - 21.5*x(17,38) - 11*x(17,39) - 16*x(17,40) - 15*x(18,0) - 22.5*x(18,1) - 14*x(18,2) - 7*x(18,3) - 10.5*x(18,4) - 6*x(18,5) - 13*x(18,6) - 9*x(18,7) - 23*x(18,8) - 30*x(18,9) - 13.5*x(18,10) - 22*x(18,11) - 28*x(18,12) - 22.5*x(18,13) - 12*x(18,14) - 12*x(18,15) - 6*x(18,16) - 23.5*x(18,17) - 1000*x(18,18) - 22*x(18,19) - 16.5*x(18,20) - 8.5*x(18,21) - 30*x(18,22) - 25*x(18,23) - 28.5*x(18,24) - 28*x(18,25) - 9*x(18,26) - 25.5*x(18,27) - 26.5*x(18,28) - 11.5*x(18,29) - 21*x(18,30) - 20.5*x(18,31) - 17*x(18,32) - 12*x(18,33) - 15.5*x(18,34) - 23.5*x(18,35) - 17*x(18,36) - 5*x(18,37) - 23*x(18,38) - 5*x(18,39) - 26*x(18,40) - 20.5*x(19,0) - 9*x(19,1) - 10.5*x(19,2) - 18*x(19,3) - 18*x(19,4) - 14.5*x(19,5) - 22.5*x(19,6) - 14*x(19,7) - 20.5*x(19,8) - 7*x(19,9) - 25.5*x(19,10) - 11*x(19,11) - 17.5*x(19,12) - 19.5*x(19,13) - 11.5*x(19,14) - 26.5*x(19,15) - 29*x(19,16) - 18.5*x(19,17) - 22*x(19,18) - 1000*x(19,19) - 7*x(19,20) - 25.5*x(19,21) - 9*x(19,22) - 6*x(19,23) - 24.5*x(19,24) - 21*x(19,25) - 21.5*x(19,26) - 23.5*x(19,27) - 19*x(19,28) - 17.5*x(19,29) - 20*x(19,30) - 12.5*x(19,31) - 5*x(19,32) - 19*x(19,33) - 12*x(19,34) - 10*x(19,35) - 17*x(19,36) - 14*x(19,37) - 21.5*x(19,38) - 29.5*x(19,39) - 25*x(19,40) - 10*x(20,0) - 7.5*x(20,1) - 20*x(20,2) - 14*x(20,3) - 28.5*x(20,4) - 9*x(20,5) - 19*x(20,6) - 7.5*x(20,7) - 19*x(20,8) - 28*x(20,9) - 5*x(20,10) - 7.5*x(20,11) - 10.5*x(20,12) - 12.5*x(20,13) - 8.5*x(20,14) - 21.5*x(20,15) - 6.5*x(20,16) - 12*x(20,17) - 16.5*x(20,18) - 7*x(20,19) - 1000*x(20,20) - 14.5*x(20,21) - 17.5*x(20,22) - 16.5*x(20,23) - 19.5*x(20,24) - 18*x(20,25) - 27*x(20,26) - 26*x(20,27) - 14*x(20,28) - 5*x(20,29) - 8*x(20,30) - 25.5*x(20,31) - 15.5*x(20,32) - 6.5*x(20,33) - 21.5*x(20,34) - 5.5*x(20,35) - 16.5*x(20,36) - 21.5*x(20,37) - 19.5*x(20,38) - 10.5*x(20,39) - 28*x(20,40) - 33*x(21,0) - 12.5*x(21,1) - 6*x(21,2) - 17*x(21,3) - 30*x(21,4) - 29.5*x(21,5) - 23.5*x(21,6) - 14*x(21,7) - 23*x(21,8) - 12*x(21,9) - 18*x(21,10) - 16.5*x(21,11) - 16*x(21,12) - 20*x(21,13) - 25.5*x(21,14) - 23.5*x(21,15) - 22*x(21,16) - 22*x(21,17) - 8.5*x(21,18) - 25.5*x(21,19) - 14.5*x(21,20) - 1000*x(21,21) - 18*x(21,22) - 7.5*x(21,23) - 29.5*x(21,24) - 27.5*x(21,25) - 22.5*x(21,26) - 26*x(21,27) - 7.5*x(21,28) - 18.5*x(21,29) - 10.5*x(21,30) - 8*x(21,31) - 5.5*x(21,32) - 11.5*x(21,33) - 23.5*x(21,34) - 20*x(21,35) - 22*x(21,36) - 27.5*x(21,37) - 21*x(21,38) - 17.5*x(21,39) - 25*x(21,40) - 26*x(22,0) - 6*x(22,1) - 13*x(22,2) - 12.5*x(22,3) - 13*x(22,4) - 9*x(22,5) - 19*x(22,6) - 10*x(22,7) - 6.5*x(22,8) - 19.5*x(22,9) - 12*x(22,10) - 24*x(22,11) - 11*x(22,12) - 20*x(22,13) - 25.5*x(22,14) - 12.5*x(22,15) - 6.5*x(22,16) - 7*x(22,17) - 30*x(22,18) - 9*x(22,19) - 17.5*x(22,20) - 18*x(22,21) - 1000*x(22,22) - 11*x(22,23) - 28.5*x(22,24) - 10*x(22,25) - 22*x(22,26) - 21.5*x(22,27) - 19.5*x(22,28) - 23*x(22,29) - 18*x(22,30) - 29.5*x(22,31) - 6*x(22,32) - 28.5*x(22,33) - 30*x(22,34) - 6.5*x(22,35) - 25*x(22,36) - 10.5*x(22,37) - 21*x(22,38) - 11.5*x(22,39) - 21*x(22,40) - 20.5*x(23,0) - 29.5*x(23,1) - 28*x(23,2) - 8*x(23,3) - 6.5*x(23,4) - 25*x(23,5) - 25*x(23,6) - 16.5*x(23,7) - 9.5*x(23,8) - 11.5*x(23,9) - 7*x(23,10) - 13*x(23,11) - 27*x(23,12) - 21.5*x(23,13) - 28*x(23,14) - 16*x(23,15) - 21*x(23,16) - 19*x(23,17) - 25*x(23,18) - 6*x(23,19) - 16.5*x(23,20) - 7.5*x(23,21) - 11*x(23,22) - 1000*x(23,23) - 23*x(23,24) - 18*x(23,25) - 13.5*x(23,26) - 29.5*x(23,27) - 14*x(23,28) - 6*x(23,29) - 17*x(23,30) - 21*x(23,31) - 19.5*x(23,32) - 27*x(23,33) - 25*x(23,34) - 5*x(23,35) - 29.5*x(23,36) - 5.5*x(23,37) - 22*x(23,38) - 23*x(23,39) - 28*x(23,40) - 23.5*x(24,0) - 12*x(24,1) - 29.5*x(24,2) - 30*x(24,3) - 9.5*x(24,4) - 28.5*x(24,5) - 25*x(24,6) - 20*x(24,7) - 26*x(24,8) - 22*x(24,9) - 24*x(24,10) - 8*x(24,11) - 27*x(24,12) - 25*x(24,13) - 17.5*x(24,14) - 14*x(24,15) - 18.5*x(24,16) - 7*x(24,17) - 28.5*x(24,18) - 24.5*x(24,19) - 19.5*x(24,20) - 29.5*x(24,21) - 28.5*x(24,22) - 23*x(24,23) - 1000*x(24,24) - 19.5*x(24,25) - 18.5*x(24,26) - 16.5*x(24,27) - 24.5*x(24,28) - 29*x(24,29) - 12*x(24,30) - 23*x(24,31) - 18.5*x(24,32) - 27.5*x(24,33) - 21.5*x(24,34) - 23*x(24,35) - 13*x(24,36) - 14.5*x(24,37) - 26.5*x(24,38) - 24.5*x(24,39) - 30*x(24,40) - 23.5*x(25,0) - 9.5*x(25,1) - 26.5*x(25,2) - 29.5*x(25,3) - 7.5*x(25,4) - 13.5*x(25,5) - 27*x(25,6) - 27.5*x(25,7) - 28*x(25,8) - 16*x(25,9) - 23.5*x(25,10) - 20*x(25,11) - 28.5*x(25,12) - 24.5*x(25,13) - 20*x(25,14) - 14*x(25,15) - 14.5*x(25,16) - 22*x(25,17) - 28*x(25,18) - 21*x(25,19) - 18*x(25,20) - 27.5*x(25,21) - 10*x(25,22) - 18*x(25,23) - 19.5*x(25,24) - 1000*x(25,25) - 20.5*x(25,26) - 23.5*x(25,27) - 24*x(25,28) - 19.5*x(25,29) - 27*x(25,30) - 12.5*x(25,31) - 30*x(25,32) - 6*x(25,33) - 25*x(25,34) - 28.5*x(25,35) - 13*x(25,36) - 6.5*x(25,37) - 7.5*x(25,38) - 26*x(25,39) - 24.5*x(25,40) - 11*x(26,0) - 26.5*x(26,1) - 21.5*x(26,2) - 17*x(26,3) - 13*x(26,4) - 28.5*x(26,5) - 16*x(26,6) - 23*x(26,7) - 14.5*x(26,8) - 11.5*x(26,9) - 22.5*x(26,10) - 8.5*x(26,11) - 9*x(26,12) - 7*x(26,13) - 11.5*x(26,14) - 11.5*x(26,15) - 24*x(26,16) - 10.5*x(26,17) - 9*x(26,18) - 21.5*x(26,19) - 27*x(26,20) - 22.5*x(26,21) - 22*x(26,22) - 13.5*x(26,23) - 18.5*x(26,24) - 20.5*x(26,25) - 1000*x(26,26) - 25*x(26,27) - 18.5*x(26,28) - 17.5*x(26,29) - 25.5*x(26,30) - 7*x(26,31) - 8.5*x(26,32) - 28*x(26,33) - 18*x(26,34) - 13.5*x(26,35) - 16.5*x(26,36) - 26*x(26,37) - 17.5*x(26,38) - 5.5*x(26,39) - 30*x(26,40) - 34.5*x(27,0) - 21*x(27,1) - 14*x(27,2) - 28*x(27,3) - 28*x(27,4) - 15.5*x(27,5) - 27*x(27,6) - 10.5*x(27,7) - 15.5*x(27,8) - 27.5*x(27,9) - 14.5*x(27,10) - 26*x(27,11) - 11.5*x(27,12) - 14*x(27,13) - 25*x(27,14) - 9.5*x(27,15) - 10*x(27,16) - 15*x(27,17) - 25.5*x(27,18) - 23.5*x(27,19) - 26*x(27,20) - 26*x(27,21) - 21.5*x(27,22) - 29.5*x(27,23) - 16.5*x(27,24) - 23.5*x(27,25) - 25*x(27,26) - 1000*x(27,27) - 19.5*x(27,28) - 22.5*x(27,29) - 23*x(27,30) - 24.5*x(27,31) - 15.5*x(27,32) - 14.5*x(27,33) - 30*x(27,34) - 26.5*x(27,35) - 7.5*x(27,36) - 28*x(27,37) - 11.5*x(27,38) - 10*x(27,39) - 9.5*x(27,40) - 18*x(28,0) - 21.5*x(28,1) - 20*x(28,2) - 5.5*x(28,3) - 11.5*x(28,4) - 14.5*x(28,5) - 20*x(28,6) - 27*x(28,7) - 27.5*x(28,8) - 12*x(28,9) - 21.5*x(28,10) - 16*x(28,11) - 24*x(28,12) - 18.5*x(28,13) - 17*x(28,14) - 30*x(28,15) - 25*x(28,16) - 23*x(28,17) - 26.5*x(28,18) - 19*x(28,19) - 14*x(28,20) - 7.5*x(28,21) - 19.5*x(28,22) - 14*x(28,23) - 24.5*x(28,24) - 24*x(28,25) - 18.5*x(28,26) - 19.5*x(28,27) - 1000*x(28,28) - 14*x(28,29) - 23.5*x(28,30) - 10.5*x(28,31) - 8.5*x(28,32) - 18.5*x(28,33) - 8.5*x(28,34) - 23*x(28,35) - 5.5*x(28,36) - 12*x(28,37) - 27*x(28,38) - 23.5*x(28,39) - 29.5*x(28,40) - 21*x(29,0) - 25*x(29,1) - 12.5*x(29,2) - 11*x(29,3) - 27*x(29,4) - 29.5*x(29,5) - 20*x(29,6) - 12*x(29,7) - 14.5*x(29,8) - 5*x(29,9) - 16.5*x(29,10) - 9.5*x(29,11) - 9*x(29,12) - 20.5*x(29,13) - 29.5*x(29,14) - 23.5*x(29,15) - 30*x(29,16) - 30*x(29,17) - 11.5*x(29,18) - 17.5*x(29,19) - 5*x(29,20) - 18.5*x(29,21) - 23*x(29,22) - 6*x(29,23) - 29*x(29,24) - 19.5*x(29,25) - 17.5*x(29,26) - 22.5*x(29,27) - 14*x(29,28) - 1000*x(29,29) - 14*x(29,30) - 21*x(29,31) - 13*x(29,32) - 21.5*x(29,33) - 26*x(29,34) - 26.5*x(29,35) - 14*x(29,36) - 30*x(29,37) - 25*x(29,38) - 8*x(29,39) - 17*x(29,40) - 16.5*x(30,0) - 17.5*x(30,1) - 9*x(30,2) - 21.5*x(30,3) - 30*x(30,4) - 23.5*x(30,5) - 20*x(30,6) - 11*x(30,7) - 26.5*x(30,8) - 10.5*x(30,9) - 29*x(30,10) - 27.5*x(30,11) - 14.5*x(30,12) - 12.5*x(30,13) - 24*x(30,14) - 18*x(30,15) - 30*x(30,16) - 8*x(30,17) - 21*x(30,18) - 20*x(30,19) - 8*x(30,20) - 10.5*x(30,21) - 18*x(30,22) - 17*x(30,23) - 12*x(30,24) - 27*x(30,25) - 25.5*x(30,26) - 23*x(30,27) - 23.5*x(30,28) - 14*x(30,29) - 1000*x(30,30) - 5.5*x(30,31) - 12*x(30,32) - 22*x(30,33) - 24*x(30,34) - 23*x(30,35) - 16.5*x(30,36) - 17.5*x(30,37) - 10*x(30,38) - 8*x(30,39) - 10*x(30,40) - 18*x(31,0) - 20.5*x(31,1) - 26.5*x(31,2) - 19*x(31,3) - 26.5*x(31,4) - 22.5*x(31,5) - 10.5*x(31,6) - 9*x(31,7) - 26*x(31,8) - 9*x(31,9) - 28.5*x(31,10) - 10*x(31,11) - 23*x(31,12) - 30*x(31,13) - 12*x(31,14) - 18.5*x(31,15) - 21.5*x(31,16) - 7.5*x(31,17) - 20.5*x(31,18) - 12.5*x(31,19) - 25.5*x(31,20) - 8*x(31,21) - 29.5*x(31,22) - 21*x(31,23) - 23*x(31,24) - 12.5*x(31,25) - 7*x(31,26) - 24.5*x(31,27) - 10.5*x(31,28) - 21*x(31,29) - 5.5*x(31,30) - 1000*x(31,31) - 17.5*x(31,32) - 25.5*x(31,33) - 22.5*x(31,34) - 10.5*x(31,35) - 15*x(31,36) - 12.5*x(31,37) - 22.5*x(31,38) - 18*x(31,39) - 15.5*x(31,40) - 19.5*x(32,0) - 19.5*x(32,1) - 19.5*x(32,2) - 10*x(32,3) - 28.5*x(32,4) - 24.5*x(32,5) - 5*x(32,6) - 29*x(32,7) - 12.5*x(32,8) - 6.5*x(32,9) - 8.5*x(32,10) - 5.5*x(32,11) - 24*x(32,12) - 13*x(32,13) - 24.5*x(32,14) - 10*x(32,15) - 21.5*x(32,16) - 16.5*x(32,17) - 17*x(32,18) - 5*x(32,19) - 15.5*x(32,20) - 5.5*x(32,21) - 6*x(32,22) - 19.5*x(32,23) - 18.5*x(32,24) - 30*x(32,25) - 8.5*x(32,26) - 15.5*x(32,27) - 8.5*x(32,28) - 13*x(32,29) - 12*x(32,30) - 17.5*x(32,31) - 1000*x(32,32) - 30*x(32,33) - 16.5*x(32,34) - 17.5*x(32,35) - 27.5*x(32,36) - 5*x(32,37) - 27*x(32,38) - 23*x(32,39) - 29*x(32,40) - 13*x(33,0) - 23*x(33,1) - 24*x(33,2) - 9*x(33,3) - 23*x(33,4) - 27*x(33,5) - 28*x(33,6) - 5*x(33,7) - 15*x(33,8) - 14*x(33,9) - 28.5*x(33,10) - 27*x(33,11) - 21.5*x(33,12) - 14*x(33,13) - 14*x(33,14) - 17*x(33,15) - 10.5*x(33,16) - 25.5*x(33,17) - 12*x(33,18) - 19*x(33,19) - 6.5*x(33,20) - 11.5*x(33,21) - 28.5*x(33,22) - 27*x(33,23) - 27.5*x(33,24) - 6*x(33,25) - 28*x(33,26) - 14.5*x(33,27) - 18.5*x(33,28) - 21.5*x(33,29) - 22*x(33,30) - 25.5*x(33,31) - 30*x(33,32) - 1000*x(33,33) - 23*x(33,34) - 9*x(33,35) - 9.5*x(33,36) - 11*x(33,37) - 28.5*x(33,38) - 23.5*x(33,39) - 26*x(33,40) - 24.5*x(34,0) - 18*x(34,1) - 15*x(34,2) - 22*x(34,3) - 6*x(34,4) - 22*x(34,5) - 11.5*x(34,6) - 11*x(34,7) - 23.5*x(34,8) - 10.5*x(34,9) - 14*x(34,10) - 9*x(34,11) - 28*x(34,12) - 21*x(34,13) - 11*x(34,14) - 12.5*x(34,15) - 28*x(34,16) - 7*x(34,17) - 15.5*x(34,18) - 12*x(34,19) - 21.5*x(34,20) - 23.5*x(34,21) - 30*x(34,22) - 25*x(34,23) - 21.5*x(34,24) - 25*x(34,25) - 18*x(34,26) - 30*x(34,27) - 8.5*x(34,28) - 26*x(34,29) - 24*x(34,30) - 22.5*x(34,31) - 16.5*x(34,32) - 23*x(34,33) - 1000*x(34,34) - 25.5*x(34,35) - 22.5*x(34,36) - 20*x(34,37) - 9.5*x(34,38) - 19*x(34,39) - 21.5*x(34,40) - 31*x(35,0) - 24.5*x(35,1) - 21.5*x(35,2) - 30*x(35,3) - 7*x(35,4) - 27.5*x(35,5) - 11.5*x(35,6) - 14.5*x(35,7) - 11*x(35,8) - 13.5*x(35,9) - 22.5*x(35,10) - 8*x(35,11) - 30*x(35,12) - 8.5*x(35,13) - 27.5*x(35,14) - 10*x(35,15) - 12.5*x(35,16) - 5*x(35,17) - 23.5*x(35,18) - 10*x(35,19) - 5.5*x(35,20) - 20*x(35,21) - 6.5*x(35,22) - 5*x(35,23) - 23*x(35,24) - 28.5*x(35,25) - 13.5*x(35,26) - 26.5*x(35,27) - 23*x(35,28) - 26.5*x(35,29) - 23*x(35,30) - 10.5*x(35,31) - 17.5*x(35,32) - 9*x(35,33) - 25.5*x(35,34) - 1000*x(35,35) - 6*x(35,36) - 11*x(35,37) - 21*x(35,38) - 5*x(35,39) - 9.5*x(35,40) - 27*x(36,0) - 5.5*x(36,1) - 17*x(36,2) - 15.5*x(36,3) - 29.5*x(36,4) - 12.5*x(36,5) - 10*x(36,6) - 16*x(36,7) - 5*x(36,8) - 28*x(36,9) - 29*x(36,10) - 28.5*x(36,11) - 21.5*x(36,12) - 14*x(36,13) - 30*x(36,14) - 13*x(36,15) - 19*x(36,16) - 16*x(36,17) - 17*x(36,18) - 17*x(36,19) - 16.5*x(36,20) - 22*x(36,21) - 25*x(36,22) - 29.5*x(36,23) - 13*x(36,24) - 13*x(36,25) - 16.5*x(36,26) - 7.5*x(36,27) - 5.5*x(36,28) - 14*x(36,29) - 16.5*x(36,30) - 15*x(36,31) - 27.5*x(36,32) - 9.5*x(36,33) - 22.5*x(36,34) - 6*x(36,35) - 1000*x(36,36) - 14*x(36,37) - 14*x(36,38) - 18*x(36,39) - 29.5*x(36,40) - 21.5*x(37,0) - 12.5*x(37,1) - 16*x(37,2) - 10*x(37,3) - 12.5*x(37,4) - 6*x(37,5) - 27.5*x(37,6) - 9*x(37,7) - 24.5*x(37,8) - 12*x(37,9) - 11*x(37,10) - 13.5*x(37,11) - 14.5*x(37,12) - 28.5*x(37,13) - 9*x(37,14) - 21*x(37,15) - 19*x(37,16) - 11*x(37,17) - 5*x(37,18) - 14*x(37,19) - 21.5*x(37,20) - 27.5*x(37,21) - 10.5*x(37,22) - 5.5*x(37,23) - 14.5*x(37,24) - 6.5*x(37,25) - 26*x(37,26) - 28*x(37,27) - 12*x(37,28) - 30*x(37,29) - 17.5*x(37,30) - 12.5*x(37,31) - 5*x(37,32) - 11*x(37,33) - 20*x(37,34) - 11*x(37,35) - 14*x(37,36) - 1000*x(37,37) - 7.5*x(37,38) - 6.5*x(37,39) - 27*x(37,40) - 11*x(38,0) - 15.5*x(38,1) - 6.5*x(38,2) - 27*x(38,3) - 10.5*x(38,4) - 26*x(38,5) - 30*x(38,6) - 16*x(38,7) - 8.5*x(38,8) - 9*x(38,9) - 19.5*x(38,10) - 25*x(38,11) - 20.5*x(38,12) - 27*x(38,13) - 9.5*x(38,14) - 6*x(38,15) - 27*x(38,16) - 21.5*x(38,17) - 23*x(38,18) - 21.5*x(38,19) - 19.5*x(38,20) - 21*x(38,21) - 21*x(38,22) - 22*x(38,23) - 26.5*x(38,24) - 7.5*x(38,25) - 17.5*x(38,26) - 11.5*x(38,27) - 27*x(38,28) - 25*x(38,29) - 10*x(38,30) - 22.5*x(38,31) - 27*x(38,32) - 28.5*x(38,33) - 9.5*x(38,34) - 21*x(38,35) - 14*x(38,36) - 7.5*x(38,37) - 1000*x(38,38) - 8.5*x(38,39) - 19*x(38,40) - 34*x(39,0) - 21.5*x(39,1) - 5*x(39,2) - 18*x(39,3) - 25*x(39,4) - 27.5*x(39,5) - 14.5*x(39,6) - 18.5*x(39,7) - 23.5*x(39,8) - 12*x(39,9) - 25.5*x(39,10) - 17.5*x(39,11) - 26*x(39,12) - 13*x(39,13) - 27*x(39,14) - 28*x(39,15) - 21*x(39,16) - 11*x(39,17) - 5*x(39,18) - 29.5*x(39,19) - 10.5*x(39,20) - 17.5*x(39,21) - 11.5*x(39,22) - 23*x(39,23) - 24.5*x(39,24) - 26*x(39,25) - 5.5*x(39,26) - 10*x(39,27) - 23.5*x(39,28) - 8*x(39,29) - 8*x(39,30) - 18*x(39,31) - 23*x(39,32) - 23.5*x(39,33) - 19*x(39,34) - 5*x(39,35) - 18*x(39,36) - 6.5*x(39,37) - 8.5*x(39,38) - 1000*x(39,39) - 20.5*x(39,40) - 24.5*x(40,0) - 20.5*x(40,1) - 7.5*x(40,2) - 9.5*x(40,3) - 27*x(40,4) - 20*x(40,5) - 21*x(40,6) - 30*x(40,7) - 5*x(40,8) - 10*x(40,9) - 16*x(40,10) - 8*x(40,11) - 13.5*x(40,12) - 24*x(40,13) - 14.5*x(40,14) - 27*x(40,15) - 26*x(40,16) - 16*x(40,17) - 26*x(40,18) - 25*x(40,19) - 28*x(40,20) - 25*x(40,21) - 21*x(40,22) - 28*x(40,23) - 30*x(40,24) - 24.5*x(40,25) - 30*x(40,26) - 9.5*x(40,27) - 29.5*x(40,28) - 17*x(40,29) - 10*x(40,30) - 15.5*x(40,31) - 29*x(40,32) - 26*x(40,33) - 21.5*x(40,34) - 9.5*x(40,35) - 29.5*x(40,36) - 27*x(40,37) - 19*x(40,38) - 20.5*x(40,39) - 1000*x(40,40) + F =E= 0 ; (LHS = 0)
     

---- nb1  =E=  every node has only one predecessor node

nb1(0)..  x(0,0) + x(1,0) + x(2,0) + x(3,0) + x(4,0) + x(5,0) + x(6,0) + x(7,0) + x(8,0) + x(9,0) + x(10,0) + x(11,0) + x(12,0) + x(13,0) + x(14,0) + x(15,0) + x(16,0) + x(17,0) + x(18,0) + x(19,0) + x(20,0) + x(21,0) + x(22,0) + x(23,0) + x(24,0) + x(25,0) + x(26,0) + x(27,0) + x(28,0) + x(29,0) + x(30,0) + x(31,0) + x(32,0) + x(33,0) + x(34,0) + x(35,0) + x(36,0) + x(37,0) + x(38,0) + x(39,0) + x(40,0) =E= 1 ; (LHS = 0, INFES = 1 ****)
     
nb1(1)..  x(0,1) + x(1,1) + x(2,1) + x(3,1) + x(4,1) + x(5,1) + x(6,1) + x(7,1) + x(8,1) + x(9,1) + x(10,1) + x(11,1) + x(12,1) + x(13,1) + x(14,1) + x(15,1) + x(16,1) + x(17,1) + x(18,1) + x(19,1) + x(20,1) + x(21,1) + x(22,1) + x(23,1) + x(24,1) + x(25,1) + x(26,1) + x(27,1) + x(28,1) + x(29,1) + x(30,1) + x(31,1) + x(32,1) + x(33,1) + x(34,1) + x(35,1) + x(36,1) + x(37,1) + x(38,1) + x(39,1) + x(40,1) =E= 1 ; (LHS = 0, INFES = 1 ****)
     
nb1(2)..  x(0,2) + x(1,2) + x(2,2) + x(3,2) + x(4,2) + x(5,2) + x(6,2) + x(7,2) + x(8,2) + x(9,2) + x(10,2) + x(11,2) + x(12,2) + x(13,2) + x(14,2) + x(15,2) + x(16,2) + x(17,2) + x(18,2) + x(19,2) + x(20,2) + x(21,2) + x(22,2) + x(23,2) + x(24,2) + x(25,2) + x(26,2) + x(27,2) + x(28,2) + x(29,2) + x(30,2) + x(31,2) + x(32,2) + x(33,2) + x(34,2) + x(35,2) + x(36,2) + x(37,2) + x(38,2) + x(39,2) + x(40,2) =E= 1 ; (LHS = 0, INFES = 1 ****)
     
REMAINING 38 ENTRIES SKIPPED


---- nb2  =E=  every node has only one successor node

nb2(0)..  x(0,0) + x(0,1) + x(0,2) + x(0,3) + x(0,4) + x(0,5) + x(0,6) + x(0,7) + x(0,8) + x(0,9) + x(0,10) + x(0,11) + x(0,12) + x(0,13) + x(0,14) + x(0,15) + x(0,16) + x(0,17) + x(0,18) + x(0,19) + x(0,20) + x(0,21) + x(0,22) + x(0,23) + x(0,24) + x(0,25) + x(0,26) + x(0,27) + x(0,28) + x(0,29) + x(0,30) + x(0,31) + x(0,32) + x(0,33) + x(0,34) + x(0,35) + x(0,36) + x(0,37) + x(0,38) + x(0,39) + x(0,40) =E= 1 ; (LHS = 0, INFES = 1 ****)
     
nb2(1)..  x(1,0) + x(1,1) + x(1,2) + x(1,3) + x(1,4) + x(1,5) + x(1,6) + x(1,7) + x(1,8) + x(1,9) + x(1,10) + x(1,11) + x(1,12) + x(1,13) + x(1,14) + x(1,15) + x(1,16) + x(1,17) + x(1,18) + x(1,19) + x(1,20) + x(1,21) + x(1,22) + x(1,23) + x(1,24) + x(1,25) + x(1,26) + x(1,27) + x(1,28) + x(1,29) + x(1,30) + x(1,31) + x(1,32) + x(1,33) + x(1,34) + x(1,35) + x(1,36) + x(1,37) + x(1,38) + x(1,39) + x(1,40) =E= 1 ; (LHS = 0, INFES = 1 ****)
     
nb2(2)..  x(2,0) + x(2,1) + x(2,2) + x(2,3) + x(2,4) + x(2,5) + x(2,6) + x(2,7) + x(2,8) + x(2,9) + x(2,10) + x(2,11) + x(2,12) + x(2,13) + x(2,14) + x(2,15) + x(2,16) + x(2,17) + x(2,18) + x(2,19) + x(2,20) + x(2,21) + x(2,22) + x(2,23) + x(2,24) + x(2,25) + x(2,26) + x(2,27) + x(2,28) + x(2,29) + x(2,30) + x(2,31) + x(2,32) + x(2,33) + x(2,34) + x(2,35) + x(2,36) + x(2,37) + x(2,38) + x(2,39) + x(2,40) =E= 1 ; (LHS = 0, INFES = 1 ****)
     
REMAINING 38 ENTRIES SKIPPED


---- nb3  =L=  Subtour elimination constraint

nb3(1,2)..  40*x(1,2) + u(1) - u(2) =L= 39 ; (LHS = 0)
     
nb3(1,3)..  40*x(1,3) + u(1) - u(3) =L= 39 ; (LHS = 0)
     
nb3(1,4)..  40*x(1,4) + u(1) - u(4) =L= 39 ; (LHS = 0)
     
REMAINING 1557 ENTRIES SKIPPED


---- tw1  =L=  Arrival time is within the time window

tw1(0)..  - z(0) =L= 0 ; (LHS = 0)
     
tw1(1)..  - z(1) =L= -387 ; (LHS = 0, INFES = 387 ****)
     
tw1(2)..  - z(2) =L= -768 ; (LHS = 0, INFES = 768 ****)
     
REMAINING 38 ENTRIES SKIPPED


---- tw2  =L=  Arrival time is within the time window

tw2(0)..  z(0) =L= 1440 ; (LHS = 0)
     
tw2(1)..  z(1) =L= 627 ; (LHS = 0)
     
tw2(2)..  z(2) =L= 1008 ; (LHS = 0)
     
REMAINING 38 ENTRIES SKIPPED


---- Time  =L=  Arrival time calculation

Time(1,1)..  10000*x(1,1) =L= 8798 ; (LHS = 0)
     
Time(1,2)..  10000*x(1,2) + z(1) - z(2) =L= 9979.4 ; (LHS = 0)
     
Time(1,3)..  10000*x(1,3) + z(1) - z(3) =L= 9984.8 ; (LHS = 0)
     
REMAINING 1597 ENTRIES SKIPPED

GAMS 48.1.0  612569ae Oct 14, 2024          WEX-WEI x86 64bit/MS Windows - 12/30/24 21:36:17 Page 5
G e n e r a l   A l g e b r a i c   M o d e l i n g   S y s t e m
Column Listing      SOLVE TSP Using MIP From line 94


---- x  1 if traveling from i to j, 0 otherwise

x(0,0)
                (.LO, .L, .UP, .M = 0, 0, 1, 0)
    -1000       OF
        1       nb1(0)
        1       nb2(0)

x(0,1)
                (.LO, .L, .UP, .M = 0, 0, 1, 0)
      -15.5     OF
        1       nb1(1)
        1       nb2(0)

x(0,2)
                (.LO, .L, .UP, .M = 0, 0, 1, 0)
      -19.5     OF
        1       nb1(2)
        1       nb2(0)

REMAINING 1678 ENTRIES SKIPPED

---- u  Position of node i in the tour

u(1)
                (.LO, .L, .UP, .M = 0, 0, +INF, 0)
        1       nb3(1,2)
        1       nb3(1,3)
        1       nb3(1,4)
        1       nb3(1,5)
        1       nb3(1,6)
        1       nb3(1,7)
        1       nb3(1,8)
        1       nb3(1,9)
        1       nb3(1,10)
        1       nb3(1,11)
        1       nb3(1,12)
        1       nb3(1,13)
        1       nb3(1,14)
        1       nb3(1,15)
        1       nb3(1,16)
        1       nb3(1,17)
        1       nb3(1,18)
        1       nb3(1,19)
        1       nb3(1,20)
        1       nb3(1,21)
        1       nb3(1,22)
        1       nb3(1,23)
        1       nb3(1,24)
        1       nb3(1,25)
        1       nb3(1,26)
        1       nb3(1,27)
        1       nb3(1,28)
        1       nb3(1,29)
        1       nb3(1,30)
        1       nb3(1,31)
        1       nb3(1,32)
        1       nb3(1,33)
        1       nb3(1,34)
        1       nb3(1,35)
        1       nb3(1,36)
        1       nb3(1,37)
        1       nb3(1,38)
        1       nb3(1,39)
        1       nb3(1,40)
       -1       nb3(2,1)
       -1       nb3(3,1)
       -1       nb3(4,1)
       -1       nb3(5,1)
       -1       nb3(6,1)
       -1       nb3(7,1)
       -1       nb3(8,1)
       -1       nb3(9,1)
       -1       nb3(10,1)
       -1       nb3(11,1)
       -1       nb3(12,1)
       -1       nb3(13,1)
       -1       nb3(14,1)
       -1       nb3(15,1)
       -1       nb3(16,1)
       -1       nb3(17,1)
       -1       nb3(18,1)
       -1       nb3(19,1)
       -1       nb3(20,1)
       -1       nb3(21,1)
       -1       nb3(22,1)
       -1       nb3(23,1)
       -1       nb3(24,1)
       -1       nb3(25,1)
       -1       nb3(26,1)
       -1       nb3(27,1)
       -1       nb3(28,1)
       -1       nb3(29,1)
       -1       nb3(30,1)
       -1       nb3(31,1)
       -1       nb3(32,1)
       -1       nb3(33,1)
       -1       nb3(34,1)
       -1       nb3(35,1)
       -1       nb3(36,1)
       -1       nb3(37,1)
       -1       nb3(38,1)
       -1       nb3(39,1)
       -1       nb3(40,1)

u(2)
                (.LO, .L, .UP, .M = 0, 0, +INF, 0)
       -1       nb3(1,2)
        1       nb3(2,1)
        1       nb3(2,3)
        1       nb3(2,4)
        1       nb3(2,5)
        1       nb3(2,6)
        1       nb3(2,7)
        1       nb3(2,8)
        1       nb3(2,9)
        1       nb3(2,10)
        1       nb3(2,11)
        1       nb3(2,12)
        1       nb3(2,13)
        1       nb3(2,14)
        1       nb3(2,15)
        1       nb3(2,16)
        1       nb3(2,17)
        1       nb3(2,18)
        1       nb3(2,19)
        1       nb3(2,20)
        1       nb3(2,21)
        1       nb3(2,22)
        1       nb3(2,23)
        1       nb3(2,24)
        1       nb3(2,25)
        1       nb3(2,26)
        1       nb3(2,27)
        1       nb3(2,28)
        1       nb3(2,29)
        1       nb3(2,30)
        1       nb3(2,31)
        1       nb3(2,32)
        1       nb3(2,33)
        1       nb3(2,34)
        1       nb3(2,35)
        1       nb3(2,36)
        1       nb3(2,37)
        1       nb3(2,38)
        1       nb3(2,39)
        1       nb3(2,40)
       -1       nb3(3,2)
       -1       nb3(4,2)
       -1       nb3(5,2)
       -1       nb3(6,2)
       -1       nb3(7,2)
       -1       nb3(8,2)
       -1       nb3(9,2)
       -1       nb3(10,2)
       -1       nb3(11,2)
       -1       nb3(12,2)
       -1       nb3(13,2)
       -1       nb3(14,2)
       -1       nb3(15,2)
       -1       nb3(16,2)
       -1       nb3(17,2)
       -1       nb3(18,2)
       -1       nb3(19,2)
       -1       nb3(20,2)
       -1       nb3(21,2)
       -1       nb3(22,2)
       -1       nb3(23,2)
       -1       nb3(24,2)
       -1       nb3(25,2)
       -1       nb3(26,2)
       -1       nb3(27,2)
       -1       nb3(28,2)
       -1       nb3(29,2)
       -1       nb3(30,2)
       -1       nb3(31,2)
       -1       nb3(32,2)
       -1       nb3(33,2)
       -1       nb3(34,2)
       -1       nb3(35,2)
       -1       nb3(36,2)
       -1       nb3(37,2)
       -1       nb3(38,2)
       -1       nb3(39,2)
       -1       nb3(40,2)

u(3)
                (.LO, .L, .UP, .M = 0, 0, +INF, 0)
       -1       nb3(1,3)
       -1       nb3(2,3)
        1       nb3(3,1)
        1       nb3(3,2)
        1       nb3(3,4)
        1       nb3(3,5)
        1       nb3(3,6)
        1       nb3(3,7)
        1       nb3(3,8)
        1       nb3(3,9)
        1       nb3(3,10)
        1       nb3(3,11)
        1       nb3(3,12)
        1       nb3(3,13)
        1       nb3(3,14)
        1       nb3(3,15)
        1       nb3(3,16)
        1       nb3(3,17)
        1       nb3(3,18)
        1       nb3(3,19)
        1       nb3(3,20)
        1       nb3(3,21)
        1       nb3(3,22)
        1       nb3(3,23)
        1       nb3(3,24)
        1       nb3(3,25)
        1       nb3(3,26)
        1       nb3(3,27)
        1       nb3(3,28)
        1       nb3(3,29)
        1       nb3(3,30)
        1       nb3(3,31)
        1       nb3(3,32)
        1       nb3(3,33)
        1       nb3(3,34)
        1       nb3(3,35)
        1       nb3(3,36)
        1       nb3(3,37)
        1       nb3(3,38)
        1       nb3(3,39)
        1       nb3(3,40)
       -1       nb3(4,3)
       -1       nb3(5,3)
       -1       nb3(6,3)
       -1       nb3(7,3)
       -1       nb3(8,3)
       -1       nb3(9,3)
       -1       nb3(10,3)
       -1       nb3(11,3)
       -1       nb3(12,3)
       -1       nb3(13,3)
       -1       nb3(14,3)
       -1       nb3(15,3)
       -1       nb3(16,3)
       -1       nb3(17,3)
       -1       nb3(18,3)
       -1       nb3(19,3)
       -1       nb3(20,3)
       -1       nb3(21,3)
       -1       nb3(22,3)
       -1       nb3(23,3)
       -1       nb3(24,3)
       -1       nb3(25,3)
       -1       nb3(26,3)
       -1       nb3(27,3)
       -1       nb3(28,3)
       -1       nb3(29,3)
       -1       nb3(30,3)
       -1       nb3(31,3)
       -1       nb3(32,3)
       -1       nb3(33,3)
       -1       nb3(34,3)
       -1       nb3(35,3)
       -1       nb3(36,3)
       -1       nb3(37,3)
       -1       nb3(38,3)
       -1       nb3(39,3)
       -1       nb3(40,3)

REMAINING 37 ENTRIES SKIPPED

---- z  Arrival time at node i

z(0)
                (.LO, .L, .UP, .M = 0, 0, +INF, 0)
       -1       tw1(0)
        1       tw2(0)

z(1)
                (.LO, .L, .UP, .M = 0, 0, +INF, 0)
       -1       tw1(1)
        1       tw2(1)
        1       Time(1,2)
        1       Time(1,3)
        1       Time(1,4)
        1       Time(1,5)
        1       Time(1,6)
        1       Time(1,7)
        1       Time(1,8)
        1       Time(1,9)
        1       Time(1,10)
        1       Time(1,11)
        1       Time(1,12)
        1       Time(1,13)
        1       Time(1,14)
        1       Time(1,15)
        1       Time(1,16)
        1       Time(1,17)
        1       Time(1,18)
        1       Time(1,19)
        1       Time(1,20)
        1       Time(1,21)
        1       Time(1,22)
        1       Time(1,23)
        1       Time(1,24)
        1       Time(1,25)
        1       Time(1,26)
        1       Time(1,27)
        1       Time(1,28)
        1       Time(1,29)
        1       Time(1,30)
        1       Time(1,31)
        1       Time(1,32)
        1       Time(1,33)
        1       Time(1,34)
        1       Time(1,35)
        1       Time(1,36)
        1       Time(1,37)
        1       Time(1,38)
        1       Time(1,39)
        1       Time(1,40)
       -1       Time(2,1)
       -1       Time(3,1)
       -1       Time(4,1)
       -1       Time(5,1)
       -1       Time(6,1)
       -1       Time(7,1)
       -1       Time(8,1)
       -1       Time(9,1)
       -1       Time(10,1)
       -1       Time(11,1)
       -1       Time(12,1)
       -1       Time(13,1)
       -1       Time(14,1)
       -1       Time(15,1)
       -1       Time(16,1)
       -1       Time(17,1)
       -1       Time(18,1)
       -1       Time(19,1)
       -1       Time(20,1)
       -1       Time(21,1)
       -1       Time(22,1)
       -1       Time(23,1)
       -1       Time(24,1)
       -1       Time(25,1)
       -1       Time(26,1)
       -1       Time(27,1)
       -1       Time(28,1)
       -1       Time(29,1)
       -1       Time(30,1)
       -1       Time(31,1)
       -1       Time(32,1)
       -1       Time(33,1)
       -1       Time(34,1)
       -1       Time(35,1)
       -1       Time(36,1)
       -1       Time(37,1)
       -1       Time(38,1)
       -1       Time(39,1)
       -1       Time(40,1)

z(2)
                (.LO, .L, .UP, .M = 0, 0, +INF, 0)
       -1       tw1(2)
        1       tw2(2)
       -1       Time(1,2)
        1       Time(2,1)
        1       Time(2,3)
        1       Time(2,4)
        1       Time(2,5)
        1       Time(2,6)
        1       Time(2,7)
        1       Time(2,8)
        1       Time(2,9)
        1       Time(2,10)
        1       Time(2,11)
        1       Time(2,12)
        1       Time(2,13)
        1       Time(2,14)
        1       Time(2,15)
        1       Time(2,16)
        1       Time(2,17)
        1       Time(2,18)
        1       Time(2,19)
        1       Time(2,20)
        1       Time(2,21)
        1       Time(2,22)
        1       Time(2,23)
        1       Time(2,24)
        1       Time(2,25)
        1       Time(2,26)
        1       Time(2,27)
        1       Time(2,28)
        1       Time(2,29)
        1       Time(2,30)
        1       Time(2,31)
        1       Time(2,32)
        1       Time(2,33)
        1       Time(2,34)
        1       Time(2,35)
        1       Time(2,36)
        1       Time(2,37)
        1       Time(2,38)
        1       Time(2,39)
        1       Time(2,40)
       -1       Time(3,2)
       -1       Time(4,2)
       -1       Time(5,2)
       -1       Time(6,2)
       -1       Time(7,2)
       -1       Time(8,2)
       -1       Time(9,2)
       -1       Time(10,2)
       -1       Time(11,2)
       -1       Time(12,2)
       -1       Time(13,2)
       -1       Time(14,2)
       -1       Time(15,2)
       -1       Time(16,2)
       -1       Time(17,2)
       -1       Time(18,2)
       -1       Time(19,2)
       -1       Time(20,2)
       -1       Time(21,2)
       -1       Time(22,2)
       -1       Time(23,2)
       -1       Time(24,2)
       -1       Time(25,2)
       -1       Time(26,2)
       -1       Time(27,2)
       -1       Time(28,2)
       -1       Time(29,2)
       -1       Time(30,2)
       -1       Time(31,2)
       -1       Time(32,2)
       -1       Time(33,2)
       -1       Time(34,2)
       -1       Time(35,2)
       -1       Time(36,2)
       -1       Time(37,2)
       -1       Time(38,2)
       -1       Time(39,2)
       -1       Time(40,2)

REMAINING 38 ENTRIES SKIPPED

---- F  

F
                (.LO, .L, .UP, .M = -INF, 0, +INF, 0)
        1       OF

GAMS 48.1.0  612569ae Oct 14, 2024          WEX-WEI x86 64bit/MS Windows - 12/30/24 21:36:17 Page 6
G e n e r a l   A l g e b r a i c   M o d e l i n g   S y s t e m
Range Statistics    SOLVE TSP Using MIP From line 94


RANGE STATISTICS (ABSOLUTE NON-ZERO FINITE VALUES)

RHS       [min, max] : [ 1.000E+00, 9.993E+03] - Zero values observed as well
Bound     [min, max] : [ 1.000E+00, 1.000E+00] - Zero values observed as well
Matrix    [min, max] : [ 1.000E+00, 1.000E+04]

GAMS 48.1.0  612569ae Oct 14, 2024          WEX-WEI x86 64bit/MS Windows - 12/30/24 21:36:17 Page 7
G e n e r a l   A l g e b r a i c   M o d e l i n g   S y s t e m
Model Statistics    SOLVE TSP Using MIP From line 94


MODEL STATISTICS

BLOCKS OF EQUATIONS           7     SINGLE EQUATIONS        3,325
BLOCKS OF VARIABLES           4     SINGLE VARIABLES        1,763
NON ZERO ELEMENTS        14,526     DISCRETE VARIABLES      1,681


GENERATION TIME      =        0.125 SECONDS      5 MB  48.1.0 612569ae WEX-WEI
GAMS 48.1.0  612569ae Oct 14, 2024          WEX-WEI x86 64bit/MS Windows - 12/30/24 21:36:17 Page 8
G e n e r a l   A l g e b r a i c   M o d e l i n g   S y s t e m
Solution Report     SOLVE TSP Using MIP From line 94


               S O L V E      S U M M A R Y

     MODEL   TSP                 OBJECTIVE  F
     TYPE    MIP                 DIRECTION  MINIMIZE
     SOLVER  CPLEX               FROM LINE  94

**** SOLVER STATUS     1 Normal Completion
**** MODEL STATUS      1 Optimal
**** OBJECTIVE VALUE              331.0000

 RESOURCE USAGE, LIMIT       9373.766 10000000000.000
 ITERATION COUNT, LIMIT  18977850    2147483647
*** This solver runs with a community license. No commercial use.
--- GMO setup time: 0.00s
--- Space for names approximately 0.09 Mb
--- Use option 'names no' to turn use of names off
--- GMO memory 1.58 Mb (peak 1.59 Mb)
--- Dictionary memory 0.00 Mb
--- Cplex 22.1.1.0 link memory 0.07 Mb (peak 0.34 Mb)
--- Starting Cplex


--- MIP status (101): integer optimal solution.
--- Cplex Time: 9373.23sec (det. 854896.67 ticks)

--- Returning a primal only solution to GAMS (marginals all set to NA).
--- Fixing integer variables and solving final LP...


--- Fixed MIP status (1): optimal.
--- Cplex Time: 0.38sec (det. 5.41 ticks)


Proven optimal solution
MIP Solution:          331.000000    (1.89778e+07 iterations, 482741 nodes)
Final Solve:           331.000000    (39 iterations)

Best possible:         331.000000
Absolute gap:            0.000000
Relative gap:            0.000000


                           LOWER          LEVEL          UPPER         MARGINAL

---- EQU OF                  .              .              .             1.0000      

  OF  Distance minimization (objective function)

---- EQU nb1  every node has only one predecessor node

          LOWER          LEVEL          UPPER         MARGINAL

0          1.0000         1.0000         1.0000          .          
1          1.0000         1.0000         1.0000          .          
2          1.0000         1.0000         1.0000          .          
3          1.0000         1.0000         1.0000          .          
4          1.0000         1.0000         1.0000          .          
5          1.0000         1.0000         1.0000          .          
6          1.0000         1.0000         1.0000          .          
7          1.0000         1.0000         1.0000          .          
8          1.0000         1.0000         1.0000          .          
9          1.0000         1.0000         1.0000          .          
10         1.0000         1.0000         1.0000          .          
11         1.0000         1.0000         1.0000          .          
12         1.0000         1.0000         1.0000          .          
13         1.0000         1.0000         1.0000          .          
14         1.0000         1.0000         1.0000          .          
15         1.0000         1.0000         1.0000          .          
16         1.0000         1.0000         1.0000          .          
17         1.0000         1.0000         1.0000          .          
18         1.0000         1.0000         1.0000          .          
19         1.0000         1.0000         1.0000          .          
20         1.0000         1.0000         1.0000          .          
21         1.0000         1.0000         1.0000          .          
22         1.0000         1.0000         1.0000          .          
23         1.0000         1.0000         1.0000          .          
24         1.0000         1.0000         1.0000          .          
25         1.0000         1.0000         1.0000          .          
26         1.0000         1.0000         1.0000          .          
27         1.0000         1.0000         1.0000          .          
28         1.0000         1.0000         1.0000          .          
29         1.0000         1.0000         1.0000          .          
30         1.0000         1.0000         1.0000          .          
31         1.0000         1.0000         1.0000          .          
32         1.0000         1.0000         1.0000          .          
33         1.0000         1.0000         1.0000          .          
34         1.0000         1.0000         1.0000          .          
35         1.0000         1.0000         1.0000          .          
36         1.0000         1.0000         1.0000          .          
37         1.0000         1.0000         1.0000          .          
38         1.0000         1.0000         1.0000          .          
39         1.0000         1.0000         1.0000          .          
40         1.0000         1.0000         1.0000          .          

---- EQU nb2  every node has only one successor node

          LOWER          LEVEL          UPPER         MARGINAL

0          1.0000         1.0000         1.0000          .          
1          1.0000         1.0000         1.0000          .          
2          1.0000         1.0000         1.0000          .          
3          1.0000         1.0000         1.0000          .          
4          1.0000         1.0000         1.0000          .          
5          1.0000         1.0000         1.0000          .          
6          1.0000         1.0000         1.0000          .          
7          1.0000         1.0000         1.0000          .          
8          1.0000         1.0000         1.0000          .          
9          1.0000         1.0000         1.0000          .          
10         1.0000         1.0000         1.0000          .          
11         1.0000         1.0000         1.0000          .          
12         1.0000         1.0000         1.0000          .          
13         1.0000         1.0000         1.0000          .          
14         1.0000         1.0000         1.0000          .          
15         1.0000         1.0000         1.0000          .          
16         1.0000         1.0000         1.0000          .          
17         1.0000         1.0000         1.0000          .          
18         1.0000         1.0000         1.0000          .          
19         1.0000         1.0000         1.0000          .          
20         1.0000         1.0000         1.0000          .          
21         1.0000         1.0000         1.0000          .          
22         1.0000         1.0000         1.0000          .          
23         1.0000         1.0000         1.0000          .          
24         1.0000         1.0000         1.0000          .          
25         1.0000         1.0000         1.0000          .          
26         1.0000         1.0000         1.0000          .          
27         1.0000         1.0000         1.0000          .          
28         1.0000         1.0000         1.0000          .          
29         1.0000         1.0000         1.0000          .          
30         1.0000         1.0000         1.0000          .          
31         1.0000         1.0000         1.0000          .          
32         1.0000         1.0000         1.0000          .          
33         1.0000         1.0000         1.0000          .          
34         1.0000         1.0000         1.0000          .          
35         1.0000         1.0000         1.0000          .          
36         1.0000         1.0000         1.0000          .          
37         1.0000         1.0000         1.0000          .          
38         1.0000         1.0000         1.0000          .          
39         1.0000         1.0000         1.0000          .          
40         1.0000         1.0000         1.0000          .          

---- EQU nb3  Subtour elimination constraint

             LOWER          LEVEL          UPPER         MARGINAL

1 .2         -INF          -12.0000        39.0000          .          
1 .3         -INF           12.0000        39.0000          .          
1 .4         -INF            6.0000        39.0000          .          
1 .5         -INF           -8.0000        39.0000          .          
1 .6         -INF           14.0000        39.0000          .          
1 .7         -INF          -11.0000        39.0000          .          
1 .8         -INF           19.0000        39.0000          .          
1 .9         -INF            2.0000        39.0000          .          
1 .10        -INF          -13.0000        39.0000          .          
1 .11        -INF            4.0000        39.0000          .          
1 .12        -INF          -19.0000        39.0000          .          
1 .13        -INF            1.0000        39.0000          .          
1 .14        -INF           -9.0000        39.0000          .          
1 .15        -INF          -18.0000        39.0000          .          
1 .16        -INF           15.0000        39.0000          .          
1 .17        -INF           13.0000        39.0000          .          
1 .18        -INF           16.0000        39.0000          .          
1 .19        -INF           -2.0000        39.0000          .          
1 .20        -INF           -3.0000        39.0000          .          
1 .21        -INF           -5.0000        39.0000          .          
1 .22        -INF           39.0000        39.0000         EPS         
1 .23        -INF          -14.0000        39.0000          .          
1 .24        -INF            5.0000        39.0000          .          
1 .25        -INF            7.0000        39.0000          .          
1 .26        -INF          -20.0000        39.0000          .          
1 .27        -INF          -17.0000        39.0000          .          
1 .28        -INF           11.0000        39.0000          .          
1 .29        -INF            3.0000        39.0000          .          
1 .30        -INF            9.0000        39.0000          .          
1 .31        -INF           10.0000        39.0000          .          
1 .32        -INF           -6.0000        39.0000          .          
1 .33        -INF           -4.0000        39.0000          .          
1 .34        -INF          -10.0000        39.0000          .          
1 .35        -INF          -15.0000        39.0000          .          
1 .36        -INF          -16.0000        39.0000          .          
1 .37        -INF           -7.0000        39.0000          .          
1 .38        -INF            8.0000        39.0000          .          
1 .39        -INF           17.0000        39.0000          .          
1 .40        -INF           18.0000        39.0000          .          
2 .1         -INF           12.0000        39.0000          .          
2 .3         -INF           24.0000        39.0000          .          
2 .4         -INF           18.0000        39.0000          .          
2 .5         -INF            4.0000        39.0000          .          
2 .6         -INF           26.0000        39.0000          .          
2 .7         -INF            1.0000        39.0000          .          
2 .8         -INF           31.0000        39.0000          .          
2 .9         -INF           14.0000        39.0000          .          
2 .10        -INF           39.0000        39.0000         EPS         
2 .11        -INF           16.0000        39.0000          .          
2 .12        -INF           -7.0000        39.0000          .          
2 .13        -INF           13.0000        39.0000          .          
2 .14        -INF            3.0000        39.0000          .          
2 .15        -INF           -6.0000        39.0000          .          
2 .16        -INF           27.0000        39.0000          .          
2 .17        -INF           25.0000        39.0000          .          
2 .18        -INF           28.0000        39.0000          .          
2 .19        -INF           10.0000        39.0000          .          
2 .20        -INF            9.0000        39.0000          .          
2 .21        -INF            7.0000        39.0000          .          
2 .22        -INF           11.0000        39.0000          .          
2 .23        -INF           -2.0000        39.0000          .          
2 .24        -INF           17.0000        39.0000          .          
2 .25        -INF           19.0000        39.0000          .          
2 .26        -INF           -8.0000        39.0000          .          
2 .27        -INF           -5.0000        39.0000          .          
2 .28        -INF           23.0000        39.0000          .          
2 .29        -INF           15.0000        39.0000          .          
2 .30        -INF           21.0000        39.0000          .          
2 .31        -INF           22.0000        39.0000          .          
2 .32        -INF            6.0000        39.0000          .          
2 .33        -INF            8.0000        39.0000          .          
2 .34        -INF            2.0000        39.0000          .          
2 .35        -INF           -3.0000        39.0000          .          
2 .36        -INF           -4.0000        39.0000          .          
2 .37        -INF            5.0000        39.0000          .          
2 .38        -INF           20.0000        39.0000          .          
2 .39        -INF           29.0000        39.0000          .          
2 .40        -INF           30.0000        39.0000          .          
3 .1         -INF          -12.0000        39.0000          .          
3 .2         -INF          -24.0000        39.0000          .          
3 .4         -INF           -6.0000        39.0000          .          
3 .5         -INF          -20.0000        39.0000          .          
3 .6         -INF            2.0000        39.0000          .          
3 .7         -INF          -23.0000        39.0000          .          
3 .8         -INF            7.0000        39.0000          .          
3 .9         -INF          -10.0000        39.0000          .          
3 .10        -INF          -25.0000        39.0000          .          
3 .11        -INF           -8.0000        39.0000          .          
3 .12        -INF          -31.0000        39.0000          .          
3 .13        -INF          -11.0000        39.0000          .          
3 .14        -INF          -21.0000        39.0000          .          
3 .15        -INF          -30.0000        39.0000          .          
3 .16        -INF            3.0000        39.0000          .          
3 .17        -INF            1.0000        39.0000          .          
3 .18        -INF            4.0000        39.0000          .          
3 .19        -INF          -14.0000        39.0000          .          
3 .20        -INF          -15.0000        39.0000          .          
3 .21        -INF          -17.0000        39.0000          .          
3 .22        -INF          -13.0000        39.0000          .          
3 .23        -INF          -26.0000        39.0000          .          
3 .24        -INF           -7.0000        39.0000          .          
3 .25        -INF           -5.0000        39.0000          .          
3 .26        -INF          -32.0000        39.0000          .          
3 .27        -INF          -29.0000        39.0000          .          
3 .28        -INF           39.0000        39.0000         EPS         
3 .29        -INF           -9.0000        39.0000          .          
3 .30        -INF           -3.0000        39.0000          .          
3 .31        -INF           -2.0000        39.0000          .          
3 .32        -INF          -18.0000        39.0000          .          
3 .33        -INF          -16.0000        39.0000          .          
3 .34        -INF          -22.0000        39.0000          .          
3 .35        -INF          -27.0000        39.0000          .          
3 .36        -INF          -28.0000        39.0000          .          
3 .37        -INF          -19.0000        39.0000          .          
3 .38        -INF           -4.0000        39.0000          .          
3 .39        -INF            5.0000        39.0000          .          
3 .40        -INF            6.0000        39.0000          .          
4 .1         -INF           -6.0000        39.0000          .          
4 .2         -INF          -18.0000        39.0000          .          
4 .3         -INF            6.0000        39.0000          .          
4 .5         -INF          -14.0000        39.0000          .          
4 .6         -INF            8.0000        39.0000          .          
4 .7         -INF          -17.0000        39.0000          .          
4 .8         -INF           13.0000        39.0000          .          
4 .9         -INF           -4.0000        39.0000          .          
4 .10        -INF          -19.0000        39.0000          .          
4 .11        -INF           -2.0000        39.0000          .          
4 .12        -INF          -25.0000        39.0000          .          
4 .13        -INF           -5.0000        39.0000          .          
4 .14        -INF          -15.0000        39.0000          .          
4 .15        -INF          -24.0000        39.0000          .          
4 .16        -INF            9.0000        39.0000          .          
4 .17        -INF            7.0000        39.0000          .          
4 .18        -INF           10.0000        39.0000          .          
4 .19        -INF           -8.0000        39.0000          .          
4 .20        -INF           -9.0000        39.0000          .          
4 .21        -INF          -11.0000        39.0000          .          
4 .22        -INF           -7.0000        39.0000          .          
4 .23        -INF          -20.0000        39.0000          .          
4 .24        -INF           39.0000        39.0000         EPS         
4 .25        -INF            1.0000        39.0000          .          
4 .26        -INF          -26.0000        39.0000          .          
4 .27        -INF          -23.0000        39.0000          .          
4 .28        -INF            5.0000        39.0000          .          
4 .29        -INF           -3.0000        39.0000          .          
4 .30        -INF            3.0000        39.0000          .          
4 .31        -INF            4.0000        39.0000          .          
4 .32        -INF          -12.0000        39.0000          .          
4 .33        -INF          -10.0000        39.0000          .          
4 .34        -INF          -16.0000        39.0000          .          
4 .35        -INF          -21.0000        39.0000          .          
4 .36        -INF          -22.0000        39.0000          .          
4 .37        -INF          -13.0000        39.0000          .          
4 .38        -INF            2.0000        39.0000          .          
4 .39        -INF           11.0000        39.0000          .          
4 .40        -INF           12.0000        39.0000          .          
5 .1         -INF            8.0000        39.0000          .          
5 .2         -INF           -4.0000        39.0000          .          
5 .3         -INF           20.0000        39.0000          .          
5 .4         -INF           14.0000        39.0000          .          
5 .6         -INF           22.0000        39.0000          .          
5 .7         -INF           -3.0000        39.0000          .          
5 .8         -INF           27.0000        39.0000          .          
5 .9         -INF           10.0000        39.0000          .          
5 .10        -INF           -5.0000        39.0000          .          
5 .11        -INF           12.0000        39.0000          .          
5 .12        -INF          -11.0000        39.0000          .          
5 .13        -INF            9.0000        39.0000          .          
5 .14        -INF           39.0000        39.0000         EPS         
5 .15        -INF          -10.0000        39.0000          .          
5 .16        -INF           23.0000        39.0000          .          
5 .17        -INF           21.0000        39.0000          .          
5 .18        -INF           24.0000        39.0000          .          
5 .19        -INF            6.0000        39.0000          .          
5 .20        -INF            5.0000        39.0000          .          
5 .21        -INF            3.0000        39.0000          .          
5 .22        -INF            7.0000        39.0000          .          
5 .23        -INF           -6.0000        39.0000          .          
5 .24        -INF           13.0000        39.0000          .          
5 .25        -INF           15.0000        39.0000          .          
5 .26        -INF          -12.0000        39.0000          .          
5 .27        -INF           -9.0000        39.0000          .          
5 .28        -INF           19.0000        39.0000          .          
5 .29        -INF           11.0000        39.0000          .          
5 .30        -INF           17.0000        39.0000          .          
5 .31        -INF           18.0000        39.0000          .          
5 .32        -INF            2.0000        39.0000          .          
5 .33        -INF            4.0000        39.0000          .          
5 .34        -INF           -2.0000        39.0000          .          
5 .35        -INF           -7.0000        39.0000          .          
5 .36        -INF           -8.0000        39.0000          .          
5 .37        -INF            1.0000        39.0000          .          
5 .38        -INF           16.0000        39.0000          .          
5 .39        -INF           25.0000        39.0000          .          
5 .40        -INF           26.0000        39.0000          .          
6 .1         -INF          -14.0000        39.0000          .          
6 .2         -INF          -26.0000        39.0000          .          
6 .3         -INF           -2.0000        39.0000          .          
6 .4         -INF           -8.0000        39.0000          .          
6 .5         -INF          -22.0000        39.0000          .          
6 .7         -INF          -25.0000        39.0000          .          
6 .8         -INF            5.0000        39.0000          .          
6 .9         -INF          -12.0000        39.0000          .          
6 .10        -INF          -27.0000        39.0000          .          
6 .11        -INF          -10.0000        39.0000          .          
6 .12        -INF          -33.0000        39.0000          .          
6 .13        -INF          -13.0000        39.0000          .          
6 .14        -INF          -23.0000        39.0000          .          
6 .15        -INF          -32.0000        39.0000          .          
6 .16        -INF            1.0000        39.0000          .          
6 .17        -INF           39.0000        39.0000         EPS         
6 .18        -INF            2.0000        39.0000          .          
6 .19        -INF          -16.0000        39.0000          .          
6 .20        -INF          -17.0000        39.0000          .          
6 .21        -INF          -19.0000        39.0000          .          
6 .22        -INF          -15.0000        39.0000          .          
6 .23        -INF          -28.0000        39.0000          .          
6 .24        -INF           -9.0000        39.0000          .          
6 .25        -INF           -7.0000        39.0000          .          
6 .26        -INF          -34.0000        39.0000          .          
6 .27        -INF          -31.0000        39.0000          .          
6 .28        -INF           -3.0000        39.0000          .          
6 .29        -INF          -11.0000        39.0000          .          
6 .30        -INF           -5.0000        39.0000          .          
6 .31        -INF           -4.0000        39.0000          .          
6 .32        -INF          -20.0000        39.0000          .          
6 .33        -INF          -18.0000        39.0000          .          
6 .34        -INF          -24.0000        39.0000          .          
6 .35        -INF          -29.0000        39.0000          .          
6 .36        -INF          -30.0000        39.0000          .          
6 .37        -INF          -21.0000        39.0000          .          
6 .38        -INF           -6.0000        39.0000          .          
6 .39        -INF            3.0000        39.0000          .          
6 .40        -INF            4.0000        39.0000          .          
7 .1         -INF           11.0000        39.0000          .          
7 .2         -INF           39.0000        39.0000         EPS         
7 .3         -INF           23.0000        39.0000          .          
7 .4         -INF           17.0000        39.0000          .          
7 .5         -INF            3.0000        39.0000          .          
7 .6         -INF           25.0000        39.0000          .          
7 .8         -INF           30.0000        39.0000          .          
7 .9         -INF           13.0000        39.0000          .          
7 .10        -INF           -2.0000        39.0000          .          
7 .11        -INF           15.0000        39.0000          .          
7 .12        -INF           -8.0000        39.0000          .          
7 .13        -INF           12.0000        39.0000          .          
7 .14        -INF            2.0000        39.0000          .          
7 .15        -INF           -7.0000        39.0000          .          
7 .16        -INF           26.0000        39.0000          .          
7 .17        -INF           24.0000        39.0000          .          
7 .18        -INF           27.0000        39.0000          .          
7 .19        -INF            9.0000        39.0000          .          
7 .20        -INF            8.0000        39.0000          .          
7 .21        -INF            6.0000        39.0000          .          
7 .22        -INF           10.0000        39.0000          .          
7 .23        -INF           -3.0000        39.0000          .          
7 .24        -INF           16.0000        39.0000          .          
7 .25        -INF           18.0000        39.0000          .          
7 .26        -INF           -9.0000        39.0000          .          
7 .27        -INF           -6.0000        39.0000          .          
7 .28        -INF           22.0000        39.0000          .          
7 .29        -INF           14.0000        39.0000          .          
7 .30        -INF           20.0000        39.0000          .          
7 .31        -INF           21.0000        39.0000          .          
7 .32        -INF            5.0000        39.0000          .          
7 .33        -INF            7.0000        39.0000          .          
7 .34        -INF            1.0000        39.0000          .          
7 .35        -INF           -4.0000        39.0000          .          
7 .36        -INF           -5.0000        39.0000          .          
7 .37        -INF            4.0000        39.0000          .          
7 .38        -INF           19.0000        39.0000          .          
7 .39        -INF           28.0000        39.0000          .          
7 .40        -INF           29.0000        39.0000          .          
8 .1         -INF          -19.0000        39.0000          .          
8 .2         -INF          -31.0000        39.0000          .          
8 .3         -INF           -7.0000        39.0000          .          
8 .4         -INF          -13.0000        39.0000          .          
8 .5         -INF          -27.0000        39.0000          .          
8 .6         -INF           -5.0000        39.0000          .          
8 .7         -INF          -30.0000        39.0000          .          
8 .9         -INF          -17.0000        39.0000          .          
8 .10        -INF          -32.0000        39.0000          .          
8 .11        -INF          -15.0000        39.0000          .          
8 .12        -INF          -38.0000        39.0000          .          
8 .13        -INF          -18.0000        39.0000          .          
8 .14        -INF          -28.0000        39.0000          .          
8 .15        -INF          -37.0000        39.0000          .          
8 .16        -INF           -4.0000        39.0000          .          
8 .17        -INF           -6.0000        39.0000          .          
8 .18        -INF           -3.0000        39.0000          .          
8 .19        -INF          -21.0000        39.0000          .          
8 .20        -INF          -22.0000        39.0000          .          
8 .21        -INF          -24.0000        39.0000          .          
8 .22        -INF          -20.0000        39.0000          .          
8 .23        -INF          -33.0000        39.0000          .          
8 .24        -INF          -14.0000        39.0000          .          
8 .25        -INF          -12.0000        39.0000          .          
8 .26        -INF          -39.0000        39.0000          .          
8 .27        -INF          -36.0000        39.0000          .          
8 .28        -INF           -8.0000        39.0000          .          
8 .29        -INF          -16.0000        39.0000          .          
8 .30        -INF          -10.0000        39.0000          .          
8 .31        -INF           -9.0000        39.0000          .          
8 .32        -INF          -25.0000        39.0000          .          
8 .33        -INF          -23.0000        39.0000          .          
8 .34        -INF          -29.0000        39.0000          .          
8 .35        -INF          -34.0000        39.0000          .          
8 .36        -INF          -35.0000        39.0000          .          
8 .37        -INF          -26.0000        39.0000          .          
8 .38        -INF          -11.0000        39.0000          .          
8 .39        -INF           -2.0000        39.0000          .          
8 .40        -INF           39.0000        39.0000         EPS         
9 .1         -INF           -2.0000        39.0000          .          
9 .2         -INF          -14.0000        39.0000          .          
9 .3         -INF           10.0000        39.0000          .          
9 .4         -INF            4.0000        39.0000          .          
9 .5         -INF          -10.0000        39.0000          .          
9 .6         -INF           12.0000        39.0000          .          
9 .7         -INF          -13.0000        39.0000          .          
9 .8         -INF           17.0000        39.0000          .          
9 .10        -INF          -15.0000        39.0000          .          
9 .11        -INF            2.0000        39.0000          .          
9 .12        -INF          -21.0000        39.0000          .          
9 .13        -INF           39.0000        39.0000         EPS         
9 .14        -INF          -11.0000        39.0000          .          
9 .15        -INF          -20.0000        39.0000          .          
9 .16        -INF           13.0000        39.0000          .          
9 .17        -INF           11.0000        39.0000          .          
9 .18        -INF           14.0000        39.0000          .          
9 .19        -INF           -4.0000        39.0000          .          
9 .20        -INF           -5.0000        39.0000          .          
9 .21        -INF           -7.0000        39.0000          .          
9 .22        -INF           -3.0000        39.0000          .          
9 .23        -INF          -16.0000        39.0000          .          
9 .24        -INF            3.0000        39.0000          .          
9 .25        -INF            5.0000        39.0000          .          
9 .26        -INF          -22.0000        39.0000          .          
9 .27        -INF          -19.0000        39.0000          .          
9 .28        -INF            9.0000        39.0000          .          
9 .29        -INF            1.0000        39.0000          .          
9 .30        -INF            7.0000        39.0000          .          
9 .31        -INF            8.0000        39.0000          .          
9 .32        -INF           -8.0000        39.0000          .          
9 .33        -INF           -6.0000        39.0000          .          
9 .34        -INF          -12.0000        39.0000          .          
9 .35        -INF          -17.0000        39.0000          .          
9 .36        -INF          -18.0000        39.0000          .          
9 .37        -INF           -9.0000        39.0000          .          
9 .38        -INF            6.0000        39.0000          .          
9 .39        -INF           15.0000        39.0000          .          
9 .40        -INF           16.0000        39.0000          .          
10.1         -INF           13.0000        39.0000          .          
10.2         -INF            1.0000        39.0000          .          
10.3         -INF           25.0000        39.0000          .          
10.4         -INF           19.0000        39.0000          .          
10.5         -INF            5.0000        39.0000          .          
10.6         -INF           27.0000        39.0000          .          
10.7         -INF            2.0000        39.0000          .          
10.8         -INF           32.0000        39.0000          .          
10.9         -INF           15.0000        39.0000          .          
10.11        -INF           17.0000        39.0000          .          
10.12        -INF           -6.0000        39.0000          .          
10.13        -INF           14.0000        39.0000          .          
10.14        -INF            4.0000        39.0000          .          
10.15        -INF           -5.0000        39.0000          .          
10.16        -INF           28.0000        39.0000          .          
10.17        -INF           26.0000        39.0000          .          
10.18        -INF           29.0000        39.0000          .          
10.19        -INF           11.0000        39.0000          .          
10.20        -INF           10.0000        39.0000          .          
10.21        -INF            8.0000        39.0000          .          
10.22        -INF           12.0000        39.0000          .          
10.23        -INF           39.0000        39.0000         EPS         
10.24        -INF           18.0000        39.0000          .          
10.25        -INF           20.0000        39.0000          .          
10.26        -INF           -7.0000        39.0000          .          
10.27        -INF           -4.0000        39.0000          .          
10.28        -INF           24.0000        39.0000          .          
10.29        -INF           16.0000        39.0000          .          
10.30        -INF           22.0000        39.0000          .          
10.31        -INF           23.0000        39.0000          .          
10.32        -INF            7.0000        39.0000          .          
10.33        -INF            9.0000        39.0000          .          
10.34        -INF            3.0000        39.0000          .          
10.35        -INF           -2.0000        39.0000          .          
10.36        -INF           -3.0000        39.0000          .          
10.37        -INF            6.0000        39.0000          .          
10.38        -INF           21.0000        39.0000          .          
10.39        -INF           30.0000        39.0000          .          
10.40        -INF           31.0000        39.0000          .          
11.1         -INF           -4.0000        39.0000          .          
11.2         -INF          -16.0000        39.0000          .          
11.3         -INF            8.0000        39.0000          .          
11.4         -INF            2.0000        39.0000          .          
11.5         -INF          -12.0000        39.0000          .          
11.6         -INF           10.0000        39.0000          .          
11.7         -INF          -15.0000        39.0000          .          
11.8         -INF           15.0000        39.0000          .          
11.9         -INF           -2.0000        39.0000          .          
11.10        -INF          -17.0000        39.0000          .          
11.12        -INF          -23.0000        39.0000          .          
11.13        -INF           -3.0000        39.0000          .          
11.14        -INF          -13.0000        39.0000          .          
11.15        -INF          -22.0000        39.0000          .          
11.16        -INF           11.0000        39.0000          .          
11.17        -INF            9.0000        39.0000          .          
11.18        -INF           12.0000        39.0000          .          
11.19        -INF           -6.0000        39.0000          .          
11.20        -INF           -7.0000        39.0000          .          
11.21        -INF           -9.0000        39.0000          .          
11.22        -INF           -5.0000        39.0000          .          
11.23        -INF          -18.0000        39.0000          .          
11.24        -INF            1.0000        39.0000          .          
11.25        -INF            3.0000        39.0000          .          
11.26        -INF          -24.0000        39.0000          .          
11.27        -INF          -21.0000        39.0000          .          
11.28        -INF            7.0000        39.0000          .          
11.29        -INF           39.0000        39.0000         EPS         
11.30        -INF            5.0000        39.0000          .          
11.31        -INF            6.0000        39.0000          .          
11.32        -INF          -10.0000        39.0000          .          
11.33        -INF           -8.0000        39.0000          .          
11.34        -INF          -14.0000        39.0000          .          
11.35        -INF          -19.0000        39.0000          .          
11.36        -INF          -20.0000        39.0000          .          
11.37        -INF          -11.0000        39.0000          .          
11.38        -INF            4.0000        39.0000          .          
11.39        -INF           13.0000        39.0000          .          
11.40        -INF           14.0000        39.0000          .          
12.1         -INF           19.0000        39.0000          .          
12.2         -INF            7.0000        39.0000          .          
12.3         -INF           31.0000        39.0000          .          
12.4         -INF           25.0000        39.0000          .          
12.5         -INF           11.0000        39.0000          .          
12.6         -INF           33.0000        39.0000          .          
12.7         -INF            8.0000        39.0000          .          
12.8         -INF           38.0000        39.0000          .          
12.9         -INF           21.0000        39.0000          .          
12.10        -INF            6.0000        39.0000          .          
12.11        -INF           23.0000        39.0000          .          
12.13        -INF           20.0000        39.0000          .          
12.14        -INF           10.0000        39.0000          .          
12.15        -INF            1.0000        39.0000          .          
12.16        -INF           34.0000        39.0000          .          
12.17        -INF           32.0000        39.0000          .          
12.18        -INF           35.0000        39.0000          .          
12.19        -INF           17.0000        39.0000          .          
12.20        -INF           16.0000        39.0000          .          
12.21        -INF           14.0000        39.0000          .          
12.22        -INF           18.0000        39.0000          .          
12.23        -INF            5.0000        39.0000          .          
12.24        -INF           24.0000        39.0000          .          
12.25        -INF           26.0000        39.0000          .          
12.26        -INF           39.0000        39.0000         EPS         
12.27        -INF            2.0000        39.0000          .          
12.28        -INF           30.0000        39.0000          .          
12.29        -INF           22.0000        39.0000          .          
12.30        -INF           28.0000        39.0000          .          
12.31        -INF           29.0000        39.0000          .          
12.32        -INF           13.0000        39.0000          .          
12.33        -INF           15.0000        39.0000          .          
12.34        -INF            9.0000        39.0000          .          
12.35        -INF            4.0000        39.0000          .          
12.36        -INF            3.0000        39.0000          .          
12.37        -INF           12.0000        39.0000          .          
12.38        -INF           27.0000        39.0000          .          
12.39        -INF           36.0000        39.0000          .          
12.40        -INF           37.0000        39.0000          .          
13.1         -INF           39.0000        39.0000         EPS         
13.2         -INF          -13.0000        39.0000          .          
13.3         -INF           11.0000        39.0000          .          
13.4         -INF            5.0000        39.0000          .          
13.5         -INF           -9.0000        39.0000          .          
13.6         -INF           13.0000        39.0000          .          
13.7         -INF          -12.0000        39.0000          .          
13.8         -INF           18.0000        39.0000          .          
13.9         -INF            1.0000        39.0000          .          
13.10        -INF          -14.0000        39.0000          .          
13.11        -INF            3.0000        39.0000          .          
13.12        -INF          -20.0000        39.0000          .          
13.14        -INF          -10.0000        39.0000          .          
13.15        -INF          -19.0000        39.0000          .          
13.16        -INF           14.0000        39.0000          .          
13.17        -INF           12.0000        39.0000          .          
13.18        -INF           15.0000        39.0000          .          
13.19        -INF           -3.0000        39.0000          .          
13.20        -INF           -4.0000        39.0000          .          
13.21        -INF           -6.0000        39.0000          .          
13.22        -INF           -2.0000        39.0000          .          
13.23        -INF          -15.0000        39.0000          .          
13.24        -INF            4.0000        39.0000          .          
13.25        -INF            6.0000        39.0000          .          
13.26        -INF          -21.0000        39.0000          .          
13.27        -INF          -18.0000        39.0000          .          
13.28        -INF           10.0000        39.0000          .          
13.29        -INF            2.0000        39.0000          .          
13.30        -INF            8.0000        39.0000          .          
13.31        -INF            9.0000        39.0000          .          
13.32        -INF           -7.0000        39.0000          .          
13.33        -INF           -5.0000        39.0000          .          
13.34        -INF          -11.0000        39.0000          .          
13.35        -INF          -16.0000        39.0000          .          
13.36        -INF          -17.0000        39.0000          .          
13.37        -INF           -8.0000        39.0000          .          
13.38        -INF            7.0000        39.0000          .          
13.39        -INF           16.0000        39.0000          .          
13.40        -INF           17.0000        39.0000          .          
14.1         -INF            9.0000        39.0000          .          
14.2         -INF           -3.0000        39.0000          .          
14.3         -INF           21.0000        39.0000          .          
14.4         -INF           15.0000        39.0000          .          
14.5         -INF            1.0000        39.0000          .          
14.6         -INF           23.0000        39.0000          .          
14.7         -INF           -2.0000        39.0000          .          
14.8         -INF           28.0000        39.0000          .          
14.9         -INF           11.0000        39.0000          .          
14.10        -INF           -4.0000        39.0000          .          
14.11        -INF           13.0000        39.0000          .          
14.12        -INF          -10.0000        39.0000          .          
14.13        -INF           10.0000        39.0000          .          
14.15        -INF           -9.0000        39.0000          .          
14.16        -INF           24.0000        39.0000          .          
14.17        -INF           22.0000        39.0000          .          
14.18        -INF           25.0000        39.0000          .          
14.19        -INF            7.0000        39.0000          .          
14.20        -INF            6.0000        39.0000          .          
14.21        -INF            4.0000        39.0000          .          
14.22        -INF            8.0000        39.0000          .          
14.23        -INF           -5.0000        39.0000          .          
14.24        -INF           14.0000        39.0000          .          
14.25        -INF           16.0000        39.0000          .          
14.26        -INF          -11.0000        39.0000          .          
14.27        -INF           -8.0000        39.0000          .          
14.28        -INF           20.0000        39.0000          .          
14.29        -INF           12.0000        39.0000          .          
14.30        -INF           18.0000        39.0000          .          
14.31        -INF           19.0000        39.0000          .          
14.32        -INF            3.0000        39.0000          .          
14.33        -INF            5.0000        39.0000          .          
14.34        -INF           39.0000        39.0000         EPS         
14.35        -INF           -6.0000        39.0000          .          
14.36        -INF           -7.0000        39.0000          .          
14.37        -INF            2.0000        39.0000          .          
14.38        -INF           17.0000        39.0000          .          
14.39        -INF           26.0000        39.0000          .          
14.40        -INF           27.0000        39.0000          .          
15.1         -INF           18.0000        39.0000          .          
15.2         -INF            6.0000        39.0000          .          
15.3         -INF           30.0000        39.0000          .          
15.4         -INF           24.0000        39.0000          .          
15.5         -INF           10.0000        39.0000          .          
15.6         -INF           32.0000        39.0000          .          
15.7         -INF            7.0000        39.0000          .          
15.8         -INF           37.0000        39.0000          .          
15.9         -INF           20.0000        39.0000          .          
15.10        -INF            5.0000        39.0000          .          
15.11        -INF           22.0000        39.0000          .          
15.12        -INF           39.0000        39.0000         EPS         
15.13        -INF           19.0000        39.0000          .          
15.14        -INF            9.0000        39.0000          .          
15.16        -INF           33.0000        39.0000          .          
15.17        -INF           31.0000        39.0000          .          
15.18        -INF           34.0000        39.0000          .          
15.19        -INF           16.0000        39.0000          .          
15.20        -INF           15.0000        39.0000          .          
15.21        -INF           13.0000        39.0000          .          
15.22        -INF           17.0000        39.0000          .          
15.23        -INF            4.0000        39.0000          .          
15.24        -INF           23.0000        39.0000          .          
15.25        -INF           25.0000        39.0000          .          
15.26        -INF           -2.0000        39.0000          .          
15.27        -INF            1.0000        39.0000          .          
15.28        -INF           29.0000        39.0000          .          
15.29        -INF           21.0000        39.0000          .          
15.30        -INF           27.0000        39.0000          .          
15.31        -INF           28.0000        39.0000          .          
15.32        -INF           12.0000        39.0000          .          
15.33        -INF           14.0000        39.0000          .          
15.34        -INF            8.0000        39.0000          .          
15.35        -INF            3.0000        39.0000          .          
15.36        -INF            2.0000        39.0000          .          
15.37        -INF           11.0000        39.0000          .          
15.38        -INF           26.0000        39.0000          .          
15.39        -INF           35.0000        39.0000          .          
15.40        -INF           36.0000        39.0000          .          
16.1         -INF          -15.0000        39.0000          .          
16.2         -INF          -27.0000        39.0000          .          
16.3         -INF           -3.0000        39.0000          .          
16.4         -INF           -9.0000        39.0000          .          
16.5         -INF          -23.0000        39.0000          .          
16.6         -INF           39.0000        39.0000         EPS         
16.7         -INF          -26.0000        39.0000          .          
16.8         -INF            4.0000        39.0000          .          
16.9         -INF          -13.0000        39.0000          .          
16.10        -INF          -28.0000        39.0000          .          
16.11        -INF          -11.0000        39.0000          .          
16.12        -INF          -34.0000        39.0000          .          
16.13        -INF          -14.0000        39.0000          .          
16.14        -INF          -24.0000        39.0000          .          
16.15        -INF          -33.0000        39.0000          .          
16.17        -INF           -2.0000        39.0000          .          
16.18        -INF            1.0000        39.0000          .          
16.19        -INF          -17.0000        39.0000          .          
16.20        -INF          -18.0000        39.0000          .          
16.21        -INF          -20.0000        39.0000          .          
16.22        -INF          -16.0000        39.0000          .          
16.23        -INF          -29.0000        39.0000          .          
16.24        -INF          -10.0000        39.0000          .          
16.25        -INF           -8.0000        39.0000          .          
16.26        -INF          -35.0000        39.0000          .          
16.27        -INF          -32.0000        39.0000          .          
16.28        -INF           -4.0000        39.0000          .          
16.29        -INF          -12.0000        39.0000          .          
16.30        -INF           -6.0000        39.0000          .          
16.31        -INF           -5.0000        39.0000          .          
16.32        -INF          -21.0000        39.0000          .          
16.33        -INF          -19.0000        39.0000          .          
16.34        -INF          -25.0000        39.0000          .          
16.35        -INF          -30.0000        39.0000          .          
16.36        -INF          -31.0000        39.0000          .          
16.37        -INF          -22.0000        39.0000          .          
16.38        -INF           -7.0000        39.0000          .          
16.39        -INF            2.0000        39.0000          .          
16.40        -INF            3.0000        39.0000          .          
17.1         -INF          -13.0000        39.0000          .          
17.2         -INF          -25.0000        39.0000          .          
17.3         -INF           39.0000        39.0000         EPS         
17.4         -INF           -7.0000        39.0000          .          
17.5         -INF          -21.0000        39.0000          .          
17.6         -INF            1.0000        39.0000          .          
17.7         -INF          -24.0000        39.0000          .          
17.8         -INF            6.0000        39.0000          .          
17.9         -INF          -11.0000        39.0000          .          
17.10        -INF          -26.0000        39.0000          .          
17.11        -INF           -9.0000        39.0000          .          
17.12        -INF          -32.0000        39.0000          .          
17.13        -INF          -12.0000        39.0000          .          
17.14        -INF          -22.0000        39.0000          .          
17.15        -INF          -31.0000        39.0000          .          
17.16        -INF            2.0000        39.0000          .          
17.18        -INF            3.0000        39.0000          .          
17.19        -INF          -15.0000        39.0000          .          
17.20        -INF          -16.0000        39.0000          .          
17.21        -INF          -18.0000        39.0000          .          
17.22        -INF          -14.0000        39.0000          .          
17.23        -INF          -27.0000        39.0000          .          
17.24        -INF           -8.0000        39.0000          .          
17.25        -INF           -6.0000        39.0000          .          
17.26        -INF          -33.0000        39.0000          .          
17.27        -INF          -30.0000        39.0000          .          
17.28        -INF           -2.0000        39.0000          .          
17.29        -INF          -10.0000        39.0000          .          
17.30        -INF           -4.0000        39.0000          .          
17.31        -INF           -3.0000        39.0000          .          
17.32        -INF          -19.0000        39.0000          .          
17.33        -INF          -17.0000        39.0000          .          
17.34        -INF          -23.0000        39.0000          .          
17.35        -INF          -28.0000        39.0000          .          
17.36        -INF          -29.0000        39.0000          .          
17.37        -INF          -20.0000        39.0000          .          
17.38        -INF           -5.0000        39.0000          .          
17.39        -INF            4.0000        39.0000          .          
17.40        -INF            5.0000        39.0000          .          
18.1         -INF          -16.0000        39.0000          .          
18.2         -INF          -28.0000        39.0000          .          
18.3         -INF           -4.0000        39.0000          .          
18.4         -INF          -10.0000        39.0000          .          
18.5         -INF          -24.0000        39.0000          .          
18.6         -INF           -2.0000        39.0000          .          
18.7         -INF          -27.0000        39.0000          .          
18.8         -INF            3.0000        39.0000          .          
18.9         -INF          -14.0000        39.0000          .          
18.10        -INF          -29.0000        39.0000          .          
18.11        -INF          -12.0000        39.0000          .          
18.12        -INF          -35.0000        39.0000          .          
18.13        -INF          -15.0000        39.0000          .          
18.14        -INF          -25.0000        39.0000          .          
18.15        -INF          -34.0000        39.0000          .          
18.16        -INF           39.0000        39.0000         EPS         
18.17        -INF           -3.0000        39.0000          .          
18.19        -INF          -18.0000        39.0000          .          
18.20        -INF          -19.0000        39.0000          .          
18.21        -INF          -21.0000        39.0000          .          
18.22        -INF          -17.0000        39.0000          .          
18.23        -INF          -30.0000        39.0000          .          
18.24        -INF          -11.0000        39.0000          .          
18.25        -INF           -9.0000        39.0000          .          
18.26        -INF          -36.0000        39.0000          .          
18.27        -INF          -33.0000        39.0000          .          
18.28        -INF           -5.0000        39.0000          .          
18.29        -INF          -13.0000        39.0000          .          
18.30        -INF           -7.0000        39.0000          .          
18.31        -INF           -6.0000        39.0000          .          
18.32        -INF          -22.0000        39.0000          .          
18.33        -INF          -20.0000        39.0000          .          
18.34        -INF          -26.0000        39.0000          .          
18.35        -INF          -31.0000        39.0000          .          
18.36        -INF          -32.0000        39.0000          .          
18.37        -INF          -23.0000        39.0000          .          
18.38        -INF           -8.0000        39.0000          .          
18.39        -INF            1.0000        39.0000          .          
18.40        -INF            2.0000        39.0000          .          
19.1         -INF            2.0000        39.0000          .          
19.2         -INF          -10.0000        39.0000          .          
19.3         -INF           14.0000        39.0000          .          
19.4         -INF            8.0000        39.0000          .          
19.5         -INF           -6.0000        39.0000          .          
19.6         -INF           16.0000        39.0000          .          
19.7         -INF           -9.0000        39.0000          .          
19.8         -INF           21.0000        39.0000          .          
19.9         -INF            4.0000        39.0000          .          
19.10        -INF          -11.0000        39.0000          .          
19.11        -INF            6.0000        39.0000          .          
19.12        -INF          -17.0000        39.0000          .          
19.13        -INF            3.0000        39.0000          .          
19.14        -INF           -7.0000        39.0000          .          
19.15        -INF          -16.0000        39.0000          .          
19.16        -INF           17.0000        39.0000          .          
19.17        -INF           15.0000        39.0000          .          
19.18        -INF           18.0000        39.0000          .          
19.20        -INF           39.0000        39.0000         EPS         
19.21        -INF           -3.0000        39.0000          .          
19.22        -INF            1.0000        39.0000          .          
19.23        -INF          -12.0000        39.0000          .          
19.24        -INF            7.0000        39.0000          .          
19.25        -INF            9.0000        39.0000          .          
19.26        -INF          -18.0000        39.0000          .          
19.27        -INF          -15.0000        39.0000          .          
19.28        -INF           13.0000        39.0000          .          
19.29        -INF            5.0000        39.0000          .          
19.30        -INF           11.0000        39.0000          .          
19.31        -INF           12.0000        39.0000          .          
19.32        -INF           -4.0000        39.0000          .          
19.33        -INF           -2.0000        39.0000          .          
19.34        -INF           -8.0000        39.0000          .          
19.35        -INF          -13.0000        39.0000          .          
19.36        -INF          -14.0000        39.0000          .          
19.37        -INF           -5.0000        39.0000          .          
19.38        -INF           10.0000        39.0000          .          
19.39        -INF           19.0000        39.0000          .          
19.40        -INF           20.0000        39.0000          .          
20.1         -INF            3.0000        39.0000          .          
20.2         -INF           -9.0000        39.0000          .          
20.3         -INF           15.0000        39.0000          .          
20.4         -INF            9.0000        39.0000          .          
20.5         -INF           -5.0000        39.0000          .          
20.6         -INF           17.0000        39.0000          .          
20.7         -INF           -8.0000        39.0000          .          
20.8         -INF           22.0000        39.0000          .          
20.9         -INF            5.0000        39.0000          .          
20.10        -INF          -10.0000        39.0000          .          
20.11        -INF            7.0000        39.0000          .          
20.12        -INF          -16.0000        39.0000          .          
20.13        -INF            4.0000        39.0000          .          
20.14        -INF           -6.0000        39.0000          .          
20.15        -INF          -15.0000        39.0000          .          
20.16        -INF           18.0000        39.0000          .          
20.17        -INF           16.0000        39.0000          .          
20.18        -INF           19.0000        39.0000          .          
20.19        -INF            1.0000        39.0000          .          
20.21        -INF           -2.0000        39.0000          .          
20.22        -INF            2.0000        39.0000          .          
20.23        -INF          -11.0000        39.0000          .          
20.24        -INF            8.0000        39.0000          .          
20.25        -INF           10.0000        39.0000          .          
20.26        -INF          -17.0000        39.0000          .          
20.27        -INF          -14.0000        39.0000          .          
20.28        -INF           14.0000        39.0000          .          
20.29        -INF            6.0000        39.0000          .          
20.30        -INF           12.0000        39.0000          .          
20.31        -INF           13.0000        39.0000          .          
20.32        -INF           -3.0000        39.0000          .          
20.33        -INF           39.0000        39.0000         EPS         
20.34        -INF           -7.0000        39.0000          .          
20.35        -INF          -12.0000        39.0000          .          
20.36        -INF          -13.0000        39.0000          .          
20.37        -INF           -4.0000        39.0000          .          
20.38        -INF           11.0000        39.0000          .          
20.39        -INF           20.0000        39.0000          .          
20.40        -INF           21.0000        39.0000          .          
21.1         -INF            5.0000        39.0000          .          
21.2         -INF           -7.0000        39.0000          .          
21.3         -INF           17.0000        39.0000          .          
21.4         -INF           11.0000        39.0000          .          
21.5         -INF           -3.0000        39.0000          .          
21.6         -INF           19.0000        39.0000          .          
21.7         -INF           -6.0000        39.0000          .          
21.8         -INF           24.0000        39.0000          .          
21.9         -INF            7.0000        39.0000          .          
21.10        -INF           -8.0000        39.0000          .          
21.11        -INF            9.0000        39.0000          .          
21.12        -INF          -14.0000        39.0000          .          
21.13        -INF            6.0000        39.0000          .          
21.14        -INF           -4.0000        39.0000          .          
21.15        -INF          -13.0000        39.0000          .          
21.16        -INF           20.0000        39.0000          .          
21.17        -INF           18.0000        39.0000          .          
21.18        -INF           21.0000        39.0000          .          
21.19        -INF            3.0000        39.0000          .          
21.20        -INF            2.0000        39.0000          .          
21.22        -INF            4.0000        39.0000          .          
21.23        -INF           -9.0000        39.0000          .          
21.24        -INF           10.0000        39.0000          .          
21.25        -INF           12.0000        39.0000          .          
21.26        -INF          -15.0000        39.0000          .          
21.27        -INF          -12.0000        39.0000          .          
21.28        -INF           16.0000        39.0000          .          
21.29        -INF            8.0000        39.0000          .          
21.30        -INF           14.0000        39.0000          .          
21.31        -INF           15.0000        39.0000          .          
21.32        -INF           39.0000        39.0000         EPS         
21.33        -INF            1.0000        39.0000          .          
21.34        -INF           -5.0000        39.0000          .          
21.35        -INF          -10.0000        39.0000          .          
21.36        -INF          -11.0000        39.0000          .          
21.37        -INF           -2.0000        39.0000          .          
21.38        -INF           13.0000        39.0000          .          
21.39        -INF           22.0000        39.0000          .          
21.40        -INF           23.0000        39.0000          .          
22.1         -INF            1.0000        39.0000          .          
22.2         -INF          -11.0000        39.0000          .          
22.3         -INF           13.0000        39.0000          .          
22.4         -INF            7.0000        39.0000          .          
22.5         -INF           -7.0000        39.0000          .          
22.6         -INF           15.0000        39.0000          .          
22.7         -INF          -10.0000        39.0000          .          
22.8         -INF           20.0000        39.0000          .          
22.9         -INF            3.0000        39.0000          .          
22.10        -INF          -12.0000        39.0000          .          
22.11        -INF            5.0000        39.0000          .          
22.12        -INF          -18.0000        39.0000          .          
22.13        -INF            2.0000        39.0000          .          
22.14        -INF           -8.0000        39.0000          .          
22.15        -INF          -17.0000        39.0000          .          
22.16        -INF           16.0000        39.0000          .          
22.17        -INF           14.0000        39.0000          .          
22.18        -INF           17.0000        39.0000          .          
22.19        -INF           39.0000        39.0000         EPS         
22.20        -INF           -2.0000        39.0000          .          
22.21        -INF           -4.0000        39.0000          .          
22.23        -INF          -13.0000        39.0000          .          
22.24        -INF            6.0000        39.0000          .          
22.25        -INF            8.0000        39.0000          .          
22.26        -INF          -19.0000        39.0000          .          
22.27        -INF          -16.0000        39.0000          .          
22.28        -INF           12.0000        39.0000          .          
22.29        -INF            4.0000        39.0000          .          
22.30        -INF           10.0000        39.0000          .          
22.31        -INF           11.0000        39.0000          .          
22.32        -INF           -5.0000        39.0000          .          
22.33        -INF           -3.0000        39.0000          .          
22.34        -INF           -9.0000        39.0000          .          
22.35        -INF          -14.0000        39.0000          .          
22.36        -INF          -15.0000        39.0000          .          
22.37        -INF           -6.0000        39.0000          .          
22.38        -INF            9.0000        39.0000          .          
22.39        -INF           18.0000        39.0000          .          
22.40        -INF           19.0000        39.0000          .          
23.1         -INF           14.0000        39.0000          .          
23.2         -INF            2.0000        39.0000          .          
23.3         -INF           26.0000        39.0000          .          
23.4         -INF           20.0000        39.0000          .          
23.5         -INF            6.0000        39.0000          .          
23.6         -INF           28.0000        39.0000          .          
23.7         -INF            3.0000        39.0000          .          
23.8         -INF           33.0000        39.0000          .          
23.9         -INF           16.0000        39.0000          .          
23.10        -INF            1.0000        39.0000          .          
23.11        -INF           18.0000        39.0000          .          
23.12        -INF           -5.0000        39.0000          .          
23.13        -INF           15.0000        39.0000          .          
23.14        -INF            5.0000        39.0000          .          
23.15        -INF           -4.0000        39.0000          .          
23.16        -INF           29.0000        39.0000          .          
23.17        -INF           27.0000        39.0000          .          
23.18        -INF           30.0000        39.0000          .          
23.19        -INF           12.0000        39.0000          .          
23.20        -INF           11.0000        39.0000          .          
23.21        -INF            9.0000        39.0000          .          
23.22        -INF           13.0000        39.0000          .          
23.24        -INF           19.0000        39.0000          .          
23.25        -INF           21.0000        39.0000          .          
23.26        -INF           -6.0000        39.0000          .          
23.27        -INF           -3.0000        39.0000          .          
23.28        -INF           25.0000        39.0000          .          
23.29        -INF           17.0000        39.0000          .          
23.30        -INF           23.0000        39.0000          .          
23.31        -INF           24.0000        39.0000          .          
23.32        -INF            8.0000        39.0000          .          
23.33        -INF           10.0000        39.0000          .          
23.34        -INF            4.0000        39.0000          .          
23.35        -INF           39.0000        39.0000         EPS         
23.36        -INF           -2.0000        39.0000          .          
23.37        -INF            7.0000        39.0000          .          
23.38        -INF           22.0000        39.0000          .          
23.39        -INF           31.0000        39.0000          .          
23.40        -INF           32.0000        39.0000          .          
24.1         -INF           -5.0000        39.0000          .          
24.2         -INF          -17.0000        39.0000          .          
24.3         -INF            7.0000        39.0000          .          
24.4         -INF            1.0000        39.0000          .          
24.5         -INF          -13.0000        39.0000          .          
24.6         -INF            9.0000        39.0000          .          
24.7         -INF          -16.0000        39.0000          .          
24.8         -INF           14.0000        39.0000          .          
24.9         -INF           -3.0000        39.0000          .          
24.10        -INF          -18.0000        39.0000          .          
24.11        -INF           39.0000        39.0000         EPS         
24.12        -INF          -24.0000        39.0000          .          
24.13        -INF           -4.0000        39.0000          .          
24.14        -INF          -14.0000        39.0000          .          
24.15        -INF          -23.0000        39.0000          .          
24.16        -INF           10.0000        39.0000          .          
24.17        -INF            8.0000        39.0000          .          
24.18        -INF           11.0000        39.0000          .          
24.19        -INF           -7.0000        39.0000          .          
24.20        -INF           -8.0000        39.0000          .          
24.21        -INF          -10.0000        39.0000          .          
24.22        -INF           -6.0000        39.0000          .          
24.23        -INF          -19.0000        39.0000          .          
24.25        -INF            2.0000        39.0000          .          
24.26        -INF          -25.0000        39.0000          .          
24.27        -INF          -22.0000        39.0000          .          
24.28        -INF            6.0000        39.0000          .          
24.29        -INF           -2.0000        39.0000          .          
24.30        -INF            4.0000        39.0000          .          
24.31        -INF            5.0000        39.0000          .          
24.32        -INF          -11.0000        39.0000          .          
24.33        -INF           -9.0000        39.0000          .          
24.34        -INF          -15.0000        39.0000          .          
24.35        -INF          -20.0000        39.0000          .          
24.36        -INF          -21.0000        39.0000          .          
24.37        -INF          -12.0000        39.0000          .          
24.38        -INF            3.0000        39.0000          .          
24.39        -INF           12.0000        39.0000          .          
24.40        -INF           13.0000        39.0000          .          
25.1         -INF           -7.0000        39.0000          .          
25.2         -INF          -19.0000        39.0000          .          
25.3         -INF            5.0000        39.0000          .          
25.4         -INF           39.0000        39.0000         EPS         
25.5         -INF          -15.0000        39.0000          .          
25.6         -INF            7.0000        39.0000          .          
25.7         -INF          -18.0000        39.0000          .          
25.8         -INF           12.0000        39.0000          .          
25.9         -INF           -5.0000        39.0000          .          
25.10        -INF          -20.0000        39.0000          .          
25.11        -INF           -3.0000        39.0000          .          
25.12        -INF          -26.0000        39.0000          .          
25.13        -INF           -6.0000        39.0000          .          
25.14        -INF          -16.0000        39.0000          .          
25.15        -INF          -25.0000        39.0000          .          
25.16        -INF            8.0000        39.0000          .          
25.17        -INF            6.0000        39.0000          .          
25.18        -INF            9.0000        39.0000          .          
25.19        -INF           -9.0000        39.0000          .          
25.20        -INF          -10.0000        39.0000          .          
25.21        -INF          -12.0000        39.0000          .          
25.22        -INF           -8.0000        39.0000          .          
25.23        -INF          -21.0000        39.0000          .          
25.24        -INF           -2.0000        39.0000          .          
25.26        -INF          -27.0000        39.0000          .          
25.27        -INF          -24.0000        39.0000          .          
25.28        -INF            4.0000        39.0000          .          
25.29        -INF           -4.0000        39.0000          .          
25.30        -INF            2.0000        39.0000          .          
25.31        -INF            3.0000        39.0000          .          
25.32        -INF          -13.0000        39.0000          .          
25.33        -INF          -11.0000        39.0000          .          
25.34        -INF          -17.0000        39.0000          .          
25.35        -INF          -22.0000        39.0000          .          
25.36        -INF          -23.0000        39.0000          .          
25.37        -INF          -14.0000        39.0000          .          
25.38        -INF            1.0000        39.0000          .          
25.39        -INF           10.0000        39.0000          .          
25.40        -INF           11.0000        39.0000          .          
26.1         -INF           20.0000        39.0000          .          
26.2         -INF            8.0000        39.0000          .          
26.3         -INF           32.0000        39.0000          .          
26.4         -INF           26.0000        39.0000          .          
26.5         -INF           12.0000        39.0000          .          
26.6         -INF           34.0000        39.0000          .          
26.7         -INF            9.0000        39.0000          .          
26.8         -INF           39.0000        39.0000          .          
26.9         -INF           22.0000        39.0000          .          
26.10        -INF            7.0000        39.0000          .          
26.11        -INF           24.0000        39.0000          .          
26.12        -INF            1.0000        39.0000          .          
26.13        -INF           21.0000        39.0000          .          
26.14        -INF           11.0000        39.0000          .          
26.15        -INF            2.0000        39.0000          .          
26.16        -INF           35.0000        39.0000          .          
26.17        -INF           33.0000        39.0000          .          
26.18        -INF           36.0000        39.0000          .          
26.19        -INF           18.0000        39.0000          .          
26.20        -INF           17.0000        39.0000          .          
26.21        -INF           15.0000        39.0000          .          
26.22        -INF           19.0000        39.0000          .          
26.23        -INF            6.0000        39.0000          .          
26.24        -INF           25.0000        39.0000          .          
26.25        -INF           27.0000        39.0000          .          
26.27        -INF            3.0000        39.0000          .          
26.28        -INF           31.0000        39.0000          .          
26.29        -INF           23.0000        39.0000          .          
26.30        -INF           29.0000        39.0000          .          
26.31        -INF           30.0000        39.0000          .          
26.32        -INF           14.0000        39.0000          .          
26.33        -INF           16.0000        39.0000          .          
26.34        -INF           10.0000        39.0000          .          
26.35        -INF            5.0000        39.0000          .          
26.36        -INF            4.0000        39.0000          .          
26.37        -INF           13.0000        39.0000          .          
26.38        -INF           28.0000        39.0000          .          
26.39        -INF           37.0000        39.0000          .          
26.40        -INF           38.0000        39.0000          .          
27.1         -INF           17.0000        39.0000          .          
27.2         -INF            5.0000        39.0000          .          
27.3         -INF           29.0000        39.0000          .          
27.4         -INF           23.0000        39.0000          .          
27.5         -INF            9.0000        39.0000          .          
27.6         -INF           31.0000        39.0000          .          
27.7         -INF            6.0000        39.0000          .          
27.8         -INF           36.0000        39.0000          .          
27.9         -INF           19.0000        39.0000          .          
27.10        -INF            4.0000        39.0000          .          
27.11        -INF           21.0000        39.0000          .          
27.12        -INF           -2.0000        39.0000          .          
27.13        -INF           18.0000        39.0000          .          
27.14        -INF            8.0000        39.0000          .          
27.15        -INF           39.0000        39.0000         EPS         
27.16        -INF           32.0000        39.0000          .          
27.17        -INF           30.0000        39.0000          .          
27.18        -INF           33.0000        39.0000          .          
27.19        -INF           15.0000        39.0000          .          
27.20        -INF           14.0000        39.0000          .          
27.21        -INF           12.0000        39.0000          .          
27.22        -INF           16.0000        39.0000          .          
27.23        -INF            3.0000        39.0000          .          
27.24        -INF           22.0000        39.0000          .          
27.25        -INF           24.0000        39.0000          .          
27.26        -INF           -3.0000        39.0000          .          
27.28        -INF           28.0000        39.0000          .          
27.29        -INF           20.0000        39.0000          .          
27.30        -INF           26.0000        39.0000          .          
27.31        -INF           27.0000        39.0000          .          
27.32        -INF           11.0000        39.0000          .          
27.33        -INF           13.0000        39.0000          .          
27.34        -INF            7.0000        39.0000          .          
27.35        -INF            2.0000        39.0000          .          
27.36        -INF            1.0000        39.0000          .          
27.37        -INF           10.0000        39.0000          .          
27.38        -INF           25.0000        39.0000          .          
27.39        -INF           34.0000        39.0000          .          
27.40        -INF           35.0000        39.0000          .          
28.1         -INF          -11.0000        39.0000          .          
28.2         -INF          -23.0000        39.0000          .          
28.3         -INF            1.0000        39.0000          .          
28.4         -INF           -5.0000        39.0000          .          
28.5         -INF          -19.0000        39.0000          .          
28.6         -INF            3.0000        39.0000          .          
28.7         -INF          -22.0000        39.0000          .          
28.8         -INF            8.0000        39.0000          .          
28.9         -INF           -9.0000        39.0000          .          
28.10        -INF          -24.0000        39.0000          .          
28.11        -INF           -7.0000        39.0000          .          
28.12        -INF          -30.0000        39.0000          .          
28.13        -INF          -10.0000        39.0000          .          
28.14        -INF          -20.0000        39.0000          .          
28.15        -INF          -29.0000        39.0000          .          
28.16        -INF            4.0000        39.0000          .          
28.17        -INF            2.0000        39.0000          .          
28.18        -INF            5.0000        39.0000          .          
28.19        -INF          -13.0000        39.0000          .          
28.20        -INF          -14.0000        39.0000          .          
28.21        -INF          -16.0000        39.0000          .          
28.22        -INF          -12.0000        39.0000          .          
28.23        -INF          -25.0000        39.0000          .          
28.24        -INF           -6.0000        39.0000          .          
28.25        -INF           -4.0000        39.0000          .          
28.26        -INF          -31.0000        39.0000          .          
28.27        -INF          -28.0000        39.0000          .          
28.29        -INF           -8.0000        39.0000          .          
28.30        -INF           -2.0000        39.0000          .          
28.31        -INF           39.0000        39.0000         EPS         
28.32        -INF          -17.0000        39.0000          .          
28.33        -INF          -15.0000        39.0000          .          
28.34        -INF          -21.0000        39.0000          .          
28.35        -INF          -26.0000        39.0000          .          
28.36        -INF          -27.0000        39.0000          .          
28.37        -INF          -18.0000        39.0000          .          
28.38        -INF           -3.0000        39.0000          .          
28.39        -INF            6.0000        39.0000          .          
28.40        -INF            7.0000        39.0000          .          
29.1         -INF           -3.0000        39.0000          .          
29.2         -INF          -15.0000        39.0000          .          
29.3         -INF            9.0000        39.0000          .          
29.4         -INF            3.0000        39.0000          .          
29.5         -INF          -11.0000        39.0000          .          
29.6         -INF           11.0000        39.0000          .          
29.7         -INF          -14.0000        39.0000          .          
29.8         -INF           16.0000        39.0000          .          
29.9         -INF           39.0000        39.0000         EPS         
29.10        -INF          -16.0000        39.0000          .          
29.11        -INF            1.0000        39.0000          .          
29.12        -INF          -22.0000        39.0000          .          
29.13        -INF           -2.0000        39.0000          .          
29.14        -INF          -12.0000        39.0000          .          
29.15        -INF          -21.0000        39.0000          .          
29.16        -INF           12.0000        39.0000          .          
29.17        -INF           10.0000        39.0000          .          
29.18        -INF           13.0000        39.0000          .          
29.19        -INF           -5.0000        39.0000          .          
29.20        -INF           -6.0000        39.0000          .          
29.21        -INF           -8.0000        39.0000          .          
29.22        -INF           -4.0000        39.0000          .          
29.23        -INF          -17.0000        39.0000          .          
29.24        -INF            2.0000        39.0000          .          
29.25        -INF            4.0000        39.0000          .          
29.26        -INF          -23.0000        39.0000          .          
29.27        -INF          -20.0000        39.0000          .          
29.28        -INF            8.0000        39.0000          .          
29.30        -INF            6.0000        39.0000          .          
29.31        -INF            7.0000        39.0000          .          
29.32        -INF           -9.0000        39.0000          .          
29.33        -INF           -7.0000        39.0000          .          
29.34        -INF          -13.0000        39.0000          .          
29.35        -INF          -18.0000        39.0000          .          
29.36        -INF          -19.0000        39.0000          .          
29.37        -INF          -10.0000        39.0000          .          
29.38        -INF            5.0000        39.0000          .          
29.39        -INF           14.0000        39.0000          .          
29.40        -INF           15.0000        39.0000          .          
30.1         -INF           -9.0000        39.0000          .          
30.2         -INF          -21.0000        39.0000          .          
30.3         -INF            3.0000        39.0000          .          
30.4         -INF           -3.0000        39.0000          .          
30.5         -INF          -17.0000        39.0000          .          
30.6         -INF            5.0000        39.0000          .          
30.7         -INF          -20.0000        39.0000          .          
30.8         -INF           10.0000        39.0000          .          
30.9         -INF           -7.0000        39.0000          .          
30.10        -INF          -22.0000        39.0000          .          
30.11        -INF           -5.0000        39.0000          .          
30.12        -INF          -28.0000        39.0000          .          
30.13        -INF           -8.0000        39.0000          .          
30.14        -INF          -18.0000        39.0000          .          
30.15        -INF          -27.0000        39.0000          .          
30.16        -INF            6.0000        39.0000          .          
30.17        -INF            4.0000        39.0000          .          
30.18        -INF            7.0000        39.0000          .          
30.19        -INF          -11.0000        39.0000          .          
30.20        -INF          -12.0000        39.0000          .          
30.21        -INF          -14.0000        39.0000          .          
30.22        -INF          -10.0000        39.0000          .          
30.23        -INF          -23.0000        39.0000          .          
30.24        -INF           -4.0000        39.0000          .          
30.25        -INF           -2.0000        39.0000          .          
30.26        -INF          -29.0000        39.0000          .          
30.27        -INF          -26.0000        39.0000          .          
30.28        -INF            2.0000        39.0000          .          
30.29        -INF           -6.0000        39.0000          .          
30.31        -INF            1.0000        39.0000          .          
30.32        -INF          -15.0000        39.0000          .          
30.33        -INF          -13.0000        39.0000          .          
30.34        -INF          -19.0000        39.0000          .          
30.35        -INF          -24.0000        39.0000          .          
30.36        -INF          -25.0000        39.0000          .          
30.37        -INF          -16.0000        39.0000          .          
30.38        -INF           39.0000        39.0000         EPS         
30.39        -INF            8.0000        39.0000          .          
30.40        -INF            9.0000        39.0000          .          
31.1         -INF          -10.0000        39.0000          .          
31.2         -INF          -22.0000        39.0000          .          
31.3         -INF            2.0000        39.0000          .          
31.4         -INF           -4.0000        39.0000          .          
31.5         -INF          -18.0000        39.0000          .          
31.6         -INF            4.0000        39.0000          .          
31.7         -INF          -21.0000        39.0000          .          
31.8         -INF            9.0000        39.0000          .          
31.9         -INF           -8.0000        39.0000          .          
31.10        -INF          -23.0000        39.0000          .          
31.11        -INF           -6.0000        39.0000          .          
31.12        -INF          -29.0000        39.0000          .          
31.13        -INF           -9.0000        39.0000          .          
31.14        -INF          -19.0000        39.0000          .          
31.15        -INF          -28.0000        39.0000          .          
31.16        -INF            5.0000        39.0000          .          
31.17        -INF            3.0000        39.0000          .          
31.18        -INF            6.0000        39.0000          .          
31.19        -INF          -12.0000        39.0000          .          
31.20        -INF          -13.0000        39.0000          .          
31.21        -INF          -15.0000        39.0000          .          
31.22        -INF          -11.0000        39.0000          .          
31.23        -INF          -24.0000        39.0000          .          
31.24        -INF           -5.0000        39.0000          .          
31.25        -INF           -3.0000        39.0000          .          
31.26        -INF          -30.0000        39.0000          .          
31.27        -INF          -27.0000        39.0000          .          
31.28        -INF            1.0000        39.0000          .          
31.29        -INF           -7.0000        39.0000          .          
31.30        -INF           39.0000        39.0000         EPS         
31.32        -INF          -16.0000        39.0000          .          
31.33        -INF          -14.0000        39.0000          .          
31.34        -INF          -20.0000        39.0000          .          
31.35        -INF          -25.0000        39.0000          .          
31.36        -INF          -26.0000        39.0000          .          
31.37        -INF          -17.0000        39.0000          .          
31.38        -INF           -2.0000        39.0000          .          
31.39        -INF            7.0000        39.0000          .          
31.40        -INF            8.0000        39.0000          .          
32.1         -INF            6.0000        39.0000          .          
32.2         -INF           -6.0000        39.0000          .          
32.3         -INF           18.0000        39.0000          .          
32.4         -INF           12.0000        39.0000          .          
32.5         -INF           -2.0000        39.0000          .          
32.6         -INF           20.0000        39.0000          .          
32.7         -INF           -5.0000        39.0000          .          
32.8         -INF           25.0000        39.0000          .          
32.9         -INF            8.0000        39.0000          .          
32.10        -INF           -7.0000        39.0000          .          
32.11        -INF           10.0000        39.0000          .          
32.12        -INF          -13.0000        39.0000          .          
32.13        -INF            7.0000        39.0000          .          
32.14        -INF           -3.0000        39.0000          .          
32.15        -INF          -12.0000        39.0000          .          
32.16        -INF           21.0000        39.0000          .          
32.17        -INF           19.0000        39.0000          .          
32.18        -INF           22.0000        39.0000          .          
32.19        -INF            4.0000        39.0000          .          
32.20        -INF            3.0000        39.0000          .          
32.21        -INF            1.0000        39.0000          .          
32.22        -INF            5.0000        39.0000          .          
32.23        -INF           -8.0000        39.0000          .          
32.24        -INF           11.0000        39.0000          .          
32.25        -INF           13.0000        39.0000          .          
32.26        -INF          -14.0000        39.0000          .          
32.27        -INF          -11.0000        39.0000          .          
32.28        -INF           17.0000        39.0000          .          
32.29        -INF            9.0000        39.0000          .          
32.30        -INF           15.0000        39.0000          .          
32.31        -INF           16.0000        39.0000          .          
32.33        -INF            2.0000        39.0000          .          
32.34        -INF           -4.0000        39.0000          .          
32.35        -INF           -9.0000        39.0000          .          
32.36        -INF          -10.0000        39.0000          .          
32.37        -INF           39.0000        39.0000         EPS         
32.38        -INF           14.0000        39.0000          .          
32.39        -INF           23.0000        39.0000          .          
32.40        -INF           24.0000        39.0000          .          
33.1         -INF            4.0000        39.0000          .          
33.2         -INF           -8.0000        39.0000          .          
33.3         -INF           16.0000        39.0000          .          
33.4         -INF           10.0000        39.0000          .          
33.5         -INF           -4.0000        39.0000          .          
33.6         -INF           18.0000        39.0000          .          
33.7         -INF           -7.0000        39.0000          .          
33.8         -INF           23.0000        39.0000          .          
33.9         -INF            6.0000        39.0000          .          
33.10        -INF           -9.0000        39.0000          .          
33.11        -INF            8.0000        39.0000          .          
33.12        -INF          -15.0000        39.0000          .          
33.13        -INF            5.0000        39.0000          .          
33.14        -INF           -5.0000        39.0000          .          
33.15        -INF          -14.0000        39.0000          .          
33.16        -INF           19.0000        39.0000          .          
33.17        -INF           17.0000        39.0000          .          
33.18        -INF           20.0000        39.0000          .          
33.19        -INF            2.0000        39.0000          .          
33.20        -INF            1.0000        39.0000          .          
33.21        -INF           39.0000        39.0000         EPS         
33.22        -INF            3.0000        39.0000          .          
33.23        -INF          -10.0000        39.0000          .          
33.24        -INF            9.0000        39.0000          .          
33.25        -INF           11.0000        39.0000          .          
33.26        -INF          -16.0000        39.0000          .          
33.27        -INF          -13.0000        39.0000          .          
33.28        -INF           15.0000        39.0000          .          
33.29        -INF            7.0000        39.0000          .          
33.30        -INF           13.0000        39.0000          .          
33.31        -INF           14.0000        39.0000          .          
33.32        -INF           -2.0000        39.0000          .          
33.34        -INF           -6.0000        39.0000          .          
33.35        -INF          -11.0000        39.0000          .          
33.36        -INF          -12.0000        39.0000          .          
33.37        -INF           -3.0000        39.0000          .          
33.38        -INF           12.0000        39.0000          .          
33.39        -INF           21.0000        39.0000          .          
33.40        -INF           22.0000        39.0000          .          
34.1         -INF           10.0000        39.0000          .          
34.2         -INF           -2.0000        39.0000          .          
34.3         -INF           22.0000        39.0000          .          
34.4         -INF           16.0000        39.0000          .          
34.5         -INF            2.0000        39.0000          .          
34.6         -INF           24.0000        39.0000          .          
34.7         -INF           39.0000        39.0000         EPS         
34.8         -INF           29.0000        39.0000          .          
34.9         -INF           12.0000        39.0000          .          
34.10        -INF           -3.0000        39.0000          .          
34.11        -INF           14.0000        39.0000          .          
34.12        -INF           -9.0000        39.0000          .          
34.13        -INF           11.0000        39.0000          .          
34.14        -INF            1.0000        39.0000          .          
34.15        -INF           -8.0000        39.0000          .          
34.16        -INF           25.0000        39.0000          .          
34.17        -INF           23.0000        39.0000          .          
34.18        -INF           26.0000        39.0000          .          
34.19        -INF            8.0000        39.0000          .          
34.20        -INF            7.0000        39.0000          .          
34.21        -INF            5.0000        39.0000          .          
34.22        -INF            9.0000        39.0000          .          
34.23        -INF           -4.0000        39.0000          .          
34.24        -INF           15.0000        39.0000          .          
34.25        -INF           17.0000        39.0000          .          
34.26        -INF          -10.0000        39.0000          .          
34.27        -INF           -7.0000        39.0000          .          
34.28        -INF           21.0000        39.0000          .          
34.29        -INF           13.0000        39.0000          .          
34.30        -INF           19.0000        39.0000          .          
34.31        -INF           20.0000        39.0000          .          
34.32        -INF            4.0000        39.0000          .          
34.33        -INF            6.0000        39.0000          .          
34.35        -INF           -5.0000        39.0000          .          
34.36        -INF           -6.0000        39.0000          .          
34.37        -INF            3.0000        39.0000          .          
34.38        -INF           18.0000        39.0000          .          
34.39        -INF           27.0000        39.0000          .          
34.40        -INF           28.0000        39.0000          .          
35.1         -INF           15.0000        39.0000          .          
35.2         -INF            3.0000        39.0000          .          
35.3         -INF           27.0000        39.0000          .          
35.4         -INF           21.0000        39.0000          .          
35.5         -INF            7.0000        39.0000          .          
35.6         -INF           29.0000        39.0000          .          
35.7         -INF            4.0000        39.0000          .          
35.8         -INF           34.0000        39.0000          .          
35.9         -INF           17.0000        39.0000          .          
35.10        -INF            2.0000        39.0000          .          
35.11        -INF           19.0000        39.0000          .          
35.12        -INF           -4.0000        39.0000          .          
35.13        -INF           16.0000        39.0000          .          
35.14        -INF            6.0000        39.0000          .          
35.15        -INF           -3.0000        39.0000          .          
35.16        -INF           30.0000        39.0000          .          
35.17        -INF           28.0000        39.0000          .          
35.18        -INF           31.0000        39.0000          .          
35.19        -INF           13.0000        39.0000          .          
35.20        -INF           12.0000        39.0000          .          
35.21        -INF           10.0000        39.0000          .          
35.22        -INF           14.0000        39.0000          .          
35.23        -INF            1.0000        39.0000          .          
35.24        -INF           20.0000        39.0000          .          
35.25        -INF           22.0000        39.0000          .          
35.26        -INF           -5.0000        39.0000          .          
35.27        -INF           -2.0000        39.0000          .          
35.28        -INF           26.0000        39.0000          .          
35.29        -INF           18.0000        39.0000          .          
35.30        -INF           24.0000        39.0000          .          
35.31        -INF           25.0000        39.0000          .          
35.32        -INF            9.0000        39.0000          .          
35.33        -INF           11.0000        39.0000          .          
35.34        -INF            5.0000        39.0000          .          
35.36        -INF           39.0000        39.0000         EPS         
35.37        -INF            8.0000        39.0000          .          
35.38        -INF           23.0000        39.0000          .          
35.39        -INF           32.0000        39.0000          .          
35.40        -INF           33.0000        39.0000          .          
36.1         -INF           16.0000        39.0000          .          
36.2         -INF            4.0000        39.0000          .          
36.3         -INF           28.0000        39.0000          .          
36.4         -INF           22.0000        39.0000          .          
36.5         -INF            8.0000        39.0000          .          
36.6         -INF           30.0000        39.0000          .          
36.7         -INF            5.0000        39.0000          .          
36.8         -INF           35.0000        39.0000          .          
36.9         -INF           18.0000        39.0000          .          
36.10        -INF            3.0000        39.0000          .          
36.11        -INF           20.0000        39.0000          .          
36.12        -INF           -3.0000        39.0000          .          
36.13        -INF           17.0000        39.0000          .          
36.14        -INF            7.0000        39.0000          .          
36.15        -INF           -2.0000        39.0000          .          
36.16        -INF           31.0000        39.0000          .          
36.17        -INF           29.0000        39.0000          .          
36.18        -INF           32.0000        39.0000          .          
36.19        -INF           14.0000        39.0000          .          
36.20        -INF           13.0000        39.0000          .          
36.21        -INF           11.0000        39.0000          .          
36.22        -INF           15.0000        39.0000          .          
36.23        -INF            2.0000        39.0000          .          
36.24        -INF           21.0000        39.0000          .          
36.25        -INF           23.0000        39.0000          .          
36.26        -INF           -4.0000        39.0000          .          
36.27        -INF           39.0000        39.0000         EPS         
36.28        -INF           27.0000        39.0000          .          
36.29        -INF           19.0000        39.0000          .          
36.30        -INF           25.0000        39.0000          .          
36.31        -INF           26.0000        39.0000          .          
36.32        -INF           10.0000        39.0000          .          
36.33        -INF           12.0000        39.0000          .          
36.34        -INF            6.0000        39.0000          .          
36.35        -INF            1.0000        39.0000          .          
36.37        -INF            9.0000        39.0000          .          
36.38        -INF           24.0000        39.0000          .          
36.39        -INF           33.0000        39.0000          .          
36.40        -INF           34.0000        39.0000          .          
37.1         -INF            7.0000        39.0000          .          
37.2         -INF           -5.0000        39.0000          .          
37.3         -INF           19.0000        39.0000          .          
37.4         -INF           13.0000        39.0000          .          
37.5         -INF           39.0000        39.0000         EPS         
37.6         -INF           21.0000        39.0000          .          
37.7         -INF           -4.0000        39.0000          .          
37.8         -INF           26.0000        39.0000          .          
37.9         -INF            9.0000        39.0000          .          
37.10        -INF           -6.0000        39.0000          .          
37.11        -INF           11.0000        39.0000          .          
37.12        -INF          -12.0000        39.0000          .          
37.13        -INF            8.0000        39.0000          .          
37.14        -INF           -2.0000        39.0000          .          
37.15        -INF          -11.0000        39.0000          .          
37.16        -INF           22.0000        39.0000          .          
37.17        -INF           20.0000        39.0000          .          
37.18        -INF           23.0000        39.0000          .          
37.19        -INF            5.0000        39.0000          .          
37.20        -INF            4.0000        39.0000          .          
37.21        -INF            2.0000        39.0000          .          
37.22        -INF            6.0000        39.0000          .          
37.23        -INF           -7.0000        39.0000          .          
37.24        -INF           12.0000        39.0000          .          
37.25        -INF           14.0000        39.0000          .          
37.26        -INF          -13.0000        39.0000          .          
37.27        -INF          -10.0000        39.0000          .          
37.28        -INF           18.0000        39.0000          .          
37.29        -INF           10.0000        39.0000          .          
37.30        -INF           16.0000        39.0000          .          
37.31        -INF           17.0000        39.0000          .          
37.32        -INF            1.0000        39.0000          .          
37.33        -INF            3.0000        39.0000          .          
37.34        -INF           -3.0000        39.0000          .          
37.35        -INF           -8.0000        39.0000          .          
37.36        -INF           -9.0000        39.0000          .          
37.38        -INF           15.0000        39.0000          .          
37.39        -INF           24.0000        39.0000          .          
37.40        -INF           25.0000        39.0000          .          
38.1         -INF           -8.0000        39.0000          .          
38.2         -INF          -20.0000        39.0000          .          
38.3         -INF            4.0000        39.0000          .          
38.4         -INF           -2.0000        39.0000          .          
38.5         -INF          -16.0000        39.0000          .          
38.6         -INF            6.0000        39.0000          .          
38.7         -INF          -19.0000        39.0000          .          
38.8         -INF           11.0000        39.0000          .          
38.9         -INF           -6.0000        39.0000          .          
38.10        -INF          -21.0000        39.0000          .          
38.11        -INF           -4.0000        39.0000          .          
38.12        -INF          -27.0000        39.0000          .          
38.13        -INF           -7.0000        39.0000          .          
38.14        -INF          -17.0000        39.0000          .          
38.15        -INF          -26.0000        39.0000          .          
38.16        -INF            7.0000        39.0000          .          
38.17        -INF            5.0000        39.0000          .          
38.18        -INF            8.0000        39.0000          .          
38.19        -INF          -10.0000        39.0000          .          
38.20        -INF          -11.0000        39.0000          .          
38.21        -INF          -13.0000        39.0000          .          
38.22        -INF           -9.0000        39.0000          .          
38.23        -INF          -22.0000        39.0000          .          
38.24        -INF           -3.0000        39.0000          .          
38.25        -INF           39.0000        39.0000         EPS         
38.26        -INF          -28.0000        39.0000          .          
38.27        -INF          -25.0000        39.0000          .          
38.28        -INF            3.0000        39.0000          .          
38.29        -INF           -5.0000        39.0000          .          
38.30        -INF            1.0000        39.0000          .          
38.31        -INF            2.0000        39.0000          .          
38.32        -INF          -14.0000        39.0000          .          
38.33        -INF          -12.0000        39.0000          .          
38.34        -INF          -18.0000        39.0000          .          
38.35        -INF          -23.0000        39.0000          .          
38.36        -INF          -24.0000        39.0000          .          
38.37        -INF          -15.0000        39.0000          .          
38.39        -INF            9.0000        39.0000          .          
38.40        -INF           10.0000        39.0000          .          
39.1         -INF          -17.0000        39.0000          .          
39.2         -INF          -29.0000        39.0000          .          
39.3         -INF           -5.0000        39.0000          .          
39.4         -INF          -11.0000        39.0000          .          
39.5         -INF          -25.0000        39.0000          .          
39.6         -INF           -3.0000        39.0000          .          
39.7         -INF          -28.0000        39.0000          .          
39.8         -INF            2.0000        39.0000          .          
39.9         -INF          -15.0000        39.0000          .          
39.10        -INF          -30.0000        39.0000          .          
39.11        -INF          -13.0000        39.0000          .          
39.12        -INF          -36.0000        39.0000          .          
39.13        -INF          -16.0000        39.0000          .          
39.14        -INF          -26.0000        39.0000          .          
39.15        -INF          -35.0000        39.0000          .          
39.16        -INF           -2.0000        39.0000          .          
39.17        -INF           -4.0000        39.0000          .          
39.18        -INF           39.0000        39.0000         EPS         
39.19        -INF          -19.0000        39.0000          .          
39.20        -INF          -20.0000        39.0000          .          
39.21        -INF          -22.0000        39.0000          .          
39.22        -INF          -18.0000        39.0000          .          
39.23        -INF          -31.0000        39.0000          .          
39.24        -INF          -12.0000        39.0000          .          
39.25        -INF          -10.0000        39.0000          .          
39.26        -INF          -37.0000        39.0000          .          
39.27        -INF          -34.0000        39.0000          .          
39.28        -INF           -6.0000        39.0000          .          
39.29        -INF          -14.0000        39.0000          .          
39.30        -INF           -8.0000        39.0000          .          
39.31        -INF           -7.0000        39.0000          .          
39.32        -INF          -23.0000        39.0000          .          
39.33        -INF          -21.0000        39.0000          .          
39.34        -INF          -27.0000        39.0000          .          
39.35        -INF          -32.0000        39.0000          .          
39.36        -INF          -33.0000        39.0000          .          
39.37        -INF          -24.0000        39.0000          .          
39.38        -INF           -9.0000        39.0000          .          
39.40        -INF            1.0000        39.0000          .          
40.1         -INF          -18.0000        39.0000          .          
40.2         -INF          -30.0000        39.0000          .          
40.3         -INF           -6.0000        39.0000          .          
40.4         -INF          -12.0000        39.0000          .          
40.5         -INF          -26.0000        39.0000          .          
40.6         -INF           -4.0000        39.0000          .          
40.7         -INF          -29.0000        39.0000          .          
40.8         -INF            1.0000        39.0000          .          
40.9         -INF          -16.0000        39.0000          .          
40.10        -INF          -31.0000        39.0000          .          
40.11        -INF          -14.0000        39.0000          .          
40.12        -INF          -37.0000        39.0000          .          
40.13        -INF          -17.0000        39.0000          .          
40.14        -INF          -27.0000        39.0000          .          
40.15        -INF          -36.0000        39.0000          .          
40.16        -INF           -3.0000        39.0000          .          
40.17        -INF           -5.0000        39.0000          .          
40.18        -INF           -2.0000        39.0000          .          
40.19        -INF          -20.0000        39.0000          .          
40.20        -INF          -21.0000        39.0000          .          
40.21        -INF          -23.0000        39.0000          .          
40.22        -INF          -19.0000        39.0000          .          
40.23        -INF          -32.0000        39.0000          .          
40.24        -INF          -13.0000        39.0000          .          
40.25        -INF          -11.0000        39.0000          .          
40.26        -INF          -38.0000        39.0000          .          
40.27        -INF          -35.0000        39.0000          .          
40.28        -INF           -7.0000        39.0000          .          
40.29        -INF          -15.0000        39.0000          .          
40.30        -INF           -9.0000        39.0000          .          
40.31        -INF           -8.0000        39.0000          .          
40.32        -INF          -24.0000        39.0000          .          
40.33        -INF          -22.0000        39.0000          .          
40.34        -INF          -28.0000        39.0000          .          
40.35        -INF          -33.0000        39.0000          .          
40.36        -INF          -34.0000        39.0000          .          
40.37        -INF          -25.0000        39.0000          .          
40.38        -INF          -10.0000        39.0000          .          
40.39        -INF           39.0000        39.0000         EPS         

---- EQU tw1  Arrival time is within the time window

          LOWER          LEVEL          UPPER         MARGINAL

0         -INF             .              .              .          
1         -INF         -607.2000      -387.0000          .          
2         -INF         -937.0000      -768.0000          .          
3         -INF         -389.0000      -344.0000          .          
4         -INF         -516.6000      -499.0000          .          
5         -INF         -878.0000      -638.0000          .          
6         -INF         -346.0000      -106.0000          .          
7         -INF         -927.0000      -833.0000          .          
8         -INF         -218.0000      -218.0000         EPS         
9         -INF         -567.0000      -381.0000          .          
10        -INF         -951.8000      -802.0000          .          
11        -INF         -541.6000      -322.0000          .          
12        -INF        -1041.2000      -818.0000          .          
13        -INF         -582.8000      -546.0000          .          
14        -INF         -891.6000      -762.0000          .          
15        -INF        -1021.8000      -801.0000          .          
16        -INF         -335.2000      -107.0000          .          
17        -INF         -376.0000      -376.0000         EPS         
18        -INF         -277.0000      -211.0000          .          
19        -INF         -634.2000      -396.0000          .          
20        -INF         -648.6000      -548.0000          .          
21        -INF         -681.2000      -570.0000          .          
22        -INF         -616.4000      -571.0000          .          
23        -INF         -968.2000      -793.0000          .          
24        -INF         -530.0000      -372.0000          .          
25        -INF         -505.6000      -294.0000          .          
26        -INF        -1062.0000      -822.0000          .          
27        -INF        -1002.4000      -800.0000          .          
28        -INF         -402.6000      -397.0000          .          
29        -INF         -560.0000      -331.0000          .          
30        -INF         -467.6000      -390.0000          .          
31        -INF         -452.0000      -452.0000         EPS         
32        -INF         -810.0000      -760.0000          .          
33        -INF         -665.4000      -626.0000          .          
34        -INF         -905.8000      -753.0000          .          
35        -INF         -975.2000      -794.0000          .          
36        -INF         -985.4000      -812.0000          .          
37        -INF         -824.0000      -584.0000          .          
38        -INF         -487.6000      -431.0000          .          
39        -INF         -264.0000      -264.0000         EPS         
40        -INF         -227.0000       -90.0000          .          

---- EQU tw2  Arrival time is within the time window

          LOWER          LEVEL          UPPER         MARGINAL

0         -INF             .          1440.0000          .          
1         -INF          607.2000       627.0000          .          
2         -INF          937.0000      1008.0000          .          
3         -INF          389.0000       584.0000          .          
4         -INF          516.6000       739.0000          .          
5         -INF          878.0000       878.0000         EPS         
6         -INF          346.0000       346.0000         EPS         
7         -INF          927.0000      1073.0000          .          
8         -INF          218.0000       458.0000          .          
9         -INF          567.0000       621.0000          .          
10        -INF          951.8000      1042.0000          .          
11        -INF          541.6000       562.0000          .          
12        -INF         1041.2000      1058.0000          .          
13        -INF          582.8000       786.0000          .          
14        -INF          891.6000      1002.0000          .          
15        -INF         1021.8000      1041.0000          .          
16        -INF          335.2000       347.0000          .          
17        -INF          376.0000       616.0000          .          
18        -INF          277.0000       451.0000          .          
19        -INF          634.2000       636.0000          .          
20        -INF          648.6000       788.0000          .          
21        -INF          681.2000       810.0000          .          
22        -INF          616.4000       811.0000          .          
23        -INF          968.2000      1033.0000          .          
24        -INF          530.0000       612.0000          .          
25        -INF          505.6000       534.0000          .          
26        -INF         1062.0000      1062.0000         EPS         
27        -INF         1002.4000      1040.0000          .          
28        -INF          402.6000       637.0000          .          
29        -INF          560.0000       571.0000          .          
30        -INF          467.6000       630.0000          .          
31        -INF          452.0000       692.0000          .          
32        -INF          810.0000      1000.0000          .          
33        -INF          665.4000       866.0000          .          
34        -INF          905.8000       993.0000          .          
35        -INF          975.2000      1034.0000          .          
36        -INF          985.4000      1052.0000          .          
37        -INF          824.0000       824.0000         EPS         
38        -INF          487.6000       671.0000          .          
39        -INF          264.0000       504.0000          .          
40        -INF          227.0000       330.0000          .          

---- EQU Time  Arrival time calculation

             LOWER          LEVEL          UPPER         MARGINAL

1 .1         -INF             .          8798.0000          .          
1 .2         -INF         -329.8000      9979.4000          .          
1 .3         -INF          218.2000      9984.8000          .          
1 .4         -INF           90.6000      9962.0000          .          
1 .5         -INF         -270.8000      9987.8000          .          
1 .6         -INF          261.2000      9969.8000          .          
1 .7         -INF         -319.8000      9989.6000          .          
1 .8         -INF          389.2000      9976.4000          .          
1 .9         -INF           40.2000      9971.0000          .          
1 .10        -INF         -344.6000      9971.6000          .          
1 .11        -INF           65.6000      9989.0000          .          
1 .12        -INF         -434.0000      9986.0000          .          
1 .13        -INF           24.4000      9983.6000          .          
1 .14        -INF         -284.4000      9982.4000          .          
1 .15        -INF         -414.6000      9988.4000          .          
1 .16        -INF          272.0000      9966.2000          .          
1 .17        -INF          231.2000      9975.8000          .          
1 .18        -INF          330.2000      9971.0000          .          
1 .19        -INF          -27.0000      9987.2000          .          
1 .20        -INF          -41.4000      9989.0000          .          
1 .21        -INF          -74.0000      9983.0000          .          
1 .22        -INF         9990.8000      9990.8000         EPS         
1 .23        -INF         -361.0000      9962.6000          .          
1 .24        -INF           77.2000      9983.6000          .          
1 .25        -INF          101.6000      9986.6000          .          
1 .26        -INF         -454.8000      9966.2000          .          
1 .27        -INF         -395.2000      9972.8000          .          
1 .28        -INF          204.6000      9972.2000          .          
1 .29        -INF           47.2000      9968.0000          .          
1 .30        -INF          139.6000      9977.0000          .          
1 .31        -INF          155.2000      9973.4000          .          
1 .32        -INF         -202.8000      9974.6000          .          
1 .33        -INF          -58.2000      9970.4000          .          
1 .34        -INF         -298.6000      9976.4000          .          
1 .35        -INF         -368.0000      9968.6000          .          
1 .36        -INF         -378.2000      9991.4000          .          
1 .37        -INF         -216.8000      9983.0000          .          
1 .38        -INF          119.6000      9979.4000          .          
1 .39        -INF          343.2000      9972.2000          .          
1 .40        -INF          380.2000      9973.4000          .          
2 .1         -INF          329.8000      9974.4000          .          
2 .2         -INF             .          8793.0000          .          
2 .3         -INF          548.0000      9973.8000          .          
2 .4         -INF          420.4000      9962.4000          .          
2 .5         -INF           59.0000      9983.4000          .          
2 .6         -INF          591.0000      9962.4000          .          
2 .7         -INF           10.0000      9984.0000          .          
2 .8         -INF          719.0000      9963.6000          .          
2 .9         -INF          370.0000      9962.4000          .          
2 .10        -INF         9985.2000      9985.2000         EPS         
2 .11        -INF          395.4000      9958.2000          .          
2 .12        -INF         -104.2000      9971.4000          .          
2 .13        -INF          354.2000      9963.0000          .          
2 .14        -INF           45.4000      9964.2000          .          
2 .15        -INF          -84.8000      9969.0000          .          
2 .16        -INF          601.8000      9986.4000          .          
2 .17        -INF          561.0000      9970.8000          .          
2 .18        -INF          660.0000      9976.2000          .          
2 .19        -INF          302.8000      9980.4000          .          
2 .20        -INF          288.4000      9969.0000          .          
2 .21        -INF          255.8000      9985.8000          .          
2 .22        -INF          320.6000      9977.4000          .          
2 .23        -INF          -31.2000      9959.4000          .          
2 .24        -INF          407.0000      9957.6000          .          
2 .25        -INF          431.4000      9961.2000          .          
2 .26        -INF         -125.0000      9967.2000          .          
2 .27        -INF          -65.4000      9976.2000          .          
2 .28        -INF          534.4000      9969.0000          .          
2 .29        -INF          377.0000      9978.0000          .          
2 .30        -INF          469.4000      9982.2000          .          
2 .31        -INF          485.0000      9961.2000          .          
2 .32        -INF          127.0000      9969.6000          .          
2 .33        -INF          271.6000      9964.2000          .          
2 .34        -INF           31.2000      9975.0000          .          
2 .35        -INF          -38.2000      9967.2000          .          
2 .36        -INF          -48.4000      9972.6000          .          
2 .37        -INF          113.0000      9973.8000          .          
2 .38        -INF          449.4000      9985.2000          .          
2 .39        -INF          673.0000      9987.0000          .          
2 .40        -INF          710.0000      9984.0000          .          
3 .1         -INF         -218.2000      9979.8000          .          
3 .2         -INF         -548.0000      9973.8000          .          
3 .3         -INF             .          8793.0000          .          
3 .4         -INF         -127.6000      9963.0000          .          
3 .5         -INF         -489.0000      9982.2000          .          
3 .6         -INF           43.0000      9971.4000          .          
3 .7         -INF         -538.0000      9965.4000          .          
3 .8         -INF          171.0000      9964.2000          .          
3 .9         -INF         -178.0000      9972.6000          .          
3 .10        -INF         -562.8000      9985.2000          .          
3 .11        -INF         -152.6000      9963.6000          .          
3 .12        -INF         -652.2000      9969.0000          .          
3 .13        -INF         -193.8000      9977.4000          .          
3 .14        -INF         -502.6000      9983.4000          .          
3 .15        -INF         -632.8000      9970.2000          .          
3 .16        -INF           53.8000      9962.4000          .          
3 .17        -INF           13.0000      9987.0000          .          
3 .18        -INF          112.0000      9984.6000          .          
3 .19        -INF         -245.2000      9971.4000          .          
3 .20        -INF         -259.6000      9976.2000          .          
3 .21        -INF         -292.2000      9972.6000          .          
3 .22        -INF         -227.4000      9978.0000          .          
3 .23        -INF         -579.2000      9983.4000          .          
3 .24        -INF         -141.0000      9957.0000          .          
3 .25        -INF         -116.6000      9957.6000          .          
3 .26        -INF         -673.0000      9972.6000          .          
3 .27        -INF         -613.4000      9959.4000          .          
3 .28        -INF         9986.4000      9986.4000         EPS         
3 .29        -INF         -171.0000      9979.8000          .          
3 .30        -INF          -78.6000      9967.2000          .          
3 .31        -INF          -63.0000      9970.2000          .          
3 .32        -INF         -421.0000      9981.0000          .          
3 .33        -INF         -276.4000      9982.2000          .          
3 .34        -INF         -516.8000      9966.6000          .          
3 .35        -INF         -586.2000      9957.0000          .          
3 .36        -INF         -596.4000      9974.4000          .          
3 .37        -INF         -435.0000      9981.0000          .          
3 .38        -INF          -98.6000      9960.6000          .          
3 .39        -INF          125.0000      9971.4000          .          
3 .40        -INF          162.0000      9981.6000          .          
4 .1         -INF          -90.6000      9962.0000          .          
4 .2         -INF         -420.4000      9967.4000          .          
4 .3         -INF          127.6000      9968.0000          .          
4 .4         -INF             .          8798.0000          .          
4 .5         -INF         -361.4000      9988.4000          .          
4 .6         -INF          170.6000      9981.2000          .          
4 .7         -INF         -410.4000      9978.8000          .          
4 .8         -INF          298.6000      9979.4000          .          
4 .9         -INF          -50.4000      9984.8000          .          
4 .10        -INF         -435.2000      9978.2000          .          
4 .11        -INF          -25.0000      9966.8000          .          
4 .12        -INF         -524.6000      9975.2000          .          
4 .13        -INF          -66.2000      9979.4000          .          
4 .14        -INF         -375.0000      9986.6000          .          
4 .15        -INF         -505.2000      9962.6000          .          
4 .16        -INF          181.4000      9981.2000          .          
4 .17        -INF          140.6000      9988.4000          .          
4 .18        -INF          239.6000      9985.4000          .          
4 .19        -INF         -117.6000      9976.4000          .          
4 .20        -INF         -132.0000      9963.8000          .          
4 .21        -INF         -164.6000      9962.0000          .          
4 .22        -INF          -99.8000      9982.4000          .          
4 .23        -INF         -451.6000      9990.2000          .          
4 .24        -INF         9986.6000      9986.6000         EPS         
4 .25        -INF           11.0000      9989.0000          .          
4 .26        -INF         -545.4000      9982.4000          .          
4 .27        -INF         -485.8000      9964.4000          .          
4 .28        -INF          114.0000      9984.2000          .          
4 .29        -INF          -43.4000      9965.6000          .          
4 .30        -INF           49.0000      9962.0000          .          
4 .31        -INF           64.6000      9966.2000          .          
4 .32        -INF         -293.4000      9963.8000          .          
4 .33        -INF         -148.8000      9970.4000          .          
4 .34        -INF         -389.2000      9990.8000          .          
4 .35        -INF         -458.6000      9989.6000          .          
4 .36        -INF         -468.8000      9962.6000          .          
4 .37        -INF         -307.4000      9983.0000          .          
4 .38        -INF           29.0000      9985.4000          .          
4 .39        -INF          252.6000      9968.0000          .          
4 .40        -INF          289.6000      9965.6000          .          
5 .1         -INF          270.8000      9988.8000          .          
5 .2         -INF          -59.0000      9989.4000          .          
5 .3         -INF          489.0000      9988.2000          .          
5 .4         -INF          361.4000      9989.4000          .          
5 .5         -INF             .          8799.0000          .          
5 .6         -INF          532.0000      9978.6000          .          
5 .7         -INF          -49.0000      9973.2000          .          
5 .8         -INF          660.0000      9975.0000          .          
5 .9         -INF          311.0000      9971.4000          .          
5 .10        -INF          -73.8000      9966.0000          .          
5 .11        -INF          336.4000      9966.6000          .          
5 .12        -INF         -163.2000      9978.0000          .          
5 .13        -INF          295.2000      9981.6000          .          
5 .14        -INF         9986.4000      9991.8000          .          
5 .15        -INF         -143.8000      9988.8000          .          
5 .16        -INF          542.8000      9973.8000          .          
5 .17        -INF          502.0000      9990.6000          .          
5 .18        -INF          601.0000      9991.8000          .          
5 .19        -INF          243.8000      9981.6000          .          
5 .20        -INF          229.4000      9988.2000          .          
5 .21        -INF          196.8000      9963.6000          .          
5 .22        -INF          261.6000      9988.2000          .          
5 .23        -INF          -90.2000      9969.0000          .          
5 .24        -INF          348.0000      9964.8000          .          
5 .25        -INF          372.4000      9982.8000          .          
5 .26        -INF         -184.0000      9964.8000          .          
5 .27        -INF         -124.4000      9980.4000          .          
5 .28        -INF          475.4000      9981.6000          .          
5 .29        -INF          318.0000      9963.6000          .          
5 .30        -INF          410.4000      9970.8000          .          
5 .31        -INF          426.0000      9972.0000          .          
5 .32        -INF           68.0000      9969.6000          .          
5 .33        -INF          212.6000      9966.6000          .          
5 .34        -INF          -27.8000      9972.6000          .          
5 .35        -INF          -97.2000      9966.0000          .          
5 .36        -INF         -107.4000      9984.0000          .          
5 .37        -INF           54.0000      9991.8000          .          
5 .38        -INF          390.4000      9967.8000          .          
5 .39        -INF          614.0000      9966.0000          .          
5 .40        -INF          651.0000      9975.0000          .          
6 .1         -INF         -261.2000      9961.8000          .          
6 .2         -INF         -591.0000      9959.4000          .          
6 .3         -INF          -43.0000      9968.4000          .          
6 .4         -INF         -170.6000      9973.2000          .          
6 .5         -INF         -532.0000      9969.6000          .          
6 .6         -INF             .          8790.0000          .          
6 .7         -INF         -581.0000      9961.8000          .          
6 .8         -INF          128.0000      9956.4000          .          
6 .9         -INF         -221.0000      9978.0000          .          
6 .10        -INF         -605.8000      9972.6000          .          
6 .11        -INF         -195.6000      9958.8000          .          
6 .12        -INF         -695.2000      9955.2000          .          
6 .13        -INF         -236.8000      9965.4000          .          
6 .14        -INF         -545.6000      9973.8000          .          
6 .15        -INF         -675.8000      9981.0000          .          
6 .16        -INF           10.8000      9982.2000          .          
6 .17        -INF         9970.0000      9978.0000          .          
6 .18        -INF           69.0000      9974.4000          .          
6 .19        -INF         -288.2000      9963.0000          .          
6 .20        -INF         -302.6000      9967.2000          .          
6 .21        -INF         -335.2000      9961.8000          .          
6 .22        -INF         -270.4000      9967.2000          .          
6 .23        -INF         -622.2000      9960.0000          .          
6 .24        -INF         -184.0000      9960.0000          .          
6 .25        -INF         -159.6000      9957.6000          .          
6 .26        -INF         -716.0000      9970.8000          .          
6 .27        -INF         -656.4000      9957.6000          .          
6 .28        -INF          -56.6000      9966.0000          .          
6 .29        -INF         -214.0000      9966.0000          .          
6 .30        -INF         -121.6000      9966.0000          .          
6 .31        -INF         -106.0000      9977.4000          .          
6 .32        -INF         -464.0000      9984.0000          .          
6 .33        -INF         -319.4000      9956.4000          .          
6 .34        -INF         -559.8000      9976.2000          .          
6 .35        -INF         -629.2000      9976.2000          .          
6 .36        -INF         -639.4000      9978.0000          .          
6 .37        -INF         -478.0000      9957.0000          .          
6 .38        -INF         -141.6000      9954.0000          .          
6 .39        -INF           82.0000      9972.6000          .          
6 .40        -INF          119.0000      9964.8000          .          
7 .1         -INF          319.8000      9990.6000          .          
7 .2         -INF         9990.0000      9990.0000         EPS         
7 .3         -INF          538.0000      9971.4000          .          
7 .4         -INF          410.4000      9979.8000          .          
7 .5         -INF           49.0000      9973.2000          .          
7 .6         -INF          581.0000      9970.8000          .          
7 .7         -INF             .          8799.0000          .          
7 .8         -INF          709.0000      9981.6000          .          
7 .9         -INF          360.0000      9975.0000          .          
7 .10        -INF          -24.8000      9984.6000          .          
7 .11        -INF          385.4000      9967.8000          .          
7 .12        -INF         -114.2000      9979.2000          .          
7 .13        -INF          344.2000      9963.6000          .          
7 .14        -INF           35.4000      9970.2000          .          
7 .15        -INF          -94.8000      9991.2000          .          
7 .16        -INF          591.8000      9970.2000          .          
7 .17        -INF          551.0000      9978.0000          .          
7 .18        -INF          650.0000      9988.2000          .          
7 .19        -INF          292.8000      9982.2000          .          
7 .20        -INF          278.4000      9990.0000          .          
7 .21        -INF          245.8000      9982.2000          .          
7 .22        -INF          310.6000      9987.0000          .          
7 .23        -INF          -41.2000      9979.2000          .          
7 .24        -INF          397.0000      9975.0000          .          
7 .25        -INF          421.4000      9966.0000          .          
7 .26        -INF         -135.0000      9971.4000          .          
7 .27        -INF          -75.4000      9986.4000          .          
7 .28        -INF          524.4000      9966.6000          .          
7 .29        -INF          367.0000      9984.6000          .          
7 .30        -INF          459.4000      9985.8000          .          
7 .31        -INF          475.0000      9988.2000          .          
7 .32        -INF          117.0000      9964.2000          .          
7 .33        -INF          261.6000      9993.0000          .          
7 .34        -INF           21.2000      9985.8000          .          
7 .35        -INF          -48.2000      9981.6000          .          
7 .36        -INF          -58.4000      9979.8000          .          
7 .37        -INF          103.0000      9988.2000          .          
7 .38        -INF          439.4000      9979.8000          .          
7 .39        -INF          663.0000      9976.8000          .          
7 .40        -INF          700.0000      9963.0000          .          
8 .1         -INF         -389.2000      9975.4000          .          
8 .2         -INF         -719.0000      9967.6000          .          
8 .3         -INF         -171.0000      9968.2000          .          
8 .4         -INF         -298.6000      9978.4000          .          
8 .5         -INF         -660.0000      9973.0000          .          
8 .6         -INF         -128.0000      9963.4000          .          
8 .7         -INF         -709.0000      9979.6000          .          
8 .8         -INF             .          8797.0000          .          
8 .9         -INF         -349.0000      9971.2000          .          
8 .10        -INF         -733.8000      9974.8000          .          
8 .11        -INF         -323.6000      9968.8000          .          
8 .12        -INF         -823.2000      9983.2000          .          
8 .13        -INF         -364.8000      9991.0000          .          
8 .14        -INF         -673.6000      9965.2000          .          
8 .15        -INF         -803.8000      9968.2000          .          
8 .16        -INF         -117.2000      9962.8000          .          
8 .17        -INF         -158.0000      9989.2000          .          
8 .18        -INF          -59.0000      9969.4000          .          
8 .19        -INF         -416.2000      9972.4000          .          
8 .20        -INF         -430.6000      9974.2000          .          
8 .21        -INF         -463.2000      9969.4000          .          
8 .22        -INF         -398.4000      9989.2000          .          
8 .23        -INF         -750.2000      9985.6000          .          
8 .24        -INF         -312.0000      9965.8000          .          
8 .25        -INF         -287.6000      9963.4000          .          
8 .26        -INF         -844.0000      9979.6000          .          
8 .27        -INF         -784.4000      9978.4000          .          
8 .28        -INF         -184.6000      9964.0000          .          
8 .29        -INF         -342.0000      9979.6000          .          
8 .30        -INF         -249.6000      9965.2000          .          
8 .31        -INF         -234.0000      9965.8000          .          
8 .32        -INF         -592.0000      9982.0000          .          
8 .33        -INF         -447.4000      9979.0000          .          
8 .34        -INF         -687.8000      9968.8000          .          
8 .35        -INF         -757.2000      9983.8000          .          
8 .36        -INF         -767.4000      9991.0000          .          
8 .37        -INF         -606.0000      9967.6000          .          
8 .38        -INF         -269.6000      9986.8000          .          
8 .39        -INF          -46.0000      9968.8000          .          
8 .40        -INF         9991.0000      9991.0000         EPS         
9 .1         -INF          -40.2000      9965.0000          .          
9 .2         -INF         -370.0000      9961.4000          .          
9 .3         -INF          178.0000      9971.6000          .          
9 .4         -INF           50.4000      9978.8000          .          
9 .5         -INF         -311.0000      9964.4000          .          
9 .6         -INF          221.0000      9980.0000          .          
9 .7         -INF         -360.0000      9968.0000          .          
9 .8         -INF          349.0000      9966.2000          .          
9 .9         -INF             .          8792.0000          .          
9 .10        -INF         -384.8000      9963.2000          .          
9 .11        -INF           25.4000      9965.6000          .          
9 .12        -INF         -474.2000      9972.2000          .          
9 .13        -INF         9984.2000      9984.2000         EPS         
9 .14        -INF         -324.6000      9984.2000          .          
9 .15        -INF         -454.8000      9968.0000          .          
9 .16        -INF          231.8000      9966.2000          .          
9 .17        -INF          191.0000      9959.0000          .          
9 .18        -INF          290.0000      9956.0000          .          
9 .19        -INF          -67.2000      9983.6000          .          
9 .20        -INF          -81.6000      9958.4000          .          
9 .21        -INF         -114.2000      9977.6000          .          
9 .22        -INF          -49.4000      9968.6000          .          
9 .23        -INF         -401.2000      9978.2000          .          
9 .24        -INF           37.0000      9965.6000          .          
9 .25        -INF           61.4000      9972.8000          .          
9 .26        -INF         -495.0000      9978.2000          .          
9 .27        -INF         -435.4000      9959.0000          .          
9 .28        -INF          164.4000      9977.6000          .          
9 .29        -INF            7.0000      9986.0000          .          
9 .30        -INF           99.4000      9979.4000          .          
9 .31        -INF          115.0000      9981.2000          .          
9 .32        -INF         -243.0000      9984.2000          .          
9 .33        -INF          -98.4000      9975.2000          .          
9 .34        -INF         -338.8000      9979.4000          .          
9 .35        -INF         -408.2000      9975.8000          .          
9 .36        -INF         -418.4000      9958.4000          .          
9 .37        -INF         -257.0000      9977.6000          .          
9 .38        -INF           79.4000      9981.2000          .          
9 .39        -INF          303.0000      9977.6000          .          
9 .40        -INF          340.0000      9980.0000          .          
10.1         -INF          344.6000      9965.6000          .          
10.2         -INF           14.8000      9984.2000          .          
10.3         -INF          562.8000      9984.2000          .          
10.4         -INF          435.2000      9972.2000          .          
10.5         -INF           73.8000      9959.0000          .          
10.6         -INF          605.8000      9974.6000          .          
10.7         -INF           24.8000      9977.6000          .          
10.8         -INF          733.8000      9969.8000          .          
10.9         -INF          384.8000      9963.2000          .          
10.10        -INF             .          8792.0000          .          
10.11        -INF          410.2000      9980.0000          .          
10.12        -INF          -89.4000      9962.6000          .          
10.13        -INF          369.0000      9978.2000          .          
10.14        -INF           60.2000      9958.4000          .          
10.15        -INF          -70.0000      9964.4000          .          
10.16        -INF          616.6000      9983.6000          .          
10.17        -INF          575.8000      9970.4000          .          
10.18        -INF          674.8000      9975.8000          .          
10.19        -INF          317.6000      9961.4000          .          
10.20        -INF          303.2000      9986.0000          .          
10.21        -INF          270.6000      9970.4000          .          
10.22        -INF          335.4000      9977.6000          .          
10.23        -INF         9983.6000      9983.6000         EPS         
10.24        -INF          421.8000      9963.2000          .          
10.25        -INF          446.2000      9963.8000          .          
10.26        -INF         -110.2000      9965.0000          .          
10.27        -INF          -50.6000      9974.6000          .          
10.28        -INF          549.2000      9966.2000          .          
10.29        -INF          391.8000      9972.2000          .          
10.30        -INF          484.2000      9957.2000          .          
10.31        -INF          499.8000      9957.8000          .          
10.32        -INF          141.8000      9981.8000          .          
10.33        -INF          286.4000      9957.8000          .          
10.34        -INF           46.0000      9975.2000          .          
10.35        -INF          -23.4000      9965.0000          .          
10.36        -INF          -33.6000      9957.2000          .          
10.37        -INF          127.8000      9978.8000          .          
10.38        -INF          464.2000      9968.6000          .          
10.39        -INF          687.8000      9961.4000          .          
10.40        -INF          724.8000      9972.8000          .          
11.1         -INF          -65.6000      9984.0000          .          
11.2         -INF         -395.4000      9958.2000          .          
11.3         -INF          152.6000      9963.6000          .          
11.4         -INF           25.0000      9961.8000          .          
11.5         -INF         -336.4000      9960.6000          .          
11.6         -INF          195.6000      9961.8000          .          
11.7         -INF         -385.4000      9961.8000          .          
11.8         -INF          323.6000      9964.8000          .          
11.9         -INF          -25.4000      9966.6000          .          
11.10        -INF         -410.2000      9981.0000          .          
11.11        -INF             .          8793.0000          .          
11.12        -INF         -499.6000      9957.6000          .          
11.13        -INF          -41.2000      9963.6000          .          
11.14        -INF         -350.0000      9984.0000          .          
11.15        -INF         -480.2000      9966.6000          .          
11.16        -INF          206.4000      9976.8000          .          
11.17        -INF          165.6000      9972.6000          .          
11.18        -INF          264.6000      9966.6000          .          
11.19        -INF          -92.6000      9979.8000          .          
11.20        -INF         -107.0000      9984.0000          .          
11.21        -INF         -139.6000      9973.2000          .          
11.22        -INF          -74.8000      9964.2000          .          
11.23        -INF         -426.6000      9977.4000          .          
11.24        -INF           11.6000      9983.4000          .          
11.25        -INF           36.0000      9969.0000          .          
11.26        -INF         -520.4000      9982.8000          .          
11.27        -INF         -460.8000      9961.8000          .          
11.28        -INF          139.0000      9973.8000          .          
11.29        -INF         9981.6000      9981.6000         EPS         
11.30        -INF           74.0000      9960.0000          .          
11.31        -INF           89.6000      9981.0000          .          
11.32        -INF         -268.4000      9986.4000          .          
11.33        -INF         -123.8000      9960.6000          .          
11.34        -INF         -364.2000      9982.2000          .          
11.35        -INF         -433.6000      9983.4000          .          
11.36        -INF         -443.8000      9958.8000          .          
11.37        -INF         -282.4000      9976.8000          .          
11.38        -INF           54.0000      9963.0000          .          
11.39        -INF          277.6000      9972.0000          .          
11.40        -INF          314.6000      9983.4000          .          
12.1         -INF          434.0000      9978.0000          .          
12.2         -INF          104.2000      9968.4000          .          
12.3         -INF          652.2000      9966.0000          .          
12.4         -INF          524.6000      9967.2000          .          
12.5         -INF          163.2000      9969.0000          .          
12.6         -INF          695.2000      9955.2000          .          
12.7         -INF          114.2000      9970.2000          .          
12.8         -INF          823.2000      9976.2000          .          
12.9         -INF          474.2000      9970.2000          .          
12.10        -INF           89.4000      9960.6000          .          
12.11        -INF          499.6000      9954.6000          .          
12.12        -INF             .          8790.0000          .          
12.13        -INF          458.4000      9958.8000          .          
12.14        -INF          149.6000      9972.0000          .          
12.15        -INF           19.4000      9978.6000          .          
12.16        -INF          706.0000      9964.8000          .          
12.17        -INF          665.2000      9965.4000          .          
12.18        -INF          764.2000      9956.4000          .          
12.19        -INF          407.0000      9969.0000          .          
12.20        -INF          392.6000      9977.4000          .          
12.21        -INF          360.0000      9970.8000          .          
12.22        -INF          424.8000      9976.8000          .          
12.23        -INF           73.0000      9957.6000          .          
12.24        -INF          511.2000      9957.6000          .          
12.25        -INF          535.6000      9955.8000          .          
12.26        -INF         9979.2000      9979.2000         EPS         
12.27        -INF           38.8000      9976.2000          .          
12.28        -INF          638.6000      9961.2000          .          
12.29        -INF          481.2000      9979.2000          .          
12.30        -INF          573.6000      9972.6000          .          
12.31        -INF          589.2000      9962.4000          .          
12.32        -INF          231.2000      9961.2000          .          
12.33        -INF          375.8000      9964.2000          .          
12.34        -INF          135.4000      9956.4000          .          
12.35        -INF           66.0000      9954.0000          .          
12.36        -INF           55.8000      9964.2000          .          
12.37        -INF          217.2000      9972.6000          .          
12.38        -INF          553.6000      9965.4000          .          
12.39        -INF          777.2000      9958.8000          .          
12.40        -INF          814.2000      9973.8000          .          
13.1         -INF         9975.6000      9975.6000         EPS         
13.2         -INF         -354.2000      9960.0000          .          
13.3         -INF          193.8000      9974.4000          .          
13.4         -INF           66.2000      9971.4000          .          
13.5         -INF         -295.2000      9972.6000          .          
13.6         -INF          236.8000      9965.4000          .          
13.7         -INF         -344.2000      9954.6000          .          
13.8         -INF          364.8000      9984.0000          .          
13.9         -INF           15.8000      9982.2000          .          
13.10        -INF         -369.0000      9976.2000          .          
13.11        -INF           41.2000      9960.6000          .          
13.12        -INF         -458.4000      9958.8000          .          
13.13        -INF             .          8790.0000          .          
13.14        -INF         -308.8000      9972.0000          .          
13.15        -INF         -439.0000      9984.0000          .          
13.16        -INF          247.6000      9962.4000          .          
13.17        -INF          206.8000      9976.2000          .          
13.18        -INF          305.8000      9963.0000          .          
13.19        -INF          -51.4000      9966.6000          .          
13.20        -INF          -65.8000      9975.0000          .          
13.21        -INF          -98.4000      9966.0000          .          
13.22        -INF          -33.6000      9966.0000          .          
13.23        -INF         -385.4000      9964.2000          .          
13.24        -INF           52.8000      9960.0000          .          
13.25        -INF           77.2000      9960.6000          .          
13.26        -INF         -479.2000      9981.6000          .          
13.27        -INF         -419.6000      9973.2000          .          
13.28        -INF          180.2000      9967.8000          .          
13.29        -INF           22.8000      9965.4000          .          
13.30        -INF          115.2000      9975.0000          .          
13.31        -INF          130.8000      9954.0000          .          
13.32        -INF         -227.2000      9974.4000          .          
13.33        -INF          -82.6000      9973.2000          .          
13.34        -INF         -323.0000      9964.8000          .          
13.35        -INF         -392.4000      9979.8000          .          
13.36        -INF         -402.6000      9973.2000          .          
13.37        -INF         -241.2000      9955.8000          .          
13.38        -INF           95.2000      9957.6000          .          
13.39        -INF          318.8000      9974.4000          .          
13.40        -INF          355.8000      9961.2000          .          
14.1         -INF          284.4000      9983.4000          .          
14.2         -INF          -45.4000      9970.2000          .          
14.3         -INF          502.6000      9989.4000          .          
14.4         -INF          375.0000      9987.6000          .          
14.5         -INF           13.6000      9991.8000          .          
14.6         -INF          545.6000      9982.8000          .          
14.7         -INF          -35.4000      9970.2000          .          
14.8         -INF          673.6000      9967.2000          .          
14.9         -INF          324.6000      9991.2000          .          
14.10        -INF          -60.2000      9965.4000          .          
14.11        -INF          350.0000      9990.0000          .          
14.12        -INF         -149.6000      9981.0000          .          
14.13        -INF          308.8000      9981.0000          .          
14.14        -INF             .          8799.0000          .          
14.15        -INF         -130.2000      9981.0000          .          
14.16        -INF          556.4000      9992.4000          .          
14.17        -INF          515.6000      9989.4000          .          
14.18        -INF          614.6000      9984.6000          .          
14.19        -INF          257.4000      9985.2000          .          
14.20        -INF          243.0000      9988.8000          .          
14.21        -INF          210.4000      9968.4000          .          
14.22        -INF          275.2000      9968.4000          .          
14.23        -INF          -76.6000      9965.4000          .          
14.24        -INF          361.6000      9978.0000          .          
14.25        -INF          386.0000      9975.0000          .          
14.26        -INF         -170.4000      9985.2000          .          
14.27        -INF         -110.8000      9969.0000          .          
14.28        -INF          489.0000      9978.6000          .          
14.29        -INF          331.6000      9963.6000          .          
14.30        -INF          424.0000      9970.2000          .          
14.31        -INF          439.6000      9984.6000          .          
14.32        -INF           81.6000      9969.6000          .          
14.33        -INF          226.2000      9982.2000          .          
14.34        -INF         9985.8000      9985.8000         EPS         
14.35        -INF          -83.6000      9966.0000          .          
14.36        -INF          -93.8000      9963.0000          .          
14.37        -INF           67.6000      9988.2000          .          
14.38        -INF          404.0000      9987.6000          .          
14.39        -INF          627.6000      9966.6000          .          
14.40        -INF          664.6000      9981.6000          .          
15.1         -INF          414.6000      9982.4000          .          
15.2         -INF           84.8000      9968.0000          .          
15.3         -INF          632.8000      9969.2000          .          
15.4         -INF          505.2000      9956.6000          .          
15.5         -INF          143.8000      9981.8000          .          
15.6         -INF          675.8000      9983.0000          .          
15.7         -INF           94.8000      9984.2000          .          
15.8         -INF          803.8000      9963.2000          .          
15.9         -INF          454.8000      9968.0000          .          
15.10        -INF           70.0000      9964.4000          .          
15.11        -INF          480.2000      9965.6000          .          
15.12        -INF         9980.6000      9980.6000         EPS         
15.13        -INF          439.0000      9986.0000          .          
15.14        -INF          130.2000      9974.0000          .          
15.15        -INF             .          8792.0000          .          
15.16        -INF          686.6000      9960.2000          .          
15.17        -INF          645.8000      9977.6000          .          
15.18        -INF          744.8000      9977.6000          .          
15.19        -INF          387.6000      9960.2000          .          
15.20        -INF          373.2000      9966.2000          .          
15.21        -INF          340.6000      9963.8000          .          
15.22        -INF          405.4000      9977.0000          .          
15.23        -INF           53.6000      9972.8000          .          
15.24        -INF          491.8000      9975.2000          .          
15.25        -INF          516.2000      9975.2000          .          
15.26        -INF          -40.2000      9978.2000          .          
15.27        -INF           19.4000      9980.6000          .          
15.28        -INF          619.2000      9956.0000          .          
15.29        -INF          461.8000      9963.8000          .          
15.30        -INF          554.2000      9970.4000          .          
15.31        -INF          569.8000      9969.8000          .          
15.32        -INF          211.8000      9980.0000          .          
15.33        -INF          356.4000      9971.6000          .          
15.34        -INF          116.0000      9977.0000          .          
15.35        -INF           46.6000      9980.0000          .          
15.36        -INF           36.4000      9976.4000          .          
15.37        -INF          197.8000      9966.8000          .          
15.38        -INF          534.2000      9984.8000          .          
15.39        -INF          757.8000      9958.4000          .          
15.40        -INF          794.8000      9959.6000          .          
16.1         -INF         -272.0000      9965.2000          .          
16.2         -INF         -601.8000      9990.4000          .          
16.3         -INF          -53.8000      9966.4000          .          
16.4         -INF         -181.4000      9980.2000          .          
16.5         -INF         -542.8000      9971.8000          .          
16.6         -INF         9989.2000      9989.2000         EPS         
16.7         -INF         -591.8000      9968.2000          .          
16.8         -INF          117.2000      9962.8000          .          
16.9         -INF         -231.8000      9971.2000          .          
16.10        -INF         -616.6000      9988.6000          .          
16.11        -INF         -206.4000      9980.8000          .          
16.12        -INF         -706.0000      9971.8000          .          
16.13        -INF         -247.6000      9969.4000          .          
16.14        -INF         -556.4000      9990.4000          .          
16.15        -INF         -686.6000      9965.2000          .          
16.16        -INF             .          8797.0000          .          
16.17        -INF          -40.8000      9974.2000          .          
16.18        -INF           58.2000      9989.8000          .          
16.19        -INF         -299.0000      9962.2000          .          
16.20        -INF         -313.4000      9989.2000          .          
16.21        -INF         -346.0000      9970.6000          .          
16.22        -INF         -281.2000      9989.2000          .          
16.23        -INF         -633.0000      9971.8000          .          
16.24        -INF         -194.8000      9974.8000          .          
16.25        -INF         -170.4000      9979.6000          .          
16.26        -INF         -726.8000      9968.2000          .          
16.27        -INF         -667.2000      9985.0000          .          
16.28        -INF          -67.4000      9967.0000          .          
16.29        -INF         -224.8000      9961.0000          .          
16.30        -INF         -132.4000      9961.0000          .          
16.31        -INF         -116.8000      9971.2000          .          
16.32        -INF         -474.8000      9971.2000          .          
16.33        -INF         -330.2000      9984.4000          .          
16.34        -INF         -570.6000      9963.4000          .          
16.35        -INF         -640.0000      9982.0000          .          
16.36        -INF         -650.2000      9974.2000          .          
16.37        -INF         -488.8000      9974.2000          .          
16.38        -INF         -152.4000      9964.6000          .          
16.39        -INF           71.2000      9971.8000          .          
16.40        -INF          108.2000      9965.8000          .          
17.1         -INF         -231.2000      9970.8000          .          
17.2         -INF         -561.0000      9970.8000          .          
17.3         -INF         9987.0000      9987.0000         EPS         
17.4         -INF         -140.6000      9983.4000          .          
17.5         -INF         -502.0000      9984.6000          .          
17.6         -INF           30.0000      9981.0000          .          
17.7         -INF         -551.0000      9972.0000          .          
17.8         -INF          158.0000      9985.2000          .          
17.9         -INF         -191.0000      9960.0000          .          
17.10        -INF         -575.8000      9971.4000          .          
17.11        -INF         -165.6000      9972.6000          .          
17.12        -INF         -665.2000      9968.4000          .          
17.13        -INF         -206.8000      9979.2000          .          
17.14        -INF         -515.6000      9983.4000          .          
17.15        -INF         -645.8000      9978.6000          .          
17.16        -INF           40.8000      9970.2000          .          
17.17        -INF             .          8793.0000          .          
17.18        -INF           99.0000      9964.8000          .          
17.19        -INF         -258.2000      9970.8000          .          
17.20        -INF         -272.6000      9978.6000          .          
17.21        -INF         -305.2000      9966.6000          .          
17.22        -INF         -240.4000      9984.6000          .          
17.23        -INF         -592.2000      9970.2000          .          
17.24        -INF         -154.0000      9984.6000          .          
17.25        -INF         -129.6000      9966.6000          .          
17.26        -INF         -686.0000      9980.4000          .          
17.27        -INF         -626.4000      9975.0000          .          
17.28        -INF          -26.6000      9965.4000          .          
17.29        -INF         -184.0000      9957.0000          .          
17.30        -INF          -91.6000      9983.4000          .          
17.31        -INF          -76.0000      9984.0000          .          
17.32        -INF         -434.0000      9973.2000          .          
17.33        -INF         -289.4000      9962.4000          .          
17.34        -INF         -529.8000      9984.6000          .          
17.35        -INF         -599.2000      9987.0000          .          
17.36        -INF         -609.4000      9973.8000          .          
17.37        -INF         -448.0000      9979.8000          .          
17.38        -INF         -111.6000      9967.2000          .          
17.39        -INF          112.0000      9979.8000          .          
17.40        -INF          149.0000      9973.8000          .          
18.1         -INF         -330.2000      9966.0000          .          
18.2         -INF         -660.0000      9976.2000          .          
18.3         -INF         -112.0000      9984.6000          .          
18.4         -INF         -239.6000      9980.4000          .          
18.5         -INF         -601.0000      9985.8000          .          
18.6         -INF          -69.0000      9977.4000          .          
18.7         -INF         -650.0000      9982.2000          .          
18.8         -INF           59.0000      9965.4000          .          
18.9         -INF         -290.0000      9957.0000          .          
18.10        -INF         -674.8000      9976.8000          .          
18.11        -INF         -264.6000      9966.6000          .          
18.12        -INF         -764.2000      9959.4000          .          
18.13        -INF         -305.8000      9966.0000          .          
18.14        -INF         -614.6000      9978.6000          .          
18.15        -INF         -744.8000      9978.6000          .          
18.16        -INF         9941.8000      9985.8000          .          
18.17        -INF          -99.0000      9964.8000          .          
18.18        -INF             .          8793.0000          .          
18.19        -INF         -357.2000      9966.6000          .          
18.20        -INF         -371.6000      9973.2000          .          
18.21        -INF         -404.2000      9982.8000          .          
18.22        -INF         -339.4000      9957.0000          .          
18.23        -INF         -691.2000      9963.0000          .          
18.24        -INF         -253.0000      9958.8000          .          
18.25        -INF         -228.6000      9959.4000          .          
18.26        -INF         -785.0000      9982.2000          .          
18.27        -INF         -725.4000      9962.4000          .          
18.28        -INF         -125.6000      9961.2000          .          
18.29        -INF         -283.0000      9979.2000          .          
18.30        -INF         -190.6000      9967.8000          .          
18.31        -INF         -175.0000      9968.4000          .          
18.32        -INF         -533.0000      9972.6000          .          
18.33        -INF         -388.4000      9978.6000          .          
18.34        -INF         -628.8000      9974.4000          .          
18.35        -INF         -698.2000      9964.8000          .          
18.36        -INF         -708.4000      9972.6000          .          
18.37        -INF         -547.0000      9987.0000          .          
18.38        -INF         -210.6000      9965.4000          .          
18.39        -INF           13.0000      9987.0000          .          
18.40        -INF           50.0000      9961.8000          .          
19.1         -INF           27.0000      9983.2000          .          
19.2         -INF         -302.8000      9981.4000          .          
19.3         -INF          245.2000      9972.4000          .          
19.4         -INF          117.6000      9972.4000          .          
19.5         -INF         -243.8000      9976.6000          .          
19.6         -INF          288.2000      9967.0000          .          
19.7         -INF         -292.8000      9977.2000          .          
19.8         -INF          416.2000      9969.4000          .          
19.9         -INF           67.2000      9985.6000          .          
19.10        -INF         -317.6000      9963.4000          .          
19.11        -INF           92.6000      9980.8000          .          
19.12        -INF         -407.0000      9973.0000          .          
19.13        -INF           51.4000      9970.6000          .          
19.14        -INF         -257.4000      9980.2000          .          
19.15        -INF         -387.6000      9962.2000          .          
19.16        -INF          299.0000      9959.2000          .          
19.17        -INF          258.2000      9971.8000          .          
19.18        -INF          357.2000      9967.6000          .          
19.19        -INF             .          8794.0000          .          
19.20        -INF         9985.6000      9985.6000         EPS         
19.21        -INF          -47.0000      9963.4000          .          
19.22        -INF           17.8000      9983.2000          .          
19.23        -INF         -334.0000      9986.8000          .          
19.24        -INF          104.2000      9964.6000          .          
19.25        -INF          128.6000      9968.8000          .          
19.26        -INF         -427.8000      9968.2000          .          
19.27        -INF         -368.2000      9965.8000          .          
19.28        -INF          231.6000      9971.2000          .          
19.29        -INF           74.2000      9973.0000          .          
19.30        -INF          166.6000      9970.0000          .          
19.31        -INF          182.2000      9979.0000          .          
19.32        -INF         -175.8000      9988.0000          .          
19.33        -INF          -31.2000      9971.2000          .          
19.34        -INF         -271.6000      9979.6000          .          
19.35        -INF         -341.0000      9982.0000          .          
19.36        -INF         -351.2000      9973.6000          .          
19.37        -INF         -189.8000      9977.2000          .          
19.38        -INF          146.6000      9968.2000          .          
19.39        -INF          370.2000      9958.6000          .          
19.40        -INF          407.2000      9964.0000          .          
20.1         -INF           41.4000      9982.0000          .          
20.2         -INF         -288.4000      9967.0000          .          
20.3         -INF          259.6000      9974.2000          .          
20.4         -INF          132.0000      9956.8000          .          
20.5         -INF         -229.4000      9980.2000          .          
20.6         -INF          302.6000      9968.2000          .          
20.7         -INF         -278.4000      9982.0000          .          
20.8         -INF          430.6000      9968.2000          .          
20.9         -INF           81.6000      9957.4000          .          
20.10        -INF         -303.2000      9985.0000          .          
20.11        -INF          107.0000      9982.0000          .          
20.12        -INF         -392.6000      9978.4000          .          
20.13        -INF           65.8000      9976.0000          .          
20.14        -INF         -243.0000      9980.8000          .          
20.15        -INF         -373.2000      9965.2000          .          
20.16        -INF          313.4000      9983.2000          .          
20.17        -INF          272.6000      9976.6000          .          
20.18        -INF          371.6000      9971.2000          .          
20.19        -INF           14.4000      9982.6000          .          
20.20        -INF             .          8791.0000          .          
20.21        -INF          -32.6000      9973.6000          .          
20.22        -INF           32.2000      9970.0000          .          
20.23        -INF         -319.6000      9971.2000          .          
20.24        -INF          118.6000      9967.6000          .          
20.25        -INF          143.0000      9969.4000          .          
20.26        -INF         -413.4000      9958.6000          .          
20.27        -INF         -353.8000      9959.8000          .          
20.28        -INF          246.0000      9974.2000          .          
20.29        -INF           88.6000      9985.0000          .          
20.30        -INF          181.0000      9981.4000          .          
20.31        -INF          196.6000      9960.4000          .          
20.32        -INF         -161.4000      9972.4000          .          
20.33        -INF         9983.2000      9983.2000         EPS         
20.34        -INF         -257.2000      9965.2000          .          
20.35        -INF         -326.6000      9984.4000          .          
20.36        -INF         -336.8000      9971.2000          .          
20.37        -INF         -175.4000      9965.2000          .          
20.38        -INF          161.0000      9967.6000          .          
20.39        -INF          384.6000      9978.4000          .          
20.40        -INF          421.6000      9957.4000          .          
21.1         -INF           74.0000      9976.0000          .          
21.2         -INF         -255.8000      9983.8000          .          
21.3         -INF          292.2000      9970.6000          .          
21.4         -INF          164.6000      9955.0000          .          
21.5         -INF         -196.8000      9955.6000          .          
21.6         -INF          335.2000      9962.8000          .          
21.7         -INF         -245.8000      9974.2000          .          
21.8         -INF          463.2000      9963.4000          .          
21.9         -INF          114.2000      9976.6000          .          
21.10        -INF         -270.6000      9969.4000          .          
21.11        -INF          139.6000      9971.2000          .          
21.12        -INF         -360.0000      9971.8000          .          
21.13        -INF           98.4000      9967.0000          .          
21.14        -INF         -210.4000      9960.4000          .          
21.15        -INF         -340.6000      9962.8000          .          
21.16        -INF          346.0000      9964.6000          .          
21.17        -INF          305.2000      9964.6000          .          
21.18        -INF          404.2000      9980.8000          .          
21.19        -INF           47.0000      9960.4000          .          
21.20        -INF           32.6000      9973.6000          .          
21.21        -INF             .          8791.0000          .          
21.22        -INF           64.8000      9969.4000          .          
21.23        -INF         -287.0000      9982.0000          .          
21.24        -INF          151.2000      9955.6000          .          
21.25        -INF          175.6000      9958.0000          .          
21.26        -INF         -380.8000      9964.0000          .          
21.27        -INF         -321.2000      9959.8000          .          
21.28        -INF          278.6000      9982.0000          .          
21.29        -INF          121.2000      9968.8000          .          
21.30        -INF          213.6000      9978.4000          .          
21.31        -INF          229.2000      9981.4000          .          
21.32        -INF         9871.2000      9984.4000          .          
21.33        -INF           15.8000      9977.2000          .          
21.34        -INF         -224.6000      9962.8000          .          
21.35        -INF         -294.0000      9967.0000          .          
21.36        -INF         -304.2000      9964.6000          .          
21.37        -INF         -142.8000      9958.0000          .          
21.38        -INF          193.6000      9965.8000          .          
21.39        -INF          417.2000      9970.0000          .          
21.40        -INF          454.2000      9961.0000          .          
22.1         -INF            9.2000      9985.8000          .          
22.2         -INF         -320.6000      9977.4000          .          
22.3         -INF          227.4000      9978.0000          .          
22.4         -INF           99.8000      9977.4000          .          
22.5         -INF         -261.6000      9982.2000          .          
22.6         -INF          270.4000      9970.2000          .          
22.7         -INF         -310.6000      9981.0000          .          
22.8         -INF          398.4000      9985.2000          .          
22.9         -INF           49.4000      9969.6000          .          
22.10        -INF         -335.4000      9978.6000          .          
22.11        -INF           74.8000      9964.2000          .          
22.12        -INF         -424.8000      9979.8000          .          
22.13        -INF           33.6000      9969.0000          .          
22.14        -INF         -275.2000      9962.4000          .          
22.15        -INF         -405.4000      9978.0000          .          
22.16        -INF          281.2000      9985.2000          .          
22.17        -INF          240.4000      9984.6000          .          
22.18        -INF          339.4000      9957.0000          .          
22.19        -INF         9982.2000      9982.2000         EPS         
22.20        -INF          -32.2000      9972.0000          .          
22.21        -INF          -64.8000      9971.4000          .          
22.22        -INF             .          8793.0000          .          
22.23        -INF         -351.8000      9979.8000          .          
22.24        -INF           86.4000      9958.8000          .          
22.25        -INF          110.8000      9981.0000          .          
22.26        -INF         -445.6000      9966.6000          .          
22.27        -INF         -386.0000      9967.2000          .          
22.28        -INF          213.8000      9969.6000          .          
22.29        -INF           56.4000      9965.4000          .          
22.30        -INF          148.8000      9971.4000          .          
22.31        -INF          164.4000      9957.6000          .          
22.32        -INF         -193.6000      9985.8000          .          
22.33        -INF          -49.0000      9958.8000          .          
22.34        -INF         -289.4000      9957.0000          .          
22.35        -INF         -358.8000      9985.2000          .          
22.36        -INF         -369.0000      9963.0000          .          
22.37        -INF         -207.6000      9980.4000          .          
22.38        -INF          128.8000      9967.8000          .          
22.39        -INF          352.4000      9979.2000          .          
22.40        -INF          389.4000      9967.8000          .          
23.1         -INF          361.0000      9963.6000          .          
23.2         -INF           31.2000      9965.4000          .          
23.3         -INF          579.2000      9989.4000          .          
23.4         -INF          451.6000      9991.2000          .          
23.5         -INF           90.2000      9969.0000          .          
23.6         -INF          622.2000      9969.0000          .          
23.7         -INF           41.2000      9979.2000          .          
23.8         -INF          750.2000      9987.6000          .          
23.9         -INF          401.2000      9985.2000          .          
23.10        -INF           16.4000      9990.6000          .          
23.11        -INF          426.6000      9983.4000          .          
23.12        -INF          -73.0000      9966.6000          .          
23.13        -INF          385.4000      9973.2000          .          
23.14        -INF           76.6000      9965.4000          .          
23.15        -INF          -53.6000      9979.8000          .          
23.16        -INF          633.0000      9973.8000          .          
23.17        -INF          592.2000      9976.2000          .          
23.18        -INF          691.2000      9969.0000          .          
23.19        -INF          334.0000      9991.8000          .          
23.20        -INF          319.6000      9979.2000          .          
23.21        -INF          287.0000      9990.0000          .          
23.22        -INF          351.8000      9985.8000          .          
23.23        -INF             .          8799.0000          .          
23.24        -INF          438.2000      9971.4000          .          
23.25        -INF          462.6000      9977.4000          .          
23.26        -INF          -93.8000      9982.8000          .          
23.27        -INF          -34.2000      9963.6000          .          
23.28        -INF          565.6000      9982.2000          .          
23.29        -INF          408.2000      9991.8000          .          
23.30        -INF          500.6000      9978.6000          .          
23.31        -INF          516.2000      9973.8000          .          
23.32        -INF          158.2000      9975.6000          .          
23.33        -INF          302.8000      9966.6000          .          
23.34        -INF           62.4000      9969.0000          .          
23.35        -INF         9993.0000      9993.0000         EPS         
23.36        -INF          -17.2000      9963.6000          .          
23.37        -INF          144.2000      9992.4000          .          
23.38        -INF          480.6000      9972.6000          .          
23.39        -INF          704.2000      9971.4000          .          
23.40        -INF          741.2000      9965.4000          .          
24.1         -INF          -77.2000      9983.6000          .          
24.2         -INF         -407.0000      9962.6000          .          
24.3         -INF          141.0000      9962.0000          .          
24.4         -INF           13.4000      9986.6000          .          
24.5         -INF         -348.0000      9963.8000          .          
24.6         -INF          184.0000      9968.0000          .          
24.7         -INF         -397.0000      9974.0000          .          
24.8         -INF          312.0000      9966.8000          .          
24.9         -INF          -37.0000      9971.6000          .          
24.10        -INF         -421.8000      9969.2000          .          
24.11        -INF         9988.4000      9988.4000         EPS         
24.12        -INF         -511.2000      9965.6000          .          
24.13        -INF          -52.8000      9968.0000          .          
24.14        -INF         -361.6000      9977.0000          .          
24.15        -INF         -491.8000      9981.2000          .          
24.16        -INF          194.8000      9975.8000          .          
24.17        -INF          154.0000      9989.6000          .          
24.18        -INF          253.0000      9963.8000          .          
24.19        -INF         -104.2000      9968.6000          .          
24.20        -INF         -118.6000      9974.6000          .          
24.21        -INF         -151.2000      9962.6000          .          
24.22        -INF          -86.4000      9963.8000          .          
24.23        -INF         -438.2000      9970.4000          .          
24.24        -INF             .          8798.0000          .          
24.25        -INF           24.4000      9974.6000          .          
24.26        -INF         -532.0000      9975.8000          .          
24.27        -INF         -472.4000      9978.2000          .          
24.28        -INF          127.4000      9968.6000          .          
24.29        -INF          -30.0000      9963.2000          .          
24.30        -INF           62.4000      9983.6000          .          
24.31        -INF           78.0000      9970.4000          .          
24.32        -INF         -280.0000      9975.8000          .          
24.33        -INF         -135.4000      9965.0000          .          
24.34        -INF         -375.8000      9972.2000          .          
24.35        -INF         -445.2000      9970.4000          .          
24.36        -INF         -455.4000      9982.4000          .          
24.37        -INF         -294.0000      9980.6000          .          
24.38        -INF           42.4000      9966.2000          .          
24.39        -INF          266.0000      9968.6000          .          
24.40        -INF          303.0000      9962.0000          .          
25.1         -INF         -101.6000      9986.6000          .          
25.2         -INF         -431.4000      9966.2000          .          
25.3         -INF          116.6000      9962.6000          .          
25.4         -INF         9989.0000      9989.0000         EPS         
25.5         -INF         -372.4000      9981.8000          .          
25.6         -INF          159.6000      9965.6000          .          
25.7         -INF         -421.4000      9965.0000          .          
25.8         -INF          287.6000      9964.4000          .          
25.9         -INF          -61.4000      9978.8000          .          
25.10        -INF         -446.2000      9969.8000          .          
25.11        -INF          -36.0000      9974.0000          .          
25.12        -INF         -535.6000      9963.8000          .          
25.13        -INF          -77.2000      9968.6000          .          
25.14        -INF         -386.0000      9974.0000          .          
25.15        -INF         -516.2000      9981.2000          .          
25.16        -INF          170.4000      9980.6000          .          
25.17        -INF          129.6000      9971.6000          .          
25.18        -INF          228.6000      9964.4000          .          
25.19        -INF         -128.6000      9972.8000          .          
25.20        -INF         -143.0000      9976.4000          .          
25.21        -INF         -175.6000      9965.0000          .          
25.22        -INF         -110.8000      9986.0000          .          
25.23        -INF         -462.6000      9976.4000          .          
25.24        -INF          -24.4000      9974.6000          .          
25.25        -INF             .          8798.0000          .          
25.26        -INF         -556.4000      9973.4000          .          
25.27        -INF         -496.8000      9969.8000          .          
25.28        -INF          103.0000      9969.2000          .          
25.29        -INF          -54.4000      9974.6000          .          
25.30        -INF           38.0000      9965.6000          .          
25.31        -INF           53.6000      9983.0000          .          
25.32        -INF         -304.4000      9962.0000          .          
25.33        -INF         -159.8000      9990.8000          .          
25.34        -INF         -400.2000      9968.0000          .          
25.35        -INF         -469.6000      9963.8000          .          
25.36        -INF         -479.8000      9982.4000          .          
25.37        -INF         -318.4000      9990.2000          .          
25.38        -INF           18.0000      9989.0000          .          
25.39        -INF          241.6000      9966.8000          .          
25.40        -INF          278.6000      9968.6000          .          
26.1         -INF          454.8000      9964.2000          .          
26.2         -INF          125.0000      9970.2000          .          
26.3         -INF          673.0000      9975.6000          .          
26.4         -INF          545.4000      9980.4000          .          
26.5         -INF          184.0000      9961.8000          .          
26.6         -INF          716.0000      9976.8000          .          
26.7         -INF          135.0000      9968.4000          .          
26.8         -INF          844.0000      9978.6000          .          
26.9         -INF          495.0000      9982.2000          .          
26.10        -INF          110.2000      9969.0000          .          
26.11        -INF          520.4000      9985.8000          .          
26.12        -INF           20.8000      9985.2000          .          
26.13        -INF          479.2000      9987.6000          .          
26.14        -INF          170.4000      9982.2000          .          
26.15        -INF           40.2000      9982.2000          .          
26.16        -INF          726.8000      9967.2000          .          
26.17        -INF          686.0000      9983.4000          .          
26.18        -INF          785.0000      9985.2000          .          
26.19        -INF          427.8000      9970.2000          .          
26.20        -INF          413.4000      9963.6000          .          
26.21        -INF          380.8000      9969.0000          .          
26.22        -INF          445.6000      9969.6000          .          
26.23        -INF           93.8000      9979.8000          .          
26.24        -INF          532.0000      9973.8000          .          
26.25        -INF          556.4000      9971.4000          .          
26.26        -INF             .          8796.0000          .          
26.27        -INF           59.6000      9966.0000          .          
26.28        -INF          659.4000      9973.8000          .          
26.29        -INF          502.0000      9975.0000          .          
26.30        -INF          594.4000      9965.4000          .          
26.31        -INF          610.0000      9987.6000          .          
26.32        -INF          252.0000      9985.8000          .          
26.33        -INF          396.6000      9962.4000          .          
26.34        -INF          156.2000      9974.4000          .          
26.35        -INF           86.8000      9979.8000          .          
26.36        -INF           76.6000      9976.2000          .          
26.37        -INF          238.0000      9964.8000          .          
26.38        -INF          574.4000      9975.0000          .          
26.39        -INF          798.0000      9989.4000          .          
26.40        -INF          835.0000      9960.0000          .          
27.1         -INF          395.2000      9966.8000          .          
27.2         -INF           65.4000      9975.2000          .          
27.3         -INF          613.4000      9958.4000          .          
27.4         -INF          485.8000      9958.4000          .          
27.5         -INF          124.4000      9973.4000          .          
27.6         -INF          656.4000      9959.6000          .          
27.7         -INF           75.4000      9979.4000          .          
27.8         -INF          784.4000      9973.4000          .          
27.9         -INF          435.4000      9959.0000          .          
27.10        -INF           50.6000      9974.6000          .          
27.11        -INF          460.8000      9960.8000          .          
27.12        -INF          -38.8000      9978.2000          .          
27.13        -INF          419.6000      9975.2000          .          
27.14        -INF          110.8000      9962.0000          .          
27.15        -INF         9980.6000      9980.6000         EPS         
27.16        -INF          667.2000      9980.0000          .          
27.17        -INF          626.4000      9974.0000          .          
27.18        -INF          725.4000      9961.4000          .          
27.19        -INF          368.2000      9963.8000          .          
27.20        -INF          353.8000      9960.8000          .          
27.21        -INF          321.2000      9960.8000          .          
27.22        -INF          386.0000      9966.2000          .          
27.23        -INF           34.2000      9956.6000          .          
27.24        -INF          472.4000      9972.2000          .          
27.25        -INF          496.8000      9963.8000          .          
27.26        -INF          -59.6000      9962.0000          .          
27.27        -INF             .          8792.0000          .          
27.28        -INF          599.8000      9968.6000          .          
27.29        -INF          442.4000      9965.0000          .          
27.30        -INF          534.8000      9964.4000          .          
27.31        -INF          550.4000      9962.6000          .          
27.32        -INF          192.4000      9973.4000          .          
27.33        -INF          337.0000      9974.6000          .          
27.34        -INF           96.6000      9956.0000          .          
27.35        -INF           27.2000      9960.2000          .          
27.36        -INF           17.0000      9983.0000          .          
27.37        -INF          178.4000      9958.4000          .          
27.38        -INF          514.8000      9978.2000          .          
27.39        -INF          738.4000      9980.0000          .          
27.40        -INF          775.4000      9980.6000          .          
28.1         -INF         -204.6000      9969.2000          .          
28.2         -INF         -534.4000      9971.0000          .          
28.3         -INF           13.6000      9988.4000          .          
28.4         -INF         -114.0000      9981.2000          .          
28.5         -INF         -475.4000      9977.6000          .          
28.6         -INF           56.6000      9971.0000          .          
28.7         -INF         -524.4000      9962.6000          .          
28.8         -INF          184.6000      9962.0000          .          
28.9         -INF         -164.4000      9980.6000          .          
28.10        -INF         -549.2000      9969.2000          .          
28.11        -INF         -139.0000      9975.8000          .          
28.12        -INF         -638.6000      9966.2000          .          
28.13        -INF         -180.2000      9972.8000          .          
28.14        -INF         -489.0000      9974.6000          .          
28.15        -INF         -619.2000      9959.0000          .          
28.16        -INF           67.4000      9965.0000          .          
28.17        -INF           26.6000      9967.4000          .          
28.18        -INF          125.6000      9963.2000          .          
28.19        -INF         -231.6000      9972.2000          .          
28.20        -INF         -246.0000      9978.2000          .          
28.21        -INF         -278.6000      9986.0000          .          
28.22        -INF         -213.8000      9971.6000          .          
28.23        -INF         -565.6000      9978.2000          .          
28.24        -INF         -127.4000      9965.6000          .          
28.25        -INF         -103.0000      9966.2000          .          
28.26        -INF         -659.4000      9972.8000          .          
28.27        -INF         -599.8000      9971.6000          .          
28.28        -INF             .          8795.0000          .          
28.29        -INF         -157.4000      9978.2000          .          
28.30        -INF          -65.0000      9966.8000          .          
28.31        -INF         9950.6000      9982.4000          .          
28.32        -INF         -407.4000      9984.8000          .          
28.33        -INF         -262.8000      9972.8000          .          
28.34        -INF         -503.2000      9984.8000          .          
28.35        -INF         -572.6000      9967.4000          .          
28.36        -INF         -582.8000      9988.4000          .          
28.37        -INF         -421.4000      9980.6000          .          
28.38        -INF          -85.0000      9962.6000          .          
28.39        -INF          138.6000      9966.8000          .          
28.40        -INF          175.6000      9959.6000          .          
29.1         -INF          -47.2000      9969.0000          .          
29.2         -INF         -377.0000      9984.0000          .          
29.3         -INF          171.0000      9985.8000          .          
29.4         -INF           43.4000      9966.6000          .          
29.5         -INF         -318.0000      9963.6000          .          
29.6         -INF          214.0000      9975.0000          .          
29.7         -INF         -367.0000      9984.6000          .          
29.8         -INF          342.0000      9981.6000          .          
29.9         -INF         9993.0000      9993.0000         EPS         
29.10        -INF         -391.8000      9979.2000          .          
29.11        -INF           18.4000      9987.6000          .          
29.12        -INF         -481.2000      9988.2000          .          
29.13        -INF          -22.8000      9974.4000          .          
29.14        -INF         -331.6000      9963.6000          .          
29.15        -INF         -461.8000      9970.8000          .          
29.16        -INF          224.8000      9963.0000          .          
29.17        -INF          184.0000      9963.0000          .          
29.18        -INF          283.0000      9985.2000          .          
29.19        -INF          -74.2000      9978.0000          .          
29.20        -INF          -88.6000      9993.0000          .          
29.21        -INF         -121.2000      9976.8000          .          
29.22        -INF          -56.4000      9971.4000          .          
29.23        -INF         -408.2000      9991.8000          .          
29.24        -INF           30.0000      9964.2000          .          
29.25        -INF           54.4000      9975.6000          .          
29.26        -INF         -502.0000      9978.0000          .          
29.27        -INF         -442.4000      9972.0000          .          
29.28        -INF          157.4000      9982.2000          .          
29.29        -INF             .          8799.0000          .          
29.30        -INF           92.4000      9982.2000          .          
29.31        -INF          108.0000      9973.8000          .          
29.32        -INF         -250.0000      9983.4000          .          
29.33        -INF         -105.4000      9973.2000          .          
29.34        -INF         -345.8000      9967.8000          .          
29.35        -INF         -415.2000      9967.2000          .          
29.36        -INF         -425.4000      9982.2000          .          
29.37        -INF         -264.0000      9963.0000          .          
29.38        -INF           72.4000      9969.0000          .          
29.39        -INF          296.0000      9989.4000          .          
29.40        -INF          333.0000      9978.6000          .          
30.1         -INF         -139.6000      9971.0000          .          
30.2         -INF         -469.4000      9981.2000          .          
30.3         -INF           78.6000      9966.2000          .          
30.4         -INF          -49.0000      9956.0000          .          
30.5         -INF         -410.4000      9963.8000          .          
30.6         -INF          121.6000      9968.0000          .          
30.7         -INF         -459.4000      9978.8000          .          
30.8         -INF          249.6000      9960.2000          .          
30.9         -INF          -99.4000      9979.4000          .          
30.10        -INF         -484.2000      9957.2000          .          
30.11        -INF          -74.0000      9959.0000          .          
30.12        -INF         -573.6000      9974.6000          .          
30.13        -INF         -115.2000      9977.0000          .          
30.14        -INF         -424.0000      9963.2000          .          
30.15        -INF         -554.2000      9970.4000          .          
30.16        -INF          132.4000      9956.0000          .          
30.17        -INF           91.6000      9982.4000          .          
30.18        -INF          190.6000      9966.8000          .          
30.19        -INF         -166.6000      9968.0000          .          
30.20        -INF         -181.0000      9982.4000          .          
30.21        -INF         -213.6000      9979.4000          .          
30.22        -INF         -148.8000      9970.4000          .          
30.23        -INF         -500.6000      9971.6000          .          
30.24        -INF          -62.4000      9977.6000          .          
30.25        -INF          -38.0000      9959.6000          .          
30.26        -INF         -594.4000      9961.4000          .          
30.27        -INF         -534.8000      9964.4000          .          
30.28        -INF           65.0000      9963.8000          .          
30.29        -INF          -92.4000      9975.2000          .          
30.30        -INF             .          8792.0000          .          
30.31        -INF           15.6000      9985.4000          .          
30.32        -INF         -342.4000      9977.6000          .          
30.33        -INF         -197.8000      9965.6000          .          
30.34        -INF         -438.2000      9963.2000          .          
30.35        -INF         -507.6000      9964.4000          .          
30.36        -INF         -517.8000      9972.2000          .          
30.37        -INF         -356.4000      9971.0000          .          
30.38        -INF         9980.0000      9980.0000         EPS         
30.39        -INF          203.6000      9982.4000          .          
30.40        -INF          240.6000      9980.0000          .          
31.1         -INF         -155.2000      9966.4000          .          
31.2         -INF         -485.0000      9959.2000          .          
31.3         -INF           63.0000      9968.2000          .          
31.4         -INF          -64.6000      9959.2000          .          
31.5         -INF         -426.0000      9964.0000          .          
31.6         -INF          106.0000      9978.4000          .          
31.7         -INF         -475.0000      9980.2000          .          
31.8         -INF          234.0000      9959.8000          .          
31.9         -INF         -115.0000      9980.2000          .          
31.10        -INF         -499.8000      9956.8000          .          
31.11        -INF          -89.6000      9979.0000          .          
31.12        -INF         -589.2000      9963.4000          .          
31.13        -INF         -130.8000      9955.0000          .          
31.14        -INF         -439.6000      9976.6000          .          
31.15        -INF         -569.8000      9968.8000          .          
31.16        -INF          116.8000      9965.2000          .          
31.17        -INF           76.0000      9982.0000          .          
31.18        -INF          175.0000      9966.4000          .          
31.19        -INF         -182.2000      9976.0000          .          
31.20        -INF         -196.6000      9960.4000          .          
31.21        -INF         -229.2000      9981.4000          .          
31.22        -INF         -164.4000      9955.6000          .          
31.23        -INF         -516.2000      9965.8000          .          
31.24        -INF          -78.0000      9963.4000          .          
31.25        -INF          -53.6000      9976.0000          .          
31.26        -INF         -610.0000      9982.6000          .          
31.27        -INF         -550.4000      9961.6000          .          
31.28        -INF           49.4000      9978.4000          .          
31.29        -INF         -108.0000      9965.8000          .          
31.30        -INF         9984.4000      9984.4000         EPS         
31.31        -INF             .          8791.0000          .          
31.32        -INF         -358.0000      9970.0000          .          
31.33        -INF         -213.4000      9960.4000          .          
31.34        -INF         -453.8000      9964.0000          .          
31.35        -INF         -523.2000      9978.4000          .          
31.36        -INF         -533.4000      9973.0000          .          
31.37        -INF         -372.0000      9976.0000          .          
31.38        -INF          -35.6000      9964.0000          .          
31.39        -INF          188.0000      9969.4000          .          
31.40        -INF          225.0000      9972.4000          .          
32.1         -INF          202.8000      9968.6000          .          
32.2         -INF         -127.0000      9968.6000          .          
32.3         -INF          421.0000      9980.0000          .          
32.4         -INF          293.4000      9957.8000          .          
32.5         -INF          -68.0000      9962.6000          .          
32.6         -INF          464.0000      9986.0000          .          
32.7         -INF         -117.0000      9957.2000          .          
32.8         -INF          592.0000      9977.0000          .          
32.9         -INF          243.0000      9984.2000          .          
32.10        -INF         -141.8000      9981.8000          .          
32.11        -INF          268.4000      9985.4000          .          
32.12        -INF         -231.2000      9963.2000          .          
32.13        -INF          227.2000      9976.4000          .          
32.14        -INF          -81.6000      9962.6000          .          
32.15        -INF         -211.8000      9980.0000          .          
32.16        -INF          474.8000      9966.2000          .          
32.17        -INF          434.0000      9972.2000          .          
32.18        -INF          533.0000      9971.6000          .          
32.19        -INF          175.8000      9986.0000          .          
32.20        -INF          161.4000      9973.4000          .          
32.21        -INF          128.8000      9985.4000          .          
32.22        -INF          193.6000      9984.8000          .          
32.23        -INF         -158.2000      9968.6000          .          
32.24        -INF          280.0000      9969.8000          .          
32.25        -INF          304.4000      9956.0000          .          
32.26        -INF         -252.0000      9981.8000          .          
32.27        -INF         -192.4000      9973.4000          .          
32.28        -INF          407.4000      9981.8000          .          
32.29        -INF          250.0000      9976.4000          .          
32.30        -INF          342.4000      9977.6000          .          
32.31        -INF          358.0000      9971.0000          .          
32.32        -INF             .          8792.0000          .          
32.33        -INF          144.6000      9956.0000          .          
32.34        -INF          -95.8000      9972.2000          .          
32.35        -INF         -165.2000      9971.0000          .          
32.36        -INF         -175.4000      9959.0000          .          
32.37        -INF         9986.0000      9986.0000         EPS         
32.38        -INF          322.4000      9959.6000          .          
32.39        -INF          546.0000      9964.4000          .          
32.40        -INF          583.0000      9957.2000          .          
33.1         -INF           58.2000      9970.4000          .          
33.2         -INF         -271.6000      9969.2000          .          
33.3         -INF          276.4000      9987.2000          .          
33.4         -INF          148.8000      9970.4000          .          
33.5         -INF         -212.6000      9965.6000          .          
33.6         -INF          319.4000      9964.4000          .          
33.7         -INF         -261.6000      9992.0000          .          
33.8         -INF          447.4000      9980.0000          .          
33.9         -INF           98.4000      9981.2000          .          
33.10        -INF         -286.4000      9963.8000          .          
33.11        -INF          123.8000      9965.6000          .          
33.12        -INF         -375.8000      9972.2000          .          
33.13        -INF           82.6000      9981.2000          .          
33.14        -INF         -226.2000      9981.2000          .          
33.15        -INF         -356.4000      9977.6000          .          
33.16        -INF          330.2000      9985.4000          .          
33.17        -INF          289.4000      9967.4000          .          
33.18        -INF          388.4000      9983.6000          .          
33.19        -INF           31.2000      9975.2000          .          
33.20        -INF           16.8000      9990.2000          .          
33.21        -INF         9984.2000      9984.2000         EPS         
33.22        -INF           49.0000      9963.8000          .          
33.23        -INF         -302.8000      9965.6000          .          
33.24        -INF          135.4000      9965.0000          .          
33.25        -INF          159.8000      9990.8000          .          
33.26        -INF         -396.6000      9964.4000          .          
33.27        -INF         -337.0000      9980.6000          .          
33.28        -INF          262.8000      9975.8000          .          
33.29        -INF          105.4000      9972.2000          .          
33.30        -INF          197.8000      9971.6000          .          
33.31        -INF          213.4000      9967.4000          .          
33.32        -INF         -144.6000      9962.0000          .          
33.33        -INF             .          8798.0000          .          
33.34        -INF         -240.4000      9970.4000          .          
33.35        -INF         -309.8000      9987.2000          .          
33.36        -INF         -320.0000      9986.6000          .          
33.37        -INF         -158.6000      9984.8000          .          
33.38        -INF          177.8000      9963.8000          .          
33.39        -INF          401.4000      9969.8000          .          
33.40        -INF          438.4000      9966.8000          .          
34.1         -INF          298.6000      9970.4000          .          
34.2         -INF          -31.2000      9974.0000          .          
34.3         -INF          516.8000      9965.6000          .          
34.4         -INF          389.2000      9984.8000          .          
34.5         -INF           27.8000      9965.6000          .          
34.6         -INF          559.8000      9978.2000          .          
34.7         -INF         9978.8000      9978.8000         EPS         
34.8         -INF          687.8000      9963.8000          .          
34.9         -INF          338.8000      9979.4000          .          
34.10        -INF          -46.0000      9975.2000          .          
34.11        -INF          364.2000      9981.2000          .          
34.12        -INF         -135.4000      9958.4000          .          
34.13        -INF          323.0000      9966.8000          .          
34.14        -INF           14.2000      9978.8000          .          
34.15        -INF         -116.0000      9977.0000          .          
34.16        -INF          570.6000      9958.4000          .          
34.17        -INF          529.8000      9983.6000          .          
34.18        -INF          628.8000      9973.4000          .          
34.19        -INF          271.6000      9977.6000          .          
34.20        -INF          257.2000      9966.2000          .          
34.21        -INF          224.6000      9963.8000          .          
34.22        -INF          289.4000      9956.0000          .          
34.23        -INF          -62.4000      9962.0000          .          
34.24        -INF          375.8000      9966.2000          .          
34.25        -INF          400.2000      9962.0000          .          
34.26        -INF         -156.2000      9970.4000          .          
34.27        -INF          -96.6000      9956.0000          .          
34.28        -INF          503.2000      9981.8000          .          
34.29        -INF          345.8000      9960.8000          .          
34.30        -INF          438.2000      9963.2000          .          
34.31        -INF          453.8000      9965.0000          .          
34.32        -INF           95.8000      9972.2000          .          
34.33        -INF          240.4000      9964.4000          .          
34.34        -INF             .          8792.0000          .          
34.35        -INF          -69.4000      9961.4000          .          
34.36        -INF          -79.6000      9965.0000          .          
34.37        -INF           81.8000      9968.0000          .          
34.38        -INF          418.2000      9980.6000          .          
34.39        -INF          641.8000      9969.2000          .          
34.40        -INF          678.8000      9966.2000          .          
35.1         -INF          368.0000      9967.6000          .          
35.2         -INF           38.2000      9971.2000          .          
35.3         -INF          586.2000      9961.0000          .          
35.4         -INF          458.6000      9988.6000          .          
35.5         -INF           97.2000      9964.0000          .          
35.6         -INF          629.2000      9983.2000          .          
35.7         -INF           48.2000      9979.6000          .          
35.8         -INF          757.2000      9983.8000          .          
35.9         -INF          408.2000      9980.8000          .          
35.10        -INF           23.4000      9970.0000          .          
35.11        -INF          433.6000      9987.4000          .          
35.12        -INF          -66.0000      9961.0000          .          
35.13        -INF          392.4000      9986.8000          .          
35.14        -INF           83.6000      9964.0000          .          
35.15        -INF          -46.6000      9985.0000          .          
35.16        -INF          640.0000      9982.0000          .          
35.17        -INF          599.2000      9991.0000          .          
35.18        -INF          698.2000      9968.8000          .          
35.19        -INF          341.0000      9985.0000          .          
35.20        -INF          326.6000      9990.4000          .          
35.21        -INF          294.0000      9973.0000          .          
35.22        -INF          358.8000      9989.2000          .          
35.23        -INF            7.0000      9991.0000          .          
35.24        -INF          445.2000      9969.4000          .          
35.25        -INF          469.6000      9962.8000          .          
35.26        -INF          -86.8000      9980.8000          .          
35.27        -INF          -27.2000      9965.2000          .          
35.28        -INF          572.6000      9969.4000          .          
35.29        -INF          415.2000      9965.2000          .          
35.30        -INF          507.6000      9969.4000          .          
35.31        -INF          523.2000      9984.4000          .          
35.32        -INF          165.2000      9976.0000          .          
35.33        -INF          309.8000      9986.2000          .          
35.34        -INF           69.4000      9966.4000          .          
35.35        -INF             .          8797.0000          .          
35.36        -INF         9989.8000      9989.8000         EPS         
35.37        -INF          151.2000      9983.8000          .          
35.38        -INF          487.6000      9971.8000          .          
35.39        -INF          711.2000      9991.0000          .          
35.40        -INF          748.2000      9985.6000          .          
36.1         -INF          378.2000      9985.4000          .          
36.2         -INF           48.4000      9971.6000          .          
36.3         -INF          596.4000      9973.4000          .          
36.4         -INF          468.8000      9956.6000          .          
36.5         -INF          107.4000      9977.0000          .          
36.6         -INF          639.4000      9980.0000          .          
36.7         -INF           58.4000      9972.8000          .          
36.8         -INF          767.4000      9986.0000          .          
36.9         -INF          418.4000      9958.4000          .          
36.10        -INF           33.6000      9957.2000          .          
36.11        -INF          443.8000      9957.8000          .          
36.12        -INF          -55.8000      9966.2000          .          
36.13        -INF          402.6000      9975.2000          .          
36.14        -INF           93.8000      9956.0000          .          
36.15        -INF          -36.4000      9976.4000          .          
36.16        -INF          650.2000      9969.2000          .          
36.17        -INF          609.4000      9972.8000          .          
36.18        -INF          708.4000      9971.6000          .          
36.19        -INF          351.2000      9971.6000          .          
36.20        -INF          336.8000      9972.2000          .          
36.21        -INF          304.2000      9965.6000          .          
36.22        -INF          369.0000      9962.0000          .          
36.23        -INF           17.2000      9956.6000          .          
36.24        -INF          455.4000      9976.4000          .          
36.25        -INF          479.8000      9976.4000          .          
36.26        -INF          -76.6000      9972.2000          .          
36.27        -INF         9983.0000      9983.0000         EPS         
36.28        -INF          582.8000      9985.4000          .          
36.29        -INF          425.4000      9975.2000          .          
36.30        -INF          517.8000      9972.2000          .          
36.31        -INF          533.4000      9974.0000          .          
36.32        -INF          175.4000      9959.0000          .          
36.33        -INF          320.0000      9980.6000          .          
36.34        -INF           79.6000      9965.0000          .          
36.35        -INF           10.2000      9984.8000          .          
36.36        -INF             .          8792.0000          .          
36.37        -INF          161.4000      9975.2000          .          
36.38        -INF          497.8000      9975.2000          .          
36.39        -INF          721.4000      9970.4000          .          
36.40        -INF          758.4000      9956.6000          .          
37.1         -INF          216.8000      9976.0000          .          
37.2         -INF         -113.0000      9971.8000          .          
37.3         -INF          435.0000      9979.0000          .          
37.4         -INF          307.4000      9976.0000          .          
37.5         -INF         9946.0000      9983.8000          .          
37.6         -INF          478.0000      9958.0000          .          
37.7         -INF         -103.0000      9980.2000          .          
37.8         -INF          606.0000      9961.6000          .          
37.9         -INF          257.0000      9976.6000          .          
37.10        -INF         -127.8000      9977.8000          .          
37.11        -INF          282.4000      9974.8000          .          
37.12        -INF         -217.2000      9973.6000          .          
37.13        -INF          241.2000      9956.8000          .          
37.14        -INF          -67.6000      9980.2000          .          
37.15        -INF         -197.8000      9965.8000          .          
37.16        -INF          488.8000      9968.2000          .          
37.17        -INF          448.0000      9977.8000          .          
37.18        -INF          547.0000      9985.0000          .          
37.19        -INF          189.8000      9974.2000          .          
37.20        -INF          175.4000      9965.2000          .          
37.21        -INF          142.8000      9958.0000          .          
37.22        -INF          207.6000      9978.4000          .          
37.23        -INF         -144.2000      9984.4000          .          
37.24        -INF          294.0000      9973.6000          .          
37.25        -INF          318.4000      9983.2000          .          
37.26        -INF         -238.0000      9959.8000          .          
37.27        -INF         -178.4000      9957.4000          .          
37.28        -INF          421.4000      9976.6000          .          
37.29        -INF          264.0000      9955.0000          .          
37.30        -INF          356.4000      9970.0000          .          
37.31        -INF          372.0000      9976.0000          .          
37.32        -INF           14.0000      9985.0000          .          
37.33        -INF          158.6000      9977.8000          .          
37.34        -INF          -81.8000      9967.0000          .          
37.35        -INF         -151.2000      9977.8000          .          
37.36        -INF         -161.4000      9974.2000          .          
37.37        -INF             .          8791.0000          .          
37.38        -INF          336.4000      9982.0000          .          
37.39        -INF          560.0000      9983.2000          .          
37.40        -INF          597.0000      9958.6000          .          
38.1         -INF         -119.6000      9972.4000          .          
38.2         -INF         -449.4000      9983.2000          .          
38.3         -INF           98.6000      9958.6000          .          
38.4         -INF          -29.0000      9978.4000          .          
38.5         -INF         -390.4000      9959.8000          .          
38.6         -INF          141.6000      9955.0000          .          
38.7         -INF         -439.4000      9971.8000          .          
38.8         -INF          269.6000      9980.8000          .          
38.9         -INF          -79.4000      9980.2000          .          
38.10        -INF         -464.2000      9967.6000          .          
38.11        -INF          -54.0000      9961.0000          .          
38.12        -INF         -553.6000      9966.4000          .          
38.13        -INF          -95.2000      9958.6000          .          
38.14        -INF         -404.0000      9979.6000          .          
38.15        -INF         -534.2000      9983.8000          .          
38.16        -INF          152.4000      9958.6000          .          
38.17        -INF          111.6000      9965.2000          .          
38.18        -INF          210.6000      9963.4000          .          
38.19        -INF         -146.6000      9965.2000          .          
38.20        -INF         -161.0000      9967.6000          .          
38.21        -INF         -193.6000      9965.8000          .          
38.22        -INF         -128.8000      9965.8000          .          
38.23        -INF         -480.6000      9964.6000          .          
38.24        -INF          -42.4000      9959.2000          .          
38.25        -INF         9982.0000      9982.0000         EPS         
38.26        -INF         -574.4000      9970.0000          .          
38.27        -INF         -514.8000      9977.2000          .          
38.28        -INF           85.0000      9958.6000          .          
38.29        -INF          -72.4000      9961.0000          .          
38.30        -INF           20.0000      9979.0000          .          
38.31        -INF           35.6000      9964.0000          .          
38.32        -INF         -322.4000      9958.6000          .          
38.33        -INF         -177.8000      9956.8000          .          
38.34        -INF         -418.2000      9979.6000          .          
38.35        -INF         -487.6000      9965.8000          .          
38.36        -INF         -497.8000      9974.2000          .          
38.37        -INF         -336.4000      9982.0000          .          
38.38        -INF             .          8791.0000          .          
38.39        -INF          223.6000      9980.8000          .          
38.40        -INF          260.6000      9968.2000          .          
39.1         -INF         -343.2000      9967.2000          .          
39.2         -INF         -673.0000      9987.0000          .          
39.3         -INF         -125.0000      9971.4000          .          
39.4         -INF         -252.6000      9963.0000          .          
39.5         -INF         -614.0000      9960.0000          .          
39.6         -INF          -82.0000      9975.6000          .          
39.7         -INF         -663.0000      9970.8000          .          
39.8         -INF           46.0000      9964.8000          .          
39.9         -INF         -303.0000      9978.6000          .          
39.10        -INF         -687.8000      9962.4000          .          
39.11        -INF         -277.6000      9972.0000          .          
39.12        -INF         -777.2000      9961.8000          .          
39.13        -INF         -318.8000      9977.4000          .          
39.14        -INF         -627.6000      9960.6000          .          
39.15        -INF         -757.8000      9959.4000          .          
39.16        -INF          -71.2000      9967.8000          .          
39.17        -INF         -112.0000      9979.8000          .          
39.18        -INF         9987.0000      9987.0000         EPS         
39.19        -INF         -370.2000      9957.6000          .          
39.20        -INF         -384.6000      9980.4000          .          
39.21        -INF         -417.2000      9972.0000          .          
39.22        -INF         -352.4000      9979.2000          .          
39.23        -INF         -704.2000      9965.4000          .          
39.24        -INF         -266.0000      9963.6000          .          
39.25        -INF         -241.6000      9961.8000          .          
39.26        -INF         -798.0000      9986.4000          .          
39.27        -INF         -738.4000      9981.0000          .          
39.28        -INF         -138.6000      9964.8000          .          
39.29        -INF         -296.0000      9983.4000          .          
39.30        -INF         -203.6000      9983.4000          .          
39.31        -INF         -188.0000      9971.4000          .          
39.32        -INF         -546.0000      9965.4000          .          
39.33        -INF         -401.4000      9964.8000          .          
39.34        -INF         -641.8000      9970.2000          .          
39.35        -INF         -711.2000      9987.0000          .          
39.36        -INF         -721.4000      9971.4000          .          
39.37        -INF         -560.0000      9985.2000          .          
39.38        -INF         -223.6000      9982.8000          .          
39.39        -INF             .          8793.0000          .          
39.40        -INF           37.0000      9968.4000          .          
40.1         -INF         -380.2000      9968.4000          .          
40.2         -INF         -710.0000      9984.0000          .          
40.3         -INF         -162.0000      9981.6000          .          
40.4         -INF         -289.6000      9960.6000          .          
40.5         -INF         -651.0000      9969.0000          .          
40.6         -INF         -119.0000      9967.8000          .          
40.7         -INF         -700.0000      9957.0000          .          
40.8         -INF            9.0000      9987.0000          .          
40.9         -INF         -340.0000      9981.0000          .          
40.10        -INF         -724.8000      9973.8000          .          
40.11        -INF         -314.6000      9983.4000          .          
40.12        -INF         -814.2000      9976.8000          .          
40.13        -INF         -355.8000      9964.2000          .          
40.14        -INF         -664.6000      9975.6000          .          
40.15        -INF         -794.8000      9960.6000          .          
40.16        -INF         -108.2000      9961.8000          .          
40.17        -INF         -149.0000      9973.8000          .          
40.18        -INF          -50.0000      9961.8000          .          
40.19        -INF         -407.2000      9963.0000          .          
40.20        -INF         -421.6000      9959.4000          .          
40.21        -INF         -454.2000      9963.0000          .          
40.22        -INF         -389.4000      9967.8000          .          
40.23        -INF         -741.2000      9959.4000          .          
40.24        -INF         -303.0000      9957.0000          .          
40.25        -INF         -278.6000      9963.6000          .          
40.26        -INF         -835.0000      9957.0000          .          
40.27        -INF         -775.4000      9981.6000          .          
40.28        -INF         -175.6000      9957.6000          .          
40.29        -INF         -333.0000      9972.6000          .          
40.30        -INF         -240.6000      9981.0000          .          
40.31        -INF         -225.0000      9974.4000          .          
40.32        -INF         -583.0000      9958.2000          .          
40.33        -INF         -438.4000      9961.8000          .          
40.34        -INF         -678.8000      9967.2000          .          
40.35        -INF         -748.2000      9981.6000          .          
40.36        -INF         -758.4000      9957.6000          .          
40.37        -INF         -597.0000      9960.6000          .          
40.38        -INF         -260.6000      9970.2000          .          
40.39        -INF         9963.0000      9968.4000          .          
40.40        -INF             .          8793.0000          .          

---- VAR x  1 if traveling from i to j, 0 otherwise

             LOWER          LEVEL          UPPER         MARGINAL

0 .0           .              .             1.0000      1000.0000      
0 .1           .              .             1.0000        15.5000      
0 .2           .              .             1.0000        19.5000      
0 .3           .              .             1.0000        26.0000      
0 .4           .              .             1.0000        26.0000      
0 .5           .              .             1.0000        27.5000      
0 .6           .              .             1.0000        35.0000      
0 .7           .              .             1.0000        32.0000      
0 .8           .             1.0000         1.0000        13.0000      
0 .9           .              .             1.0000        22.5000      
0 .10          .              .             1.0000        13.0000      
0 .11          .              .             1.0000        19.5000      
0 .12          .              .             1.0000        10.5000      
0 .13          .              .             1.0000        14.5000      
0 .14          .              .             1.0000        26.5000      
0 .15          .              .             1.0000        34.0000      
0 .16          .              .             1.0000        15.5000      
0 .17          .              .             1.0000        12.5000      
0 .18          .              .             1.0000        15.0000      
0 .19          .              .             1.0000        20.5000      
0 .20          .              .             1.0000        10.0000      
0 .21          .              .             1.0000        33.0000      
0 .22          .              .             1.0000        26.0000      
0 .23          .              .             1.0000        20.5000      
0 .24          .              .             1.0000        23.5000      
0 .25          .              .             1.0000        23.5000      
0 .26          .              .             1.0000        11.0000      
0 .27          .              .             1.0000        34.5000      
0 .28          .              .             1.0000        18.0000      
0 .29          .              .             1.0000        21.0000      
0 .30          .              .             1.0000        16.5000      
0 .31          .              .             1.0000        18.0000      
0 .32          .              .             1.0000        19.5000      
0 .33          .              .             1.0000        13.0000      
0 .34          .              .             1.0000        24.5000      
0 .35          .              .             1.0000        31.0000      
0 .36          .              .             1.0000        27.0000      
0 .37          .              .             1.0000        21.5000      
0 .38          .              .             1.0000        11.0000      
0 .39          .              .             1.0000        34.0000      
0 .40          .              .             1.0000        24.5000      
1 .0           .              .             1.0000        15.5000      
1 .1           .              .             1.0000      1000.0000      
1 .2           .              .             1.0000        15.5000      
1 .3           .              .             1.0000        11.0000      
1 .4           .              .             1.0000        30.0000      
1 .5           .              .             1.0000         8.5000      
1 .6           .              .             1.0000        23.5000      
1 .7           .              .             1.0000         7.0000      
1 .8           .              .             1.0000        18.0000      
1 .9           .              .             1.0000        22.5000      
1 .10          .              .             1.0000        22.0000      
1 .11          .              .             1.0000         7.5000      
1 .12          .              .             1.0000        10.0000      
1 .13          .              .             1.0000        12.0000      
1 .14          .              .             1.0000        13.0000      
1 .15          .              .             1.0000         8.0000      
1 .16          .              .             1.0000        26.5000      
1 .17          .              .             1.0000        18.5000      
1 .18          .              .             1.0000        22.5000      
1 .19          .              .             1.0000         9.0000      
1 .20          .              .             1.0000         7.5000      
1 .21          .              .             1.0000        12.5000      
1 .22          .             1.0000         1.0000         6.0000      
1 .23          .              .             1.0000        29.5000      
1 .24          .              .             1.0000        12.0000      
1 .25          .              .             1.0000         9.5000      
1 .26          .              .             1.0000        26.5000      
1 .27          .              .             1.0000        21.0000      
1 .28          .              .             1.0000        21.5000      
1 .29          .              .             1.0000        25.0000      
1 .30          .              .             1.0000        17.5000      
1 .31          .              .             1.0000        20.5000      
1 .32          .              .             1.0000        19.5000      
1 .33          .              .             1.0000        23.0000      
1 .34          .              .             1.0000        18.0000      
1 .35          .              .             1.0000        24.5000      
1 .36          .              .             1.0000         5.5000      
1 .37          .              .             1.0000        12.5000      
1 .38          .              .             1.0000        15.5000      
1 .39          .              .             1.0000        21.5000      
1 .40          .              .             1.0000        20.5000      
2 .0           .              .             1.0000        19.5000      
2 .1           .              .             1.0000        15.5000      
2 .2           .              .             1.0000      1000.0000      
2 .3           .              .             1.0000        16.0000      
2 .4           .              .             1.0000        25.5000      
2 .5           .              .             1.0000         8.0000      
2 .6           .              .             1.0000        25.5000      
2 .7           .              .             1.0000         7.5000      
2 .8           .              .             1.0000        24.5000      
2 .9           .              .             1.0000        25.5000      
2 .10          .             1.0000         1.0000         6.5000      
2 .11          .              .             1.0000        29.0000      
2 .12          .              .             1.0000        18.0000      
2 .13          .              .             1.0000        25.0000      
2 .14          .              .             1.0000        24.0000      
2 .15          .              .             1.0000        20.0000      
2 .16          .              .             1.0000         5.5000      
2 .17          .              .             1.0000        18.5000      
2 .18          .              .             1.0000        14.0000      
2 .19          .              .             1.0000        10.5000      
2 .20          .              .             1.0000        20.0000      
2 .21          .              .             1.0000         6.0000      
2 .22          .              .             1.0000        13.0000      
2 .23          .              .             1.0000        28.0000      
2 .24          .              .             1.0000        29.5000      
2 .25          .              .             1.0000        26.5000      
2 .26          .              .             1.0000        21.5000      
2 .27          .              .             1.0000        14.0000      
2 .28          .              .             1.0000        20.0000      
2 .29          .              .             1.0000        12.5000      
2 .30          .              .             1.0000         9.0000      
2 .31          .              .             1.0000        26.5000      
2 .32          .              .             1.0000        19.5000      
2 .33          .              .             1.0000        24.0000      
2 .34          .              .             1.0000        15.0000      
2 .35          .              .             1.0000        21.5000      
2 .36          .              .             1.0000        17.0000      
2 .37          .              .             1.0000        16.0000      
2 .38          .              .             1.0000         6.5000      
2 .39          .              .             1.0000         5.0000      
2 .40          .              .             1.0000         7.5000      
3 .0           .              .             1.0000        26.0000      
3 .1           .              .             1.0000        11.0000      
3 .2           .              .             1.0000        16.0000      
3 .3           .              .             1.0000      1000.0000      
3 .4           .              .             1.0000        25.0000      
3 .5           .              .             1.0000         9.0000      
3 .6           .              .             1.0000        18.0000      
3 .7           .              .             1.0000        23.0000      
3 .8           .              .             1.0000        24.0000      
3 .9           .              .             1.0000        17.0000      
3 .10          .              .             1.0000         6.5000      
3 .11          .              .             1.0000        24.5000      
3 .12          .              .             1.0000        20.0000      
3 .13          .              .             1.0000        13.0000      
3 .14          .              .             1.0000         8.0000      
3 .15          .              .             1.0000        19.0000      
3 .16          .              .             1.0000        25.5000      
3 .17          .              .             1.0000         5.0000      
3 .18          .              .             1.0000         7.0000      
3 .19          .              .             1.0000        18.0000      
3 .20          .              .             1.0000        14.0000      
3 .21          .              .             1.0000        17.0000      
3 .22          .              .             1.0000        12.5000      
3 .23          .              .             1.0000         8.0000      
3 .24          .              .             1.0000        30.0000      
3 .25          .              .             1.0000        29.5000      
3 .26          .              .             1.0000        17.0000      
3 .27          .              .             1.0000        28.0000      
3 .28          .             1.0000         1.0000         5.5000      
3 .29          .              .             1.0000        11.0000      
3 .30          .              .             1.0000        21.5000      
3 .31          .              .             1.0000        19.0000      
3 .32          .              .             1.0000        10.0000      
3 .33          .              .             1.0000         9.0000      
3 .34          .              .             1.0000        22.0000      
3 .35          .              .             1.0000        30.0000      
3 .36          .              .             1.0000        15.5000      
3 .37          .              .             1.0000        10.0000      
3 .38          .              .             1.0000        27.0000      
3 .39          .              .             1.0000        18.0000      
3 .40          .              .             1.0000         9.5000      
4 .0           .              .             1.0000        26.0000      
4 .1           .              .             1.0000        30.0000      
4 .2           .              .             1.0000        25.5000      
4 .3           .              .             1.0000        25.0000      
4 .4           .              .             1.0000      1000.0000      
4 .5           .              .             1.0000         8.0000      
4 .6           .              .             1.0000        14.0000      
4 .7           .              .             1.0000        16.0000      
4 .8           .              .             1.0000        15.5000      
4 .9           .              .             1.0000        11.0000      
4 .10          .              .             1.0000        16.5000      
4 .11          .              .             1.0000        26.0000      
4 .12          .              .             1.0000        19.0000      
4 .13          .              .             1.0000        15.5000      
4 .14          .              .             1.0000         9.5000      
4 .15          .              .             1.0000        29.5000      
4 .16          .              .             1.0000        14.0000      
4 .17          .              .             1.0000         8.0000      
4 .18          .              .             1.0000        10.5000      
4 .19          .              .             1.0000        18.0000      
4 .20          .              .             1.0000        28.5000      
4 .21          .              .             1.0000        30.0000      
4 .22          .              .             1.0000        13.0000      
4 .23          .              .             1.0000         6.5000      
4 .24          .             1.0000         1.0000         9.5000      
4 .25          .              .             1.0000         7.5000      
4 .26          .              .             1.0000        13.0000      
4 .27          .              .             1.0000        28.0000      
4 .28          .              .             1.0000        11.5000      
4 .29          .              .             1.0000        27.0000      
4 .30          .              .             1.0000        30.0000      
4 .31          .              .             1.0000        26.5000      
4 .32          .              .             1.0000        28.5000      
4 .33          .              .             1.0000        23.0000      
4 .34          .              .             1.0000         6.0000      
4 .35          .              .             1.0000         7.0000      
4 .36          .              .             1.0000        29.5000      
4 .37          .              .             1.0000        12.5000      
4 .38          .              .             1.0000        10.5000      
4 .39          .              .             1.0000        25.0000      
4 .40          .              .             1.0000        27.0000      
5 .0           .              .             1.0000        27.5000      
5 .1           .              .             1.0000         8.5000      
5 .2           .              .             1.0000         8.0000      
5 .3           .              .             1.0000         9.0000      
5 .4           .              .             1.0000         8.0000      
5 .5           .              .             1.0000      1000.0000      
5 .6           .              .             1.0000        17.0000      
5 .7           .              .             1.0000        21.5000      
5 .8           .              .             1.0000        20.0000      
5 .9           .              .             1.0000        23.0000      
5 .10          .              .             1.0000        27.5000      
5 .11          .              .             1.0000        27.0000      
5 .12          .              .             1.0000        17.5000      
5 .13          .              .             1.0000        14.5000      
5 .14          .             1.0000         1.0000         6.0000      
5 .15          .              .             1.0000         8.5000      
5 .16          .              .             1.0000        21.0000      
5 .17          .              .             1.0000         7.0000      
5 .18          .              .             1.0000         6.0000      
5 .19          .              .             1.0000        14.5000      
5 .20          .              .             1.0000         9.0000      
5 .21          .              .             1.0000        29.5000      
5 .22          .              .             1.0000         9.0000      
5 .23          .              .             1.0000        25.0000      
5 .24          .              .             1.0000        28.5000      
5 .25          .              .             1.0000        13.5000      
5 .26          .              .             1.0000        28.5000      
5 .27          .              .             1.0000        15.5000      
5 .28          .              .             1.0000        14.5000      
5 .29          .              .             1.0000        29.5000      
5 .30          .              .             1.0000        23.5000      
5 .31          .              .             1.0000        22.5000      
5 .32          .              .             1.0000        24.5000      
5 .33          .              .             1.0000        27.0000      
5 .34          .              .             1.0000        22.0000      
5 .35          .              .             1.0000        27.5000      
5 .36          .              .             1.0000        12.5000      
5 .37          .              .             1.0000         6.0000      
5 .38          .              .             1.0000        26.0000      
5 .39          .              .             1.0000        27.5000      
5 .40          .              .             1.0000        20.0000      
6 .0           .              .             1.0000        35.0000      
6 .1           .              .             1.0000        23.5000      
6 .2           .              .             1.0000        25.5000      
6 .3           .              .             1.0000        18.0000      
6 .4           .              .             1.0000        14.0000      
6 .5           .              .             1.0000        17.0000      
6 .6           .              .             1.0000      1000.0000      
6 .7           .              .             1.0000        23.5000      
6 .8           .              .             1.0000        28.0000      
6 .9           .              .             1.0000        10.0000      
6 .10          .              .             1.0000        14.5000      
6 .11          .              .             1.0000        26.0000      
6 .12          .              .             1.0000        29.0000      
6 .13          .              .             1.0000        20.5000      
6 .14          .              .             1.0000        13.5000      
6 .15          .              .             1.0000         7.5000      
6 .16          .              .             1.0000         6.5000      
6 .17          .             1.0000         1.0000        10.0000      
6 .18          .              .             1.0000        13.0000      
6 .19          .              .             1.0000        22.5000      
6 .20          .              .             1.0000        19.0000      
6 .21          .              .             1.0000        23.5000      
6 .22          .              .             1.0000        19.0000      
6 .23          .              .             1.0000        25.0000      
6 .24          .              .             1.0000        25.0000      
6 .25          .              .             1.0000        27.0000      
6 .26          .              .             1.0000        16.0000      
6 .27          .              .             1.0000        27.0000      
6 .28          .              .             1.0000        20.0000      
6 .29          .              .             1.0000        20.0000      
6 .30          .              .             1.0000        20.0000      
6 .31          .              .             1.0000        10.5000      
6 .32          .              .             1.0000         5.0000      
6 .33          .              .             1.0000        28.0000      
6 .34          .              .             1.0000        11.5000      
6 .35          .              .             1.0000        11.5000      
6 .36          .              .             1.0000        10.0000      
6 .37          .              .             1.0000        27.5000      
6 .38          .              .             1.0000        30.0000      
6 .39          .              .             1.0000        14.5000      
6 .40          .              .             1.0000        21.0000      
7 .0           .              .             1.0000        32.0000      
7 .1           .              .             1.0000         7.0000      
7 .2           .             1.0000         1.0000         7.5000      
7 .3           .              .             1.0000        23.0000      
7 .4           .              .             1.0000        16.0000      
7 .5           .              .             1.0000        21.5000      
7 .6           .              .             1.0000        23.5000      
7 .7           .              .             1.0000      1000.0000      
7 .8           .              .             1.0000        14.5000      
7 .9           .              .             1.0000        20.0000      
7 .10          .              .             1.0000        12.0000      
7 .11          .              .             1.0000        26.0000      
7 .12          .              .             1.0000        16.5000      
7 .13          .              .             1.0000        29.5000      
7 .14          .              .             1.0000        24.0000      
7 .15          .              .             1.0000         6.5000      
7 .16          .              .             1.0000        24.0000      
7 .17          .              .             1.0000        17.5000      
7 .18          .              .             1.0000         9.0000      
7 .19          .              .             1.0000        14.0000      
7 .20          .              .             1.0000         7.5000      
7 .21          .              .             1.0000        14.0000      
7 .22          .              .             1.0000        10.0000      
7 .23          .              .             1.0000        16.5000      
7 .24          .              .             1.0000        20.0000      
7 .25          .              .             1.0000        27.5000      
7 .26          .              .             1.0000        23.0000      
7 .27          .              .             1.0000        10.5000      
7 .28          .              .             1.0000        27.0000      
7 .29          .              .             1.0000        12.0000      
7 .30          .              .             1.0000        11.0000      
7 .31          .              .             1.0000         9.0000      
7 .32          .              .             1.0000        29.0000      
7 .33          .              .             1.0000         5.0000      
7 .34          .              .             1.0000        11.0000      
7 .35          .              .             1.0000        14.5000      
7 .36          .              .             1.0000        16.0000      
7 .37          .              .             1.0000         9.0000      
7 .38          .              .             1.0000        16.0000      
7 .39          .              .             1.0000        18.5000      
7 .40          .              .             1.0000        30.0000      
8 .0           .              .             1.0000        13.0000      
8 .1           .              .             1.0000        18.0000      
8 .2           .              .             1.0000        24.5000      
8 .3           .              .             1.0000        24.0000      
8 .4           .              .             1.0000        15.5000      
8 .5           .              .             1.0000        20.0000      
8 .6           .              .             1.0000        28.0000      
8 .7           .              .             1.0000        14.5000      
8 .8           .              .             1.0000      1000.0000      
8 .9           .              .             1.0000        21.5000      
8 .10          .              .             1.0000        18.5000      
8 .11          .              .             1.0000        23.5000      
8 .12          .              .             1.0000        11.5000      
8 .13          .              .             1.0000         5.0000      
8 .14          .              .             1.0000        26.5000      
8 .15          .              .             1.0000        24.0000      
8 .16          .              .             1.0000        28.5000      
8 .17          .              .             1.0000         6.5000      
8 .18          .              .             1.0000        23.0000      
8 .19          .              .             1.0000        20.5000      
8 .20          .              .             1.0000        19.0000      
8 .21          .              .             1.0000        23.0000      
8 .22          .              .             1.0000         6.5000      
8 .23          .              .             1.0000         9.5000      
8 .24          .              .             1.0000        26.0000      
8 .25          .              .             1.0000        28.0000      
8 .26          .              .             1.0000        14.5000      
8 .27          .              .             1.0000        15.5000      
8 .28          .              .             1.0000        27.5000      
8 .29          .              .             1.0000        14.5000      
8 .30          .              .             1.0000        26.5000      
8 .31          .              .             1.0000        26.0000      
8 .32          .              .             1.0000        12.5000      
8 .33          .              .             1.0000        15.0000      
8 .34          .              .             1.0000        23.5000      
8 .35          .              .             1.0000        11.0000      
8 .36          .              .             1.0000         5.0000      
8 .37          .              .             1.0000        24.5000      
8 .38          .              .             1.0000         8.5000      
8 .39          .              .             1.0000        23.5000      
8 .40          .             1.0000         1.0000         5.0000      
9 .0           .              .             1.0000        22.5000      
9 .1           .              .             1.0000        22.5000      
9 .2           .              .             1.0000        25.5000      
9 .3           .              .             1.0000        17.0000      
9 .4           .              .             1.0000        11.0000      
9 .5           .              .             1.0000        23.0000      
9 .6           .              .             1.0000        10.0000      
9 .7           .              .             1.0000        20.0000      
9 .8           .              .             1.0000        21.5000      
9 .9           .              .             1.0000      1000.0000      
9 .10          .              .             1.0000        24.0000      
9 .11          .              .             1.0000        22.0000      
9 .12          .              .             1.0000        16.5000      
9 .13          .             1.0000         1.0000         6.5000      
9 .14          .              .             1.0000         6.5000      
9 .15          .              .             1.0000        20.0000      
9 .16          .              .             1.0000        21.5000      
9 .17          .              .             1.0000        27.5000      
9 .18          .              .             1.0000        30.0000      
9 .19          .              .             1.0000         7.0000      
9 .20          .              .             1.0000        28.0000      
9 .21          .              .             1.0000        12.0000      
9 .22          .              .             1.0000        19.5000      
9 .23          .              .             1.0000        11.5000      
9 .24          .              .             1.0000        22.0000      
9 .25          .              .             1.0000        16.0000      
9 .26          .              .             1.0000        11.5000      
9 .27          .              .             1.0000        27.5000      
9 .28          .              .             1.0000        12.0000      
9 .29          .              .             1.0000         5.0000      
9 .30          .              .             1.0000        10.5000      
9 .31          .              .             1.0000         9.0000      
9 .32          .              .             1.0000         6.5000      
9 .33          .              .             1.0000        14.0000      
9 .34          .              .             1.0000        10.5000      
9 .35          .              .             1.0000        13.5000      
9 .36          .              .             1.0000        28.0000      
9 .37          .              .             1.0000        12.0000      
9 .38          .              .             1.0000         9.0000      
9 .39          .              .             1.0000        12.0000      
9 .40          .              .             1.0000        10.0000      
10.0           .              .             1.0000        13.0000      
10.1           .              .             1.0000        22.0000      
10.2           .              .             1.0000         6.5000      
10.3           .              .             1.0000         6.5000      
10.4           .              .             1.0000        16.5000      
10.5           .              .             1.0000        27.5000      
10.6           .              .             1.0000        14.5000      
10.7           .              .             1.0000        12.0000      
10.8           .              .             1.0000        18.5000      
10.9           .              .             1.0000        24.0000      
10.10          .              .             1.0000      1000.0000      
10.11          .              .             1.0000        10.0000      
10.12          .              .             1.0000        24.5000      
10.13          .              .             1.0000        11.5000      
10.14          .              .             1.0000        28.0000      
10.15          .              .             1.0000        23.0000      
10.16          .              .             1.0000         7.0000      
10.17          .              .             1.0000        18.0000      
10.18          .              .             1.0000        13.5000      
10.19          .              .             1.0000        25.5000      
10.20          .              .             1.0000         5.0000      
10.21          .              .             1.0000        18.0000      
10.22          .              .             1.0000        12.0000      
10.23          .             1.0000         1.0000         7.0000      
10.24          .              .             1.0000        24.0000      
10.25          .              .             1.0000        23.5000      
10.26          .              .             1.0000        22.5000      
10.27          .              .             1.0000        14.5000      
10.28          .              .             1.0000        21.5000      
10.29          .              .             1.0000        16.5000      
10.30          .              .             1.0000        29.0000      
10.31          .              .             1.0000        28.5000      
10.32          .              .             1.0000         8.5000      
10.33          .              .             1.0000        28.5000      
10.34          .              .             1.0000        14.0000      
10.35          .              .             1.0000        22.5000      
10.36          .              .             1.0000        29.0000      
10.37          .              .             1.0000        11.0000      
10.38          .              .             1.0000        19.5000      
10.39          .              .             1.0000        25.5000      
10.40          .              .             1.0000        16.0000      
11.0           .              .             1.0000        19.5000      
11.1           .              .             1.0000         7.5000      
11.2           .              .             1.0000        29.0000      
11.3           .              .             1.0000        24.5000      
11.4           .              .             1.0000        26.0000      
11.5           .              .             1.0000        27.0000      
11.6           .              .             1.0000        26.0000      
11.7           .              .             1.0000        26.0000      
11.8           .              .             1.0000        23.5000      
11.9           .              .             1.0000        22.0000      
11.10          .              .             1.0000        10.0000      
11.11          .              .             1.0000      1000.0000      
11.12          .              .             1.0000        29.5000      
11.13          .              .             1.0000        24.5000      
11.14          .              .             1.0000         7.5000      
11.15          .              .             1.0000        22.0000      
11.16          .              .             1.0000        13.5000      
11.17          .              .             1.0000        17.0000      
11.18          .              .             1.0000        22.0000      
11.19          .              .             1.0000        11.0000      
11.20          .              .             1.0000         7.5000      
11.21          .              .             1.0000        16.5000      
11.22          .              .             1.0000        24.0000      
11.23          .              .             1.0000        13.0000      
11.24          .              .             1.0000         8.0000      
11.25          .              .             1.0000        20.0000      
11.26          .              .             1.0000         8.5000      
11.27          .              .             1.0000        26.0000      
11.28          .              .             1.0000        16.0000      
11.29          .             1.0000         1.0000         9.5000      
11.30          .              .             1.0000        27.5000      
11.31          .              .             1.0000        10.0000      
11.32          .              .             1.0000         5.5000      
11.33          .              .             1.0000        27.0000      
11.34          .              .             1.0000         9.0000      
11.35          .              .             1.0000         8.0000      
11.36          .              .             1.0000        28.5000      
11.37          .              .             1.0000        13.5000      
11.38          .              .             1.0000        25.0000      
11.39          .              .             1.0000        17.5000      
11.40          .              .             1.0000         8.0000      
12.0           .              .             1.0000        10.5000      
12.1           .              .             1.0000        10.0000      
12.2           .              .             1.0000        18.0000      
12.3           .              .             1.0000        20.0000      
12.4           .              .             1.0000        19.0000      
12.5           .              .             1.0000        17.5000      
12.6           .              .             1.0000        29.0000      
12.7           .              .             1.0000        16.5000      
12.8           .              .             1.0000        11.5000      
12.9           .              .             1.0000        16.5000      
12.10          .              .             1.0000        24.5000      
12.11          .              .             1.0000        29.5000      
12.12          .              .             1.0000      1000.0000      
12.13          .              .             1.0000        26.0000      
12.14          .              .             1.0000        15.0000      
12.15          .              .             1.0000         9.5000      
12.16          .              .             1.0000        21.0000      
12.17          .              .             1.0000        20.5000      
12.18          .              .             1.0000        28.0000      
12.19          .              .             1.0000        17.5000      
12.20          .              .             1.0000        10.5000      
12.21          .              .             1.0000        16.0000      
12.22          .              .             1.0000        11.0000      
12.23          .              .             1.0000        27.0000      
12.24          .              .             1.0000        27.0000      
12.25          .              .             1.0000        28.5000      
12.26          .             1.0000         1.0000         9.0000      
12.27          .              .             1.0000        11.5000      
12.28          .              .             1.0000        24.0000      
12.29          .              .             1.0000         9.0000      
12.30          .              .             1.0000        14.5000      
12.31          .              .             1.0000        23.0000      
12.32          .              .             1.0000        24.0000      
12.33          .              .             1.0000        21.5000      
12.34          .              .             1.0000        28.0000      
12.35          .              .             1.0000        30.0000      
12.36          .              .             1.0000        21.5000      
12.37          .              .             1.0000        14.5000      
12.38          .              .             1.0000        20.5000      
12.39          .              .             1.0000        26.0000      
12.40          .              .             1.0000        13.5000      
13.0           .              .             1.0000        14.5000      
13.1           .             1.0000         1.0000        12.0000      
13.2           .              .             1.0000        25.0000      
13.3           .              .             1.0000        13.0000      
13.4           .              .             1.0000        15.5000      
13.5           .              .             1.0000        14.5000      
13.6           .              .             1.0000        20.5000      
13.7           .              .             1.0000        29.5000      
13.8           .              .             1.0000         5.0000      
13.9           .              .             1.0000         6.5000      
13.10          .              .             1.0000        11.5000      
13.11          .              .             1.0000        24.5000      
13.12          .              .             1.0000        26.0000      
13.13          .              .             1.0000      1000.0000      
13.14          .              .             1.0000        15.0000      
13.15          .              .             1.0000         5.0000      
13.16          .              .             1.0000        23.0000      
13.17          .              .             1.0000        11.5000      
13.18          .              .             1.0000        22.5000      
13.19          .              .             1.0000        19.5000      
13.20          .              .             1.0000        12.5000      
13.21          .              .             1.0000        20.0000      
13.22          .              .             1.0000        20.0000      
13.23          .              .             1.0000        21.5000      
13.24          .              .             1.0000        25.0000      
13.25          .              .             1.0000        24.5000      
13.26          .              .             1.0000         7.0000      
13.27          .              .             1.0000        14.0000      
13.28          .              .             1.0000        18.5000      
13.29          .              .             1.0000        20.5000      
13.30          .              .             1.0000        12.5000      
13.31          .              .             1.0000        30.0000      
13.32          .              .             1.0000        13.0000      
13.33          .              .             1.0000        14.0000      
13.34          .              .             1.0000        21.0000      
13.35          .              .             1.0000         8.5000      
13.36          .              .             1.0000        14.0000      
13.37          .              .             1.0000        28.5000      
13.38          .              .             1.0000        27.0000      
13.39          .              .             1.0000        13.0000      
13.40          .              .             1.0000        24.0000      
14.0           .              .             1.0000        26.5000      
14.1           .              .             1.0000        13.0000      
14.2           .              .             1.0000        24.0000      
14.3           .              .             1.0000         8.0000      
14.4           .              .             1.0000         9.5000      
14.5           .              .             1.0000         6.0000      
14.6           .              .             1.0000        13.5000      
14.7           .              .             1.0000        24.0000      
14.8           .              .             1.0000        26.5000      
14.9           .              .             1.0000         6.5000      
14.10          .              .             1.0000        28.0000      
14.11          .              .             1.0000         7.5000      
14.12          .              .             1.0000        15.0000      
14.13          .              .             1.0000        15.0000      
14.14          .              .             1.0000      1000.0000      
14.15          .              .             1.0000        15.0000      
14.16          .              .             1.0000         5.5000      
14.17          .              .             1.0000         8.0000      
14.18          .              .             1.0000        12.0000      
14.19          .              .             1.0000        11.5000      
14.20          .              .             1.0000         8.5000      
14.21          .              .             1.0000        25.5000      
14.22          .              .             1.0000        25.5000      
14.23          .              .             1.0000        28.0000      
14.24          .              .             1.0000        17.5000      
14.25          .              .             1.0000        20.0000      
14.26          .              .             1.0000        11.5000      
14.27          .              .             1.0000        25.0000      
14.28          .              .             1.0000        17.0000      
14.29          .              .             1.0000        29.5000      
14.30          .              .             1.0000        24.0000      
14.31          .              .             1.0000        12.0000      
14.32          .              .             1.0000        24.5000      
14.33          .              .             1.0000        14.0000      
14.34          .             1.0000         1.0000        11.0000      
14.35          .              .             1.0000        27.5000      
14.36          .              .             1.0000        30.0000      
14.37          .              .             1.0000         9.0000      
14.38          .              .             1.0000         9.5000      
14.39          .              .             1.0000        27.0000      
14.40          .              .             1.0000        14.5000      
15.0           .              .             1.0000        34.0000      
15.1           .              .             1.0000         8.0000      
15.2           .              .             1.0000        20.0000      
15.3           .              .             1.0000        19.0000      
15.4           .              .             1.0000        29.5000      
15.5           .              .             1.0000         8.5000      
15.6           .              .             1.0000         7.5000      
15.7           .              .             1.0000         6.5000      
15.8           .              .             1.0000        24.0000      
15.9           .              .             1.0000        20.0000      
15.10          .              .             1.0000        23.0000      
15.11          .              .             1.0000        22.0000      
15.12          .             1.0000         1.0000         9.5000      
15.13          .              .             1.0000         5.0000      
15.14          .              .             1.0000        15.0000      
15.15          .              .             1.0000      1000.0000      
15.16          .              .             1.0000        26.5000      
15.17          .              .             1.0000        12.0000      
15.18          .              .             1.0000        12.0000      
15.19          .              .             1.0000        26.5000      
15.20          .              .             1.0000        21.5000      
15.21          .              .             1.0000        23.5000      
15.22          .              .             1.0000        12.5000      
15.23          .              .             1.0000        16.0000      
15.24          .              .             1.0000        14.0000      
15.25          .              .             1.0000        14.0000      
15.26          .              .             1.0000        11.5000      
15.27          .              .             1.0000         9.5000      
15.28          .              .             1.0000        30.0000      
15.29          .              .             1.0000        23.5000      
15.30          .              .             1.0000        18.0000      
15.31          .              .             1.0000        18.5000      
15.32          .              .             1.0000        10.0000      
15.33          .              .             1.0000        17.0000      
15.34          .              .             1.0000        12.5000      
15.35          .              .             1.0000        10.0000      
15.36          .              .             1.0000        13.0000      
15.37          .              .             1.0000        21.0000      
15.38          .              .             1.0000         6.0000      
15.39          .              .             1.0000        28.0000      
15.40          .              .             1.0000        27.0000      
16.0           .              .             1.0000        15.5000      
16.1           .              .             1.0000        26.5000      
16.2           .              .             1.0000         5.5000      
16.3           .              .             1.0000        25.5000      
16.4           .              .             1.0000        14.0000      
16.5           .              .             1.0000        21.0000      
16.6           .             1.0000         1.0000         6.5000      
16.7           .              .             1.0000        24.0000      
16.8           .              .             1.0000        28.5000      
16.9           .              .             1.0000        21.5000      
16.10          .              .             1.0000         7.0000      
16.11          .              .             1.0000        13.5000      
16.12          .              .             1.0000        21.0000      
16.13          .              .             1.0000        23.0000      
16.14          .              .             1.0000         5.5000      
16.15          .              .             1.0000        26.5000      
16.16          .              .             1.0000      1000.0000      
16.17          .              .             1.0000        19.0000      
16.18          .              .             1.0000         6.0000      
16.19          .              .             1.0000        29.0000      
16.20          .              .             1.0000         6.5000      
16.21          .              .             1.0000        22.0000      
16.22          .              .             1.0000         6.5000      
16.23          .              .             1.0000        21.0000      
16.24          .              .             1.0000        18.5000      
16.25          .              .             1.0000        14.5000      
16.26          .              .             1.0000        24.0000      
16.27          .              .             1.0000        10.0000      
16.28          .              .             1.0000        25.0000      
16.29          .              .             1.0000        30.0000      
16.30          .              .             1.0000        30.0000      
16.31          .              .             1.0000        21.5000      
16.32          .              .             1.0000        21.5000      
16.33          .              .             1.0000        10.5000      
16.34          .              .             1.0000        28.0000      
16.35          .              .             1.0000        12.5000      
16.36          .              .             1.0000        19.0000      
16.37          .              .             1.0000        19.0000      
16.38          .              .             1.0000        27.0000      
16.39          .              .             1.0000        21.0000      
16.40          .              .             1.0000        26.0000      
17.0           .              .             1.0000        12.5000      
17.1           .              .             1.0000        18.5000      
17.2           .              .             1.0000        18.5000      
17.3           .             1.0000         1.0000         5.0000      
17.4           .              .             1.0000         8.0000      
17.5           .              .             1.0000         7.0000      
17.6           .              .             1.0000        10.0000      
17.7           .              .             1.0000        17.5000      
17.8           .              .             1.0000         6.5000      
17.9           .              .             1.0000        27.5000      
17.10          .              .             1.0000        18.0000      
17.11          .              .             1.0000        17.0000      
17.12          .              .             1.0000        20.5000      
17.13          .              .             1.0000        11.5000      
17.14          .              .             1.0000         8.0000      
17.15          .              .             1.0000        12.0000      
17.16          .              .             1.0000        19.0000      
17.17          .              .             1.0000      1000.0000      
17.18          .              .             1.0000        23.5000      
17.19          .              .             1.0000        18.5000      
17.20          .              .             1.0000        12.0000      
17.21          .              .             1.0000        22.0000      
17.22          .              .             1.0000         7.0000      
17.23          .              .             1.0000        19.0000      
17.24          .              .             1.0000         7.0000      
17.25          .              .             1.0000        22.0000      
17.26          .              .             1.0000        10.5000      
17.27          .              .             1.0000        15.0000      
17.28          .              .             1.0000        23.0000      
17.29          .              .             1.0000        30.0000      
17.30          .              .             1.0000         8.0000      
17.31          .              .             1.0000         7.5000      
17.32          .              .             1.0000        16.5000      
17.33          .              .             1.0000        25.5000      
17.34          .              .             1.0000         7.0000      
17.35          .              .             1.0000         5.0000      
17.36          .              .             1.0000        16.0000      
17.37          .              .             1.0000        11.0000      
17.38          .              .             1.0000        21.5000      
17.39          .              .             1.0000        11.0000      
17.40          .              .             1.0000        16.0000      
18.0           .              .             1.0000        15.0000      
18.1           .              .             1.0000        22.5000      
18.2           .              .             1.0000        14.0000      
18.3           .              .             1.0000         7.0000      
18.4           .              .             1.0000        10.5000      
18.5           .              .             1.0000         6.0000      
18.6           .              .             1.0000        13.0000      
18.7           .              .             1.0000         9.0000      
18.8           .              .             1.0000        23.0000      
18.9           .              .             1.0000        30.0000      
18.10          .              .             1.0000        13.5000      
18.11          .              .             1.0000        22.0000      
18.12          .              .             1.0000        28.0000      
18.13          .              .             1.0000        22.5000      
18.14          .              .             1.0000        12.0000      
18.15          .              .             1.0000        12.0000      
18.16          .             1.0000         1.0000         6.0000      
18.17          .              .             1.0000        23.5000      
18.18          .              .             1.0000      1000.0000      
18.19          .              .             1.0000        22.0000      
18.20          .              .             1.0000        16.5000      
18.21          .              .             1.0000         8.5000      
18.22          .              .             1.0000        30.0000      
18.23          .              .             1.0000        25.0000      
18.24          .              .             1.0000        28.5000      
18.25          .              .             1.0000        28.0000      
18.26          .              .             1.0000         9.0000      
18.27          .              .             1.0000        25.5000      
18.28          .              .             1.0000        26.5000      
18.29          .              .             1.0000        11.5000      
18.30          .              .             1.0000        21.0000      
18.31          .              .             1.0000        20.5000      
18.32          .              .             1.0000        17.0000      
18.33          .              .             1.0000        12.0000      
18.34          .              .             1.0000        15.5000      
18.35          .              .             1.0000        23.5000      
18.36          .              .             1.0000        17.0000      
18.37          .              .             1.0000         5.0000      
18.38          .              .             1.0000        23.0000      
18.39          .              .             1.0000         5.0000      
18.40          .              .             1.0000        26.0000      
19.0           .              .             1.0000        20.5000      
19.1           .              .             1.0000         9.0000      
19.2           .              .             1.0000        10.5000      
19.3           .              .             1.0000        18.0000      
19.4           .              .             1.0000        18.0000      
19.5           .              .             1.0000        14.5000      
19.6           .              .             1.0000        22.5000      
19.7           .              .             1.0000        14.0000      
19.8           .              .             1.0000        20.5000      
19.9           .              .             1.0000         7.0000      
19.10          .              .             1.0000        25.5000      
19.11          .              .             1.0000        11.0000      
19.12          .              .             1.0000        17.5000      
19.13          .              .             1.0000        19.5000      
19.14          .              .             1.0000        11.5000      
19.15          .              .             1.0000        26.5000      
19.16          .              .             1.0000        29.0000      
19.17          .              .             1.0000        18.5000      
19.18          .              .             1.0000        22.0000      
19.19          .              .             1.0000      1000.0000      
19.20          .             1.0000         1.0000         7.0000      
19.21          .              .             1.0000        25.5000      
19.22          .              .             1.0000         9.0000      
19.23          .              .             1.0000         6.0000      
19.24          .              .             1.0000        24.5000      
19.25          .              .             1.0000        21.0000      
19.26          .              .             1.0000        21.5000      
19.27          .              .             1.0000        23.5000      
19.28          .              .             1.0000        19.0000      
19.29          .              .             1.0000        17.5000      
19.30          .              .             1.0000        20.0000      
19.31          .              .             1.0000        12.5000      
19.32          .              .             1.0000         5.0000      
19.33          .              .             1.0000        19.0000      
19.34          .              .             1.0000        12.0000      
19.35          .              .             1.0000        10.0000      
19.36          .              .             1.0000        17.0000      
19.37          .              .             1.0000        14.0000      
19.38          .              .             1.0000        21.5000      
19.39          .              .             1.0000        29.5000      
19.40          .              .             1.0000        25.0000      
20.0           .              .             1.0000        10.0000      
20.1           .              .             1.0000         7.5000      
20.2           .              .             1.0000        20.0000      
20.3           .              .             1.0000        14.0000      
20.4           .              .             1.0000        28.5000      
20.5           .              .             1.0000         9.0000      
20.6           .              .             1.0000        19.0000      
20.7           .              .             1.0000         7.5000      
20.8           .              .             1.0000        19.0000      
20.9           .              .             1.0000        28.0000      
20.10          .              .             1.0000         5.0000      
20.11          .              .             1.0000         7.5000      
20.12          .              .             1.0000        10.5000      
20.13          .              .             1.0000        12.5000      
20.14          .              .             1.0000         8.5000      
20.15          .              .             1.0000        21.5000      
20.16          .              .             1.0000         6.5000      
20.17          .              .             1.0000        12.0000      
20.18          .              .             1.0000        16.5000      
20.19          .              .             1.0000         7.0000      
20.20          .              .             1.0000      1000.0000      
20.21          .              .             1.0000        14.5000      
20.22          .              .             1.0000        17.5000      
20.23          .              .             1.0000        16.5000      
20.24          .              .             1.0000        19.5000      
20.25          .              .             1.0000        18.0000      
20.26          .              .             1.0000        27.0000      
20.27          .              .             1.0000        26.0000      
20.28          .              .             1.0000        14.0000      
20.29          .              .             1.0000         5.0000      
20.30          .              .             1.0000         8.0000      
20.31          .              .             1.0000        25.5000      
20.32          .              .             1.0000        15.5000      
20.33          .             1.0000         1.0000         6.5000      
20.34          .              .             1.0000        21.5000      
20.35          .              .             1.0000         5.5000      
20.36          .              .             1.0000        16.5000      
20.37          .              .             1.0000        21.5000      
20.38          .              .             1.0000        19.5000      
20.39          .              .             1.0000        10.5000      
20.40          .              .             1.0000        28.0000      
21.0           .              .             1.0000        33.0000      
21.1           .              .             1.0000        12.5000      
21.2           .              .             1.0000         6.0000      
21.3           .              .             1.0000        17.0000      
21.4           .              .             1.0000        30.0000      
21.5           .              .             1.0000        29.5000      
21.6           .              .             1.0000        23.5000      
21.7           .              .             1.0000        14.0000      
21.8           .              .             1.0000        23.0000      
21.9           .              .             1.0000        12.0000      
21.10          .              .             1.0000        18.0000      
21.11          .              .             1.0000        16.5000      
21.12          .              .             1.0000        16.0000      
21.13          .              .             1.0000        20.0000      
21.14          .              .             1.0000        25.5000      
21.15          .              .             1.0000        23.5000      
21.16          .              .             1.0000        22.0000      
21.17          .              .             1.0000        22.0000      
21.18          .              .             1.0000         8.5000      
21.19          .              .             1.0000        25.5000      
21.20          .              .             1.0000        14.5000      
21.21          .              .             1.0000      1000.0000      
21.22          .              .             1.0000        18.0000      
21.23          .              .             1.0000         7.5000      
21.24          .              .             1.0000        29.5000      
21.25          .              .             1.0000        27.5000      
21.26          .              .             1.0000        22.5000      
21.27          .              .             1.0000        26.0000      
21.28          .              .             1.0000         7.5000      
21.29          .              .             1.0000        18.5000      
21.30          .              .             1.0000        10.5000      
21.31          .              .             1.0000         8.0000      
21.32          .             1.0000         1.0000         5.5000      
21.33          .              .             1.0000        11.5000      
21.34          .              .             1.0000        23.5000      
21.35          .              .             1.0000        20.0000      
21.36          .              .             1.0000        22.0000      
21.37          .              .             1.0000        27.5000      
21.38          .              .             1.0000        21.0000      
21.39          .              .             1.0000        17.5000      
21.40          .              .             1.0000        25.0000      
22.0           .              .             1.0000        26.0000      
22.1           .              .             1.0000         6.0000      
22.2           .              .             1.0000        13.0000      
22.3           .              .             1.0000        12.5000      
22.4           .              .             1.0000        13.0000      
22.5           .              .             1.0000         9.0000      
22.6           .              .             1.0000        19.0000      
22.7           .              .             1.0000        10.0000      
22.8           .              .             1.0000         6.5000      
22.9           .              .             1.0000        19.5000      
22.10          .              .             1.0000        12.0000      
22.11          .              .             1.0000        24.0000      
22.12          .              .             1.0000        11.0000      
22.13          .              .             1.0000        20.0000      
22.14          .              .             1.0000        25.5000      
22.15          .              .             1.0000        12.5000      
22.16          .              .             1.0000         6.5000      
22.17          .              .             1.0000         7.0000      
22.18          .              .             1.0000        30.0000      
22.19          .             1.0000         1.0000         9.0000      
22.20          .              .             1.0000        17.5000      
22.21          .              .             1.0000        18.0000      
22.22          .              .             1.0000      1000.0000      
22.23          .              .             1.0000        11.0000      
22.24          .              .             1.0000        28.5000      
22.25          .              .             1.0000        10.0000      
22.26          .              .             1.0000        22.0000      
22.27          .              .             1.0000        21.5000      
22.28          .              .             1.0000        19.5000      
22.29          .              .             1.0000        23.0000      
22.30          .              .             1.0000        18.0000      
22.31          .              .             1.0000        29.5000      
22.32          .              .             1.0000         6.0000      
22.33          .              .             1.0000        28.5000      
22.34          .              .             1.0000        30.0000      
22.35          .              .             1.0000         6.5000      
22.36          .              .             1.0000        25.0000      
22.37          .              .             1.0000        10.5000      
22.38          .              .             1.0000        21.0000      
22.39          .              .             1.0000        11.5000      
22.40          .              .             1.0000        21.0000      
23.0           .              .             1.0000        20.5000      
23.1           .              .             1.0000        29.5000      
23.2           .              .             1.0000        28.0000      
23.3           .              .             1.0000         8.0000      
23.4           .              .             1.0000         6.5000      
23.5           .              .             1.0000        25.0000      
23.6           .              .             1.0000        25.0000      
23.7           .              .             1.0000        16.5000      
23.8           .              .             1.0000         9.5000      
23.9           .              .             1.0000        11.5000      
23.10          .              .             1.0000         7.0000      
23.11          .              .             1.0000        13.0000      
23.12          .              .             1.0000        27.0000      
23.13          .              .             1.0000        21.5000      
23.14          .              .             1.0000        28.0000      
23.15          .              .             1.0000        16.0000      
23.16          .              .             1.0000        21.0000      
23.17          .              .             1.0000        19.0000      
23.18          .              .             1.0000        25.0000      
23.19          .              .             1.0000         6.0000      
23.20          .              .             1.0000        16.5000      
23.21          .              .             1.0000         7.5000      
23.22          .              .             1.0000        11.0000      
23.23          .              .             1.0000      1000.0000      
23.24          .              .             1.0000        23.0000      
23.25          .              .             1.0000        18.0000      
23.26          .              .             1.0000        13.5000      
23.27          .              .             1.0000        29.5000      
23.28          .              .             1.0000        14.0000      
23.29          .              .             1.0000         6.0000      
23.30          .              .             1.0000        17.0000      
23.31          .              .             1.0000        21.0000      
23.32          .              .             1.0000        19.5000      
23.33          .              .             1.0000        27.0000      
23.34          .              .             1.0000        25.0000      
23.35          .             1.0000         1.0000         5.0000      
23.36          .              .             1.0000        29.5000      
23.37          .              .             1.0000         5.5000      
23.38          .              .             1.0000        22.0000      
23.39          .              .             1.0000        23.0000      
23.40          .              .             1.0000        28.0000      
24.0           .              .             1.0000        23.5000      
24.1           .              .             1.0000        12.0000      
24.2           .              .             1.0000        29.5000      
24.3           .              .             1.0000        30.0000      
24.4           .              .             1.0000         9.5000      
24.5           .              .             1.0000        28.5000      
24.6           .              .             1.0000        25.0000      
24.7           .              .             1.0000        20.0000      
24.8           .              .             1.0000        26.0000      
24.9           .              .             1.0000        22.0000      
24.10          .              .             1.0000        24.0000      
24.11          .             1.0000         1.0000         8.0000      
24.12          .              .             1.0000        27.0000      
24.13          .              .             1.0000        25.0000      
24.14          .              .             1.0000        17.5000      
24.15          .              .             1.0000        14.0000      
24.16          .              .             1.0000        18.5000      
24.17          .              .             1.0000         7.0000      
24.18          .              .             1.0000        28.5000      
24.19          .              .             1.0000        24.5000      
24.20          .              .             1.0000        19.5000      
24.21          .              .             1.0000        29.5000      
24.22          .              .             1.0000        28.5000      
24.23          .              .             1.0000        23.0000      
24.24          .              .             1.0000      1000.0000      
24.25          .              .             1.0000        19.5000      
24.26          .              .             1.0000        18.5000      
24.27          .              .             1.0000        16.5000      
24.28          .              .             1.0000        24.5000      
24.29          .              .             1.0000        29.0000      
24.30          .              .             1.0000        12.0000      
24.31          .              .             1.0000        23.0000      
24.32          .              .             1.0000        18.5000      
24.33          .              .             1.0000        27.5000      
24.34          .              .             1.0000        21.5000      
24.35          .              .             1.0000        23.0000      
24.36          .              .             1.0000        13.0000      
24.37          .              .             1.0000        14.5000      
24.38          .              .             1.0000        26.5000      
24.39          .              .             1.0000        24.5000      
24.40          .              .             1.0000        30.0000      
25.0           .              .             1.0000        23.5000      
25.1           .              .             1.0000         9.5000      
25.2           .              .             1.0000        26.5000      
25.3           .              .             1.0000        29.5000      
25.4           .             1.0000         1.0000         7.5000      
25.5           .              .             1.0000        13.5000      
25.6           .              .             1.0000        27.0000      
25.7           .              .             1.0000        27.5000      
25.8           .              .             1.0000        28.0000      
25.9           .              .             1.0000        16.0000      
25.10          .              .             1.0000        23.5000      
25.11          .              .             1.0000        20.0000      
25.12          .              .             1.0000        28.5000      
25.13          .              .             1.0000        24.5000      
25.14          .              .             1.0000        20.0000      
25.15          .              .             1.0000        14.0000      
25.16          .              .             1.0000        14.5000      
25.17          .              .             1.0000        22.0000      
25.18          .              .             1.0000        28.0000      
25.19          .              .             1.0000        21.0000      
25.20          .              .             1.0000        18.0000      
25.21          .              .             1.0000        27.5000      
25.22          .              .             1.0000        10.0000      
25.23          .              .             1.0000        18.0000      
25.24          .              .             1.0000        19.5000      
25.25          .              .             1.0000      1000.0000      
25.26          .              .             1.0000        20.5000      
25.27          .              .             1.0000        23.5000      
25.28          .              .             1.0000        24.0000      
25.29          .              .             1.0000        19.5000      
25.30          .              .             1.0000        27.0000      
25.31          .              .             1.0000        12.5000      
25.32          .              .             1.0000        30.0000      
25.33          .              .             1.0000         6.0000      
25.34          .              .             1.0000        25.0000      
25.35          .              .             1.0000        28.5000      
25.36          .              .             1.0000        13.0000      
25.37          .              .             1.0000         6.5000      
25.38          .              .             1.0000         7.5000      
25.39          .              .             1.0000        26.0000      
25.40          .              .             1.0000        24.5000      
26.0           .             1.0000         1.0000        11.0000      
26.1           .              .             1.0000        26.5000      
26.2           .              .             1.0000        21.5000      
26.3           .              .             1.0000        17.0000      
26.4           .              .             1.0000        13.0000      
26.5           .              .             1.0000        28.5000      
26.6           .              .             1.0000        16.0000      
26.7           .              .             1.0000        23.0000      
26.8           .              .             1.0000        14.5000      
26.9           .              .             1.0000        11.5000      
26.10          .              .             1.0000        22.5000      
26.11          .              .             1.0000         8.5000      
26.12          .              .             1.0000         9.0000      
26.13          .              .             1.0000         7.0000      
26.14          .              .             1.0000        11.5000      
26.15          .              .             1.0000        11.5000      
26.16          .              .             1.0000        24.0000      
26.17          .              .             1.0000        10.5000      
26.18          .              .             1.0000         9.0000      
26.19          .              .             1.0000        21.5000      
26.20          .              .             1.0000        27.0000      
26.21          .              .             1.0000        22.5000      
26.22          .              .             1.0000        22.0000      
26.23          .              .             1.0000        13.5000      
26.24          .              .             1.0000        18.5000      
26.25          .              .             1.0000        20.5000      
26.26          .              .             1.0000      1000.0000      
26.27          .              .             1.0000        25.0000      
26.28          .              .             1.0000        18.5000      
26.29          .              .             1.0000        17.5000      
26.30          .              .             1.0000        25.5000      
26.31          .              .             1.0000         7.0000      
26.32          .              .             1.0000         8.5000      
26.33          .              .             1.0000        28.0000      
26.34          .              .             1.0000        18.0000      
26.35          .              .             1.0000        13.5000      
26.36          .              .             1.0000        16.5000      
26.37          .              .             1.0000        26.0000      
26.38          .              .             1.0000        17.5000      
26.39          .              .             1.0000         5.5000      
26.40          .              .             1.0000        30.0000      
27.0           .              .             1.0000        34.5000      
27.1           .              .             1.0000        21.0000      
27.2           .              .             1.0000        14.0000      
27.3           .              .             1.0000        28.0000      
27.4           .              .             1.0000        28.0000      
27.5           .              .             1.0000        15.5000      
27.6           .              .             1.0000        27.0000      
27.7           .              .             1.0000        10.5000      
27.8           .              .             1.0000        15.5000      
27.9           .              .             1.0000        27.5000      
27.10          .              .             1.0000        14.5000      
27.11          .              .             1.0000        26.0000      
27.12          .              .             1.0000        11.5000      
27.13          .              .             1.0000        14.0000      
27.14          .              .             1.0000        25.0000      
27.15          .             1.0000         1.0000         9.5000      
27.16          .              .             1.0000        10.0000      
27.17          .              .             1.0000        15.0000      
27.18          .              .             1.0000        25.5000      
27.19          .              .             1.0000        23.5000      
27.20          .              .             1.0000        26.0000      
27.21          .              .             1.0000        26.0000      
27.22          .              .             1.0000        21.5000      
27.23          .              .             1.0000        29.5000      
27.24          .              .             1.0000        16.5000      
27.25          .              .             1.0000        23.5000      
27.26          .              .             1.0000        25.0000      
27.27          .              .             1.0000      1000.0000      
27.28          .              .             1.0000        19.5000      
27.29          .              .             1.0000        22.5000      
27.30          .              .             1.0000        23.0000      
27.31          .              .             1.0000        24.5000      
27.32          .              .             1.0000        15.5000      
27.33          .              .             1.0000        14.5000      
27.34          .              .             1.0000        30.0000      
27.35          .              .             1.0000        26.5000      
27.36          .              .             1.0000         7.5000      
27.37          .              .             1.0000        28.0000      
27.38          .              .             1.0000        11.5000      
27.39          .              .             1.0000        10.0000      
27.40          .              .             1.0000         9.5000      
28.0           .              .             1.0000        18.0000      
28.1           .              .             1.0000        21.5000      
28.2           .              .             1.0000        20.0000      
28.3           .              .             1.0000         5.5000      
28.4           .              .             1.0000        11.5000      
28.5           .              .             1.0000        14.5000      
28.6           .              .             1.0000        20.0000      
28.7           .              .             1.0000        27.0000      
28.8           .              .             1.0000        27.5000      
28.9           .              .             1.0000        12.0000      
28.10          .              .             1.0000        21.5000      
28.11          .              .             1.0000        16.0000      
28.12          .              .             1.0000        24.0000      
28.13          .              .             1.0000        18.5000      
28.14          .              .             1.0000        17.0000      
28.15          .              .             1.0000        30.0000      
28.16          .              .             1.0000        25.0000      
28.17          .              .             1.0000        23.0000      
28.18          .              .             1.0000        26.5000      
28.19          .              .             1.0000        19.0000      
28.20          .              .             1.0000        14.0000      
28.21          .              .             1.0000         7.5000      
28.22          .              .             1.0000        19.5000      
28.23          .              .             1.0000        14.0000      
28.24          .              .             1.0000        24.5000      
28.25          .              .             1.0000        24.0000      
28.26          .              .             1.0000        18.5000      
28.27          .              .             1.0000        19.5000      
28.28          .              .             1.0000      1000.0000      
28.29          .              .             1.0000        14.0000      
28.30          .              .             1.0000        23.5000      
28.31          .             1.0000         1.0000        10.5000      
28.32          .              .             1.0000         8.5000      
28.33          .              .             1.0000        18.5000      
28.34          .              .             1.0000         8.5000      
28.35          .              .             1.0000        23.0000      
28.36          .              .             1.0000         5.5000      
28.37          .              .             1.0000        12.0000      
28.38          .              .             1.0000        27.0000      
28.39          .              .             1.0000        23.5000      
28.40          .              .             1.0000        29.5000      
29.0           .              .             1.0000        21.0000      
29.1           .              .             1.0000        25.0000      
29.2           .              .             1.0000        12.5000      
29.3           .              .             1.0000        11.0000      
29.4           .              .             1.0000        27.0000      
29.5           .              .             1.0000        29.5000      
29.6           .              .             1.0000        20.0000      
29.7           .              .             1.0000        12.0000      
29.8           .              .             1.0000        14.5000      
29.9           .             1.0000         1.0000         5.0000      
29.10          .              .             1.0000        16.5000      
29.11          .              .             1.0000         9.5000      
29.12          .              .             1.0000         9.0000      
29.13          .              .             1.0000        20.5000      
29.14          .              .             1.0000        29.5000      
29.15          .              .             1.0000        23.5000      
29.16          .              .             1.0000        30.0000      
29.17          .              .             1.0000        30.0000      
29.18          .              .             1.0000        11.5000      
29.19          .              .             1.0000        17.5000      
29.20          .              .             1.0000         5.0000      
29.21          .              .             1.0000        18.5000      
29.22          .              .             1.0000        23.0000      
29.23          .              .             1.0000         6.0000      
29.24          .              .             1.0000        29.0000      
29.25          .              .             1.0000        19.5000      
29.26          .              .             1.0000        17.5000      
29.27          .              .             1.0000        22.5000      
29.28          .              .             1.0000        14.0000      
29.29          .              .             1.0000      1000.0000      
29.30          .              .             1.0000        14.0000      
29.31          .              .             1.0000        21.0000      
29.32          .              .             1.0000        13.0000      
29.33          .              .             1.0000        21.5000      
29.34          .              .             1.0000        26.0000      
29.35          .              .             1.0000        26.5000      
29.36          .              .             1.0000        14.0000      
29.37          .              .             1.0000        30.0000      
29.38          .              .             1.0000        25.0000      
29.39          .              .             1.0000         8.0000      
29.40          .              .             1.0000        17.0000      
30.0           .              .             1.0000        16.5000      
30.1           .              .             1.0000        17.5000      
30.2           .              .             1.0000         9.0000      
30.3           .              .             1.0000        21.5000      
30.4           .              .             1.0000        30.0000      
30.5           .              .             1.0000        23.5000      
30.6           .              .             1.0000        20.0000      
30.7           .              .             1.0000        11.0000      
30.8           .              .             1.0000        26.5000      
30.9           .              .             1.0000        10.5000      
30.10          .              .             1.0000        29.0000      
30.11          .              .             1.0000        27.5000      
30.12          .              .             1.0000        14.5000      
30.13          .              .             1.0000        12.5000      
30.14          .              .             1.0000        24.0000      
30.15          .              .             1.0000        18.0000      
30.16          .              .             1.0000        30.0000      
30.17          .              .             1.0000         8.0000      
30.18          .              .             1.0000        21.0000      
30.19          .              .             1.0000        20.0000      
30.20          .              .             1.0000         8.0000      
30.21          .              .             1.0000        10.5000      
30.22          .              .             1.0000        18.0000      
30.23          .              .             1.0000        17.0000      
30.24          .              .             1.0000        12.0000      
30.25          .              .             1.0000        27.0000      
30.26          .              .             1.0000        25.5000      
30.27          .              .             1.0000        23.0000      
30.28          .              .             1.0000        23.5000      
30.29          .              .             1.0000        14.0000      
30.30          .              .             1.0000      1000.0000      
30.31          .              .             1.0000         5.5000      
30.32          .              .             1.0000        12.0000      
30.33          .              .             1.0000        22.0000      
30.34          .              .             1.0000        24.0000      
30.35          .              .             1.0000        23.0000      
30.36          .              .             1.0000        16.5000      
30.37          .              .             1.0000        17.5000      
30.38          .             1.0000         1.0000        10.0000      
30.39          .              .             1.0000         8.0000      
30.40          .              .             1.0000        10.0000      
31.0           .              .             1.0000        18.0000      
31.1           .              .             1.0000        20.5000      
31.2           .              .             1.0000        26.5000      
31.3           .              .             1.0000        19.0000      
31.4           .              .             1.0000        26.5000      
31.5           .              .             1.0000        22.5000      
31.6           .              .             1.0000        10.5000      
31.7           .              .             1.0000         9.0000      
31.8           .              .             1.0000        26.0000      
31.9           .              .             1.0000         9.0000      
31.10          .              .             1.0000        28.5000      
31.11          .              .             1.0000        10.0000      
31.12          .              .             1.0000        23.0000      
31.13          .              .             1.0000        30.0000      
31.14          .              .             1.0000        12.0000      
31.15          .              .             1.0000        18.5000      
31.16          .              .             1.0000        21.5000      
31.17          .              .             1.0000         7.5000      
31.18          .              .             1.0000        20.5000      
31.19          .              .             1.0000        12.5000      
31.20          .              .             1.0000        25.5000      
31.21          .              .             1.0000         8.0000      
31.22          .              .             1.0000        29.5000      
31.23          .              .             1.0000        21.0000      
31.24          .              .             1.0000        23.0000      
31.25          .              .             1.0000        12.5000      
31.26          .              .             1.0000         7.0000      
31.27          .              .             1.0000        24.5000      
31.28          .              .             1.0000        10.5000      
31.29          .              .             1.0000        21.0000      
31.30          .             1.0000         1.0000         5.5000      
31.31          .              .             1.0000      1000.0000      
31.32          .              .             1.0000        17.5000      
31.33          .              .             1.0000        25.5000      
31.34          .              .             1.0000        22.5000      
31.35          .              .             1.0000        10.5000      
31.36          .              .             1.0000        15.0000      
31.37          .              .             1.0000        12.5000      
31.38          .              .             1.0000        22.5000      
31.39          .              .             1.0000        18.0000      
31.40          .              .             1.0000        15.5000      
32.0           .              .             1.0000        19.5000      
32.1           .              .             1.0000        19.5000      
32.2           .              .             1.0000        19.5000      
32.3           .              .             1.0000        10.0000      
32.4           .              .             1.0000        28.5000      
32.5           .              .             1.0000        24.5000      
32.6           .              .             1.0000         5.0000      
32.7           .              .             1.0000        29.0000      
32.8           .              .             1.0000        12.5000      
32.9           .              .             1.0000         6.5000      
32.10          .              .             1.0000         8.5000      
32.11          .              .             1.0000         5.5000      
32.12          .              .             1.0000        24.0000      
32.13          .              .             1.0000        13.0000      
32.14          .              .             1.0000        24.5000      
32.15          .              .             1.0000        10.0000      
32.16          .              .             1.0000        21.5000      
32.17          .              .             1.0000        16.5000      
32.18          .              .             1.0000        17.0000      
32.19          .              .             1.0000         5.0000      
32.20          .              .             1.0000        15.5000      
32.21          .              .             1.0000         5.5000      
32.22          .              .             1.0000         6.0000      
32.23          .              .             1.0000        19.5000      
32.24          .              .             1.0000        18.5000      
32.25          .              .             1.0000        30.0000      
32.26          .              .             1.0000         8.5000      
32.27          .              .             1.0000        15.5000      
32.28          .              .             1.0000         8.5000      
32.29          .              .             1.0000        13.0000      
32.30          .              .             1.0000        12.0000      
32.31          .              .             1.0000        17.5000      
32.32          .              .             1.0000      1000.0000      
32.33          .              .             1.0000        30.0000      
32.34          .              .             1.0000        16.5000      
32.35          .              .             1.0000        17.5000      
32.36          .              .             1.0000        27.5000      
32.37          .             1.0000         1.0000         5.0000      
32.38          .              .             1.0000        27.0000      
32.39          .              .             1.0000        23.0000      
32.40          .              .             1.0000        29.0000      
33.0           .              .             1.0000        13.0000      
33.1           .              .             1.0000        23.0000      
33.2           .              .             1.0000        24.0000      
33.3           .              .             1.0000         9.0000      
33.4           .              .             1.0000        23.0000      
33.5           .              .             1.0000        27.0000      
33.6           .              .             1.0000        28.0000      
33.7           .              .             1.0000         5.0000      
33.8           .              .             1.0000        15.0000      
33.9           .              .             1.0000        14.0000      
33.10          .              .             1.0000        28.5000      
33.11          .              .             1.0000        27.0000      
33.12          .              .             1.0000        21.5000      
33.13          .              .             1.0000        14.0000      
33.14          .              .             1.0000        14.0000      
33.15          .              .             1.0000        17.0000      
33.16          .              .             1.0000        10.5000      
33.17          .              .             1.0000        25.5000      
33.18          .              .             1.0000        12.0000      
33.19          .              .             1.0000        19.0000      
33.20          .              .             1.0000         6.5000      
33.21          .             1.0000         1.0000        11.5000      
33.22          .              .             1.0000        28.5000      
33.23          .              .             1.0000        27.0000      
33.24          .              .             1.0000        27.5000      
33.25          .              .             1.0000         6.0000      
33.26          .              .             1.0000        28.0000      
33.27          .              .             1.0000        14.5000      
33.28          .              .             1.0000        18.5000      
33.29          .              .             1.0000        21.5000      
33.30          .              .             1.0000        22.0000      
33.31          .              .             1.0000        25.5000      
33.32          .              .             1.0000        30.0000      
33.33          .              .             1.0000      1000.0000      
33.34          .              .             1.0000        23.0000      
33.35          .              .             1.0000         9.0000      
33.36          .              .             1.0000         9.5000      
33.37          .              .             1.0000        11.0000      
33.38          .              .             1.0000        28.5000      
33.39          .              .             1.0000        23.5000      
33.40          .              .             1.0000        26.0000      
34.0           .              .             1.0000        24.5000      
34.1           .              .             1.0000        18.0000      
34.2           .              .             1.0000        15.0000      
34.3           .              .             1.0000        22.0000      
34.4           .              .             1.0000         6.0000      
34.5           .              .             1.0000        22.0000      
34.6           .              .             1.0000        11.5000      
34.7           .             1.0000         1.0000        11.0000      
34.8           .              .             1.0000        23.5000      
34.9           .              .             1.0000        10.5000      
34.10          .              .             1.0000        14.0000      
34.11          .              .             1.0000         9.0000      
34.12          .              .             1.0000        28.0000      
34.13          .              .             1.0000        21.0000      
34.14          .              .             1.0000        11.0000      
34.15          .              .             1.0000        12.5000      
34.16          .              .             1.0000        28.0000      
34.17          .              .             1.0000         7.0000      
34.18          .              .             1.0000        15.5000      
34.19          .              .             1.0000        12.0000      
34.20          .              .             1.0000        21.5000      
34.21          .              .             1.0000        23.5000      
34.22          .              .             1.0000        30.0000      
34.23          .              .             1.0000        25.0000      
34.24          .              .             1.0000        21.5000      
34.25          .              .             1.0000        25.0000      
34.26          .              .             1.0000        18.0000      
34.27          .              .             1.0000        30.0000      
34.28          .              .             1.0000         8.5000      
34.29          .              .             1.0000        26.0000      
34.30          .              .             1.0000        24.0000      
34.31          .              .             1.0000        22.5000      
34.32          .              .             1.0000        16.5000      
34.33          .              .             1.0000        23.0000      
34.34          .              .             1.0000      1000.0000      
34.35          .              .             1.0000        25.5000      
34.36          .              .             1.0000        22.5000      
34.37          .              .             1.0000        20.0000      
34.38          .              .             1.0000         9.5000      
34.39          .              .             1.0000        19.0000      
34.40          .              .             1.0000        21.5000      
35.0           .              .             1.0000        31.0000      
35.1           .              .             1.0000        24.5000      
35.2           .              .             1.0000        21.5000      
35.3           .              .             1.0000        30.0000      
35.4           .              .             1.0000         7.0000      
35.5           .              .             1.0000        27.5000      
35.6           .              .             1.0000        11.5000      
35.7           .              .             1.0000        14.5000      
35.8           .              .             1.0000        11.0000      
35.9           .              .             1.0000        13.5000      
35.10          .              .             1.0000        22.5000      
35.11          .              .             1.0000         8.0000      
35.12          .              .             1.0000        30.0000      
35.13          .              .             1.0000         8.5000      
35.14          .              .             1.0000        27.5000      
35.15          .              .             1.0000        10.0000      
35.16          .              .             1.0000        12.5000      
35.17          .              .             1.0000         5.0000      
35.18          .              .             1.0000        23.5000      
35.19          .              .             1.0000        10.0000      
35.20          .              .             1.0000         5.5000      
35.21          .              .             1.0000        20.0000      
35.22          .              .             1.0000         6.5000      
35.23          .              .             1.0000         5.0000      
35.24          .              .             1.0000        23.0000      
35.25          .              .             1.0000        28.5000      
35.26          .              .             1.0000        13.5000      
35.27          .              .             1.0000        26.5000      
35.28          .              .             1.0000        23.0000      
35.29          .              .             1.0000        26.5000      
35.30          .              .             1.0000        23.0000      
35.31          .              .             1.0000        10.5000      
35.32          .              .             1.0000        17.5000      
35.33          .              .             1.0000         9.0000      
35.34          .              .             1.0000        25.5000      
35.35          .              .             1.0000      1000.0000      
35.36          .             1.0000         1.0000         6.0000      
35.37          .              .             1.0000        11.0000      
35.38          .              .             1.0000        21.0000      
35.39          .              .             1.0000         5.0000      
35.40          .              .             1.0000         9.5000      
36.0           .              .             1.0000        27.0000      
36.1           .              .             1.0000         5.5000      
36.2           .              .             1.0000        17.0000      
36.3           .              .             1.0000        15.5000      
36.4           .              .             1.0000        29.5000      
36.5           .              .             1.0000        12.5000      
36.6           .              .             1.0000        10.0000      
36.7           .              .             1.0000        16.0000      
36.8           .              .             1.0000         5.0000      
36.9           .              .             1.0000        28.0000      
36.10          .              .             1.0000        29.0000      
36.11          .              .             1.0000        28.5000      
36.12          .              .             1.0000        21.5000      
36.13          .              .             1.0000        14.0000      
36.14          .              .             1.0000        30.0000      
36.15          .              .             1.0000        13.0000      
36.16          .              .             1.0000        19.0000      
36.17          .              .             1.0000        16.0000      
36.18          .              .             1.0000        17.0000      
36.19          .              .             1.0000        17.0000      
36.20          .              .             1.0000        16.5000      
36.21          .              .             1.0000        22.0000      
36.22          .              .             1.0000        25.0000      
36.23          .              .             1.0000        29.5000      
36.24          .              .             1.0000        13.0000      
36.25          .              .             1.0000        13.0000      
36.26          .              .             1.0000        16.5000      
36.27          .             1.0000         1.0000         7.5000      
36.28          .              .             1.0000         5.5000      
36.29          .              .             1.0000        14.0000      
36.30          .              .             1.0000        16.5000      
36.31          .              .             1.0000        15.0000      
36.32          .              .             1.0000        27.5000      
36.33          .              .             1.0000         9.5000      
36.34          .              .             1.0000        22.5000      
36.35          .              .             1.0000         6.0000      
36.36          .              .             1.0000      1000.0000      
36.37          .              .             1.0000        14.0000      
36.38          .              .             1.0000        14.0000      
36.39          .              .             1.0000        18.0000      
36.40          .              .             1.0000        29.5000      
37.0           .              .             1.0000        21.5000      
37.1           .              .             1.0000        12.5000      
37.2           .              .             1.0000        16.0000      
37.3           .              .             1.0000        10.0000      
37.4           .              .             1.0000        12.5000      
37.5           .             1.0000         1.0000         6.0000      
37.6           .              .             1.0000        27.5000      
37.7           .              .             1.0000         9.0000      
37.8           .              .             1.0000        24.5000      
37.9           .              .             1.0000        12.0000      
37.10          .              .             1.0000        11.0000      
37.11          .              .             1.0000        13.5000      
37.12          .              .             1.0000        14.5000      
37.13          .              .             1.0000        28.5000      
37.14          .              .             1.0000         9.0000      
37.15          .              .             1.0000        21.0000      
37.16          .              .             1.0000        19.0000      
37.17          .              .             1.0000        11.0000      
37.18          .              .             1.0000         5.0000      
37.19          .              .             1.0000        14.0000      
37.20          .              .             1.0000        21.5000      
37.21          .              .             1.0000        27.5000      
37.22          .              .             1.0000        10.5000      
37.23          .              .             1.0000         5.5000      
37.24          .              .             1.0000        14.5000      
37.25          .              .             1.0000         6.5000      
37.26          .              .             1.0000        26.0000      
37.27          .              .             1.0000        28.0000      
37.28          .              .             1.0000        12.0000      
37.29          .              .             1.0000        30.0000      
37.30          .              .             1.0000        17.5000      
37.31          .              .             1.0000        12.5000      
37.32          .              .             1.0000         5.0000      
37.33          .              .             1.0000        11.0000      
37.34          .              .             1.0000        20.0000      
37.35          .              .             1.0000        11.0000      
37.36          .              .             1.0000        14.0000      
37.37          .              .             1.0000      1000.0000      
37.38          .              .             1.0000         7.5000      
37.39          .              .             1.0000         6.5000      
37.40          .              .             1.0000        27.0000      
38.0           .              .             1.0000        11.0000      
38.1           .              .             1.0000        15.5000      
38.2           .              .             1.0000         6.5000      
38.3           .              .             1.0000        27.0000      
38.4           .              .             1.0000        10.5000      
38.5           .              .             1.0000        26.0000      
38.6           .              .             1.0000        30.0000      
38.7           .              .             1.0000        16.0000      
38.8           .              .             1.0000         8.5000      
38.9           .              .             1.0000         9.0000      
38.10          .              .             1.0000        19.5000      
38.11          .              .             1.0000        25.0000      
38.12          .              .             1.0000        20.5000      
38.13          .              .             1.0000        27.0000      
38.14          .              .             1.0000         9.5000      
38.15          .              .             1.0000         6.0000      
38.16          .              .             1.0000        27.0000      
38.17          .              .             1.0000        21.5000      
38.18          .              .             1.0000        23.0000      
38.19          .              .             1.0000        21.5000      
38.20          .              .             1.0000        19.5000      
38.21          .              .             1.0000        21.0000      
38.22          .              .             1.0000        21.0000      
38.23          .              .             1.0000        22.0000      
38.24          .              .             1.0000        26.5000      
38.25          .             1.0000         1.0000         7.5000      
38.26          .              .             1.0000        17.5000      
38.27          .              .             1.0000        11.5000      
38.28          .              .             1.0000        27.0000      
38.29          .              .             1.0000        25.0000      
38.30          .              .             1.0000        10.0000      
38.31          .              .             1.0000        22.5000      
38.32          .              .             1.0000        27.0000      
38.33          .              .             1.0000        28.5000      
38.34          .              .             1.0000         9.5000      
38.35          .              .             1.0000        21.0000      
38.36          .              .             1.0000        14.0000      
38.37          .              .             1.0000         7.5000      
38.38          .              .             1.0000      1000.0000      
38.39          .              .             1.0000         8.5000      
38.40          .              .             1.0000        19.0000      
39.0           .              .             1.0000        34.0000      
39.1           .              .             1.0000        21.5000      
39.2           .              .             1.0000         5.0000      
39.3           .              .             1.0000        18.0000      
39.4           .              .             1.0000        25.0000      
39.5           .              .             1.0000        27.5000      
39.6           .              .             1.0000        14.5000      
39.7           .              .             1.0000        18.5000      
39.8           .              .             1.0000        23.5000      
39.9           .              .             1.0000        12.0000      
39.10          .              .             1.0000        25.5000      
39.11          .              .             1.0000        17.5000      
39.12          .              .             1.0000        26.0000      
39.13          .              .             1.0000        13.0000      
39.14          .              .             1.0000        27.0000      
39.15          .              .             1.0000        28.0000      
39.16          .              .             1.0000        21.0000      
39.17          .              .             1.0000        11.0000      
39.18          .             1.0000         1.0000         5.0000      
39.19          .              .             1.0000        29.5000      
39.20          .              .             1.0000        10.5000      
39.21          .              .             1.0000        17.5000      
39.22          .              .             1.0000        11.5000      
39.23          .              .             1.0000        23.0000      
39.24          .              .             1.0000        24.5000      
39.25          .              .             1.0000        26.0000      
39.26          .              .             1.0000         5.5000      
39.27          .              .             1.0000        10.0000      
39.28          .              .             1.0000        23.5000      
39.29          .              .             1.0000         8.0000      
39.30          .              .             1.0000         8.0000      
39.31          .              .             1.0000        18.0000      
39.32          .              .             1.0000        23.0000      
39.33          .              .             1.0000        23.5000      
39.34          .              .             1.0000        19.0000      
39.35          .              .             1.0000         5.0000      
39.36          .              .             1.0000        18.0000      
39.37          .              .             1.0000         6.5000      
39.38          .              .             1.0000         8.5000      
39.39          .              .             1.0000      1000.0000      
39.40          .              .             1.0000        20.5000      
40.0           .              .             1.0000        24.5000      
40.1           .              .             1.0000        20.5000      
40.2           .              .             1.0000         7.5000      
40.3           .              .             1.0000         9.5000      
40.4           .              .             1.0000        27.0000      
40.5           .              .             1.0000        20.0000      
40.6           .              .             1.0000        21.0000      
40.7           .              .             1.0000        30.0000      
40.8           .              .             1.0000         5.0000      
40.9           .              .             1.0000        10.0000      
40.10          .              .             1.0000        16.0000      
40.11          .              .             1.0000         8.0000      
40.12          .              .             1.0000        13.5000      
40.13          .              .             1.0000        24.0000      
40.14          .              .             1.0000        14.5000      
40.15          .              .             1.0000        27.0000      
40.16          .              .             1.0000        26.0000      
40.17          .              .             1.0000        16.0000      
40.18          .              .             1.0000        26.0000      
40.19          .              .             1.0000        25.0000      
40.20          .              .             1.0000        28.0000      
40.21          .              .             1.0000        25.0000      
40.22          .              .             1.0000        21.0000      
40.23          .              .             1.0000        28.0000      
40.24          .              .             1.0000        30.0000      
40.25          .              .             1.0000        24.5000      
40.26          .              .             1.0000        30.0000      
40.27          .              .             1.0000         9.5000      
40.28          .              .             1.0000        29.5000      
40.29          .              .             1.0000        17.0000      
40.30          .              .             1.0000        10.0000      
40.31          .              .             1.0000        15.5000      
40.32          .              .             1.0000        29.0000      
40.33          .              .             1.0000        26.0000      
40.34          .              .             1.0000        21.5000      
40.35          .              .             1.0000         9.5000      
40.36          .              .             1.0000        29.5000      
40.37          .              .             1.0000        27.0000      
40.38          .              .             1.0000        19.0000      
40.39          .             1.0000         1.0000        20.5000      
40.40          .              .             1.0000      1000.0000      

---- VAR u  Position of node i in the tour

          LOWER          LEVEL          UPPER         MARGINAL

1           .            19.0000        +INF             .          
2           .            31.0000        +INF             .          
3           .             7.0000        +INF             .          
4           .            13.0000        +INF             .          
5           .            27.0000        +INF             .          
6           .             5.0000        +INF             .          
7           .            30.0000        +INF             .          
8           .              .            +INF            EPS         
9           .            17.0000        +INF             .          
10          .            32.0000        +INF             .          
11          .            15.0000        +INF             .          
12          .            38.0000        +INF             .          
13          .            18.0000        +INF             .          
14          .            28.0000        +INF             .          
15          .            37.0000        +INF             .          
16          .             4.0000        +INF             .          
17          .             6.0000        +INF             .          
18          .             3.0000        +INF             .          
19          .            21.0000        +INF             .          
20          .            22.0000        +INF             .          
21          .            24.0000        +INF             .          
22          .            20.0000        +INF             .          
23          .            33.0000        +INF             .          
24          .            14.0000        +INF             .          
25          .            12.0000        +INF             .          
26          .            39.0000        +INF             .          
27          .            36.0000        +INF             .          
28          .             8.0000        +INF             .          
29          .            16.0000        +INF             .          
30          .            10.0000        +INF             .          
31          .             9.0000        +INF             .          
32          .            25.0000        +INF             .          
33          .            23.0000        +INF             .          
34          .            29.0000        +INF             .          
35          .            34.0000        +INF             .          
36          .            35.0000        +INF             .          
37          .            26.0000        +INF             .          
38          .            11.0000        +INF             .          
39          .             2.0000        +INF             .          
40          .             1.0000        +INF             .          

---- VAR z  Arrival time at node i

          LOWER          LEVEL          UPPER         MARGINAL

0           .              .            +INF            EPS         
1           .           607.2000        +INF             .          
2           .           937.0000        +INF             .          
3           .           389.0000        +INF             .          
4           .           516.6000        +INF             .          
5           .           878.0000        +INF             .          
6           .           346.0000        +INF             .          
7           .           927.0000        +INF             .          
8           .           218.0000        +INF             .          
9           .           567.0000        +INF             .          
10          .           951.8000        +INF             .          
11          .           541.6000        +INF             .          
12          .          1041.2000        +INF             .          
13          .           582.8000        +INF             .          
14          .           891.6000        +INF             .          
15          .          1021.8000        +INF             .          
16          .           335.2000        +INF             .          
17          .           376.0000        +INF             .          
18          .           277.0000        +INF             .          
19          .           634.2000        +INF             .          
20          .           648.6000        +INF             .          
21          .           681.2000        +INF             .          
22          .           616.4000        +INF             .          
23          .           968.2000        +INF             .          
24          .           530.0000        +INF             .          
25          .           505.6000        +INF             .          
26          .          1062.0000        +INF             .          
27          .          1002.4000        +INF             .          
28          .           402.6000        +INF             .          
29          .           560.0000        +INF             .          
30          .           467.6000        +INF             .          
31          .           452.0000        +INF             .          
32          .           810.0000        +INF             .          
33          .           665.4000        +INF             .          
34          .           905.8000        +INF             .          
35          .           975.2000        +INF             .          
36          .           985.4000        +INF             .          
37          .           824.0000        +INF             .          
38          .           487.6000        +INF             .          
39          .           264.0000        +INF             .          
40          .           227.0000        +INF             .          

                           LOWER          LEVEL          UPPER         MARGINAL

---- VAR F                 -INF          331.0000        +INF             .          


**** REPORT SUMMARY :        0     NONOPT
                             0 INFEASIBLE
                             0  UNBOUNDED
GAMS 48.1.0  612569ae Oct 14, 2024          WEX-WEI x86 64bit/MS Windows - 12/30/24 21:36:17 Page 9
G e n e r a l   A l g e b r a i c   M o d e l i n g   S y s t e m
E x e c u t i o n


----     98 VARIABLE F.L                   =      331.000  

----     98 VARIABLE x.L  1 if traveling from i to j, 0 otherwise

             0           1           2           3           4           5           6           7           8           9          10          11          12          13          14          15          16          17          18          19          20          21          22          23          24          25          26          27          28          29          30          31          32          33          34          35          36          37          38          39          40

0                                                                                                        1.000
1                                                                                                                                                                                                                                                                                1.000
2                                                                                                                                1.000
3                                                                                                                                                                                                                                                                                                                                                        1.000
4                                                                                                                                                                                                                                                                                                        1.000
5                                                                                                                                                                                1.000
6                                                                                                                                                                                                                    1.000
7                                1.000
8                                                                                                                                                                                                                                                                                                                                                                                                                                                                                                        1.000
9                                                                                                                                                                    1.000
10                                                                                                                                                                                                                                                                                           1.000
11                                                                                                                                                                                                                                                                                                                                                                   1.000
12                                                                                                                                                                                                                                                                                                                               1.000
13                   1.000
14                                                                                                                                                                                                                                                                                                                                                                                                                               1.000
15                                                                                                                                                       1.000
16                                                                               1.000
17                                           1.000
18                                                                                                                                                                                                       1.000
19                                                                                                                                                                                                                                                       1.000
20                                                                                                                                                                                                                                                                                                                                                                                                                   1.000
21                                                                                                                                                                                                                                                                                                                                                                                                       1.000
22                                                                                                                                                                                                                                           1.000
23                                                                                                                                                                                                                                                                                                                                                                                                                                           1.000
24                                                                                                                                           1.000
25                                                       1.000
26       1.000
27                                                                                                                                                                                           1.000
28                                                                                                                                                                                                                                                                                                                                                                                           1.000
29                                                                                                                   1.000
30                                                                                                                                                                                                                                                                                                                                                                                                                                                                               1.000
31                                                                                                                                                                                                                                                                                                                                                                               1.000
32                                                                                                                                                                                                                                                                                                                                                                                                                                                                   1.000
33                                                                                                                                                                                                                                                                   1.000
34                                                                                           1.000
35                                                                                                                                                                                                                                                                                                                                                                                                                                                       1.000
36                                                                                                                                                                                                                                                                                                                                           1.000
37                                                                   1.000
38                                                                                                                                                                                                                                                                                                                   1.000
39                                                                                                                                                                                                                               1.000
40                                                                                                                                                                                                                                                                                                                                                                                                                                                                                           1.000


----     98 VARIABLE u.L  Position of node i in the tour

1  19.000,    2  31.000,    3   7.000,    4  13.000,    5  27.000,    6   5.000,    7  30.000,    9  17.000,    10 32.000,    11 15.000,    12 38.000,    13 18.000,    14 28.000,    15 37.000,    16  4.000,    17  6.000,    18  3.000,    19 21.000,    20 22.000,    21 24.000,    22 20.000,    23 33.000,    24 14.000,    25 12.000,    26 39.000,    27 36.000,    28  8.000,    29 16.000,    30 10.000,    31  9.000,    32 25.000,    33 23.000,    34 29.000,    35 34.000,    36 35.000,    37 26.000,    38 11.000,    39  2.000,    40  1.000


----     98 VARIABLE z.L  Arrival time at node i

1   607.200,    2   937.000,    3   389.000,    4   516.600,    5   878.000,    6   346.000,    7   927.000,    8   218.000,    9   567.000,    10  951.800,    11  541.600,    12 1041.200,    13  582.800,    14  891.600,    15 1021.800,    16  335.200,    17  376.000,    18  277.000,    19  634.200,    20  648.600,    21  681.200,    22  616.400,    23  968.200,    24  530.000,    25  505.600,    26 1062.000,    27 1002.400,    28  402.600,    29  560.000,    30  467.600,    31  452.000,    32  810.000,    33  665.400,    34  905.800,    35  975.200,    36  985.400,    37  824.000,    38  487.600,    39  264.000,    40  227.000



EXECUTION TIME       =     9379.297 SECONDS      5 MB  48.1.0 612569ae WEX-WEI


USER: Academic User                                  G241029+0003Ac-GEN
      olivier.nyirihirwe@mailbox.tu-dresden.de                CLA103081
      License for teaching and research at degree granting institutions


**** FILE SUMMARY

Input      C:\Users\Solange\Desktop\GAMS\Task 1\TASK 1 Solution.gms
Output     C:\Users\Solange\Desktop\GAMS\Task 1\TASK 1 Solution.lst
