GAMS 48.1.0  612569ae Oct 14, 2024          WEX-WEI x86 64bit/MS Windows - 12/30/24 21:05:49 Page 1
G e n e r a l   A l g e b r a i c   M o d e l i n g   S y s t e m
C o m p i l a t i o n


   1  * Import data from Data2.xlsx
   3   
   4  *Enter sets here.
   5  sets
   6     n /0, 1*20/
   7     k /1*3/;
   8   
   9  alias(n,i,j);
  10   
  11  *Enter parameters here.
  12  parameter
  13     d(i,j)        Half-distance matrix,
  14     d_full(i,j)   Complete full symmetric matrix,
  15     a(i)           Start time window at node i,
  16     b(i)           End time window at node i,
  17     s(i)           Service time at node i,
  18     t(i,j)         Travel time between nodes;
  19   
GDXIN   C:\Users\Solange\Desktop\GAMS\Task 2\Data2.gdx
--- LOAD  d = 4:d
--- LOAD  a = 2:a
--- LOAD  b = 3:b
--- LOAD  s = 1:s
  23   
  24  * Fill the full distance matrix (symmetric)
  25  d_full(i,j) = d(i,j);
  26  d_full(j,i)$(not d_full(j,i)) = d(i,j);
  27   
  28  Display d_full, a, b, s;
  29   
  30  t(i,j) = d_full(i,j);
  31   
  32  display t;
  33   
  34   
  35  scalar M /10000/;
  36   
  37  *Enter variables here.
  38  binary variable x(i,j,k) is 1 if vehicle k drives directly from node i to node j (0 otherwise);
  39  binary variable y(i,k) is 1 if node i is served by vehicle k (0 otherwise);
  40  Positive variable
  41     u(i,k)   Position of node i in a tour for vehicle k,
  42     z(i)     Arrival time at node i;
  43   
  44  Variable F Total distance (objective function value);
  45   
  46  equation
  47     Of              Minimization of total distance (objective function),
  48     Cover(i)        Every customer is assigned to one vehicle,
  49     Capa(k)         The maximum vehicle capacity is met,
  50     Flow(i,k)       Flow preservation constraint,
  51     Couple(i,k)     Coupling constraint for the variables x and y,
  52     Subtour(i,j,k)  To avoid subtours,
  53     tw1(i)          Arrival time is within the time window,
  54     tw2(i)          Arrival time is within the time window,
  55     Time(i,j,k)     Arrival time calculation;
  56   
  57  * Define the objective function to minimize total distance
  58  Of..
  59     F =E= sum((i,j,k), d_full(i,j) * x(i,j,k));
  60   
  61  *You can further define the constraints and other parts of the model here as needed.
  62   
  63  * Constraints and other parts of the model would be written below, e.g.,
  64  * Cover, Flow, Capa, etc., based on your problem requirements.
  65   
  66  Cover(i)$(ord(i) > 1)..                 sum(k, y(i,k)) =E= 1;
  67   
  68   
  69  Capa(k)..                               sum(i, y(i,k)) =L= 8;
  70   
  71   
  72  Flow(i,k)..                             sum(j, x(i,j,k)) =E= sum(j, x(j,i,k) );
  73   
  74   
  75  Couple(i,k)..                           sum(j, x(j,i,k)) =E= y(i,k);
  76   
  77   
  78  Subtour(i,j,k)$(ord(i) > 1 and ord(j) > 1)..        u(i,k) - u(j,k) +  card(i) * x(i,j,k) =l= card(i) - 1;
  79   
  80  tw1 (i)..                              a(i)=L=z(i);
  81  tw2(i)..                               z(i)=L=b(i);
  82   
  83  Time(i,j,k) $ (ord(i)>1 and ord(j)>1 and ord (i)<> ord(j) )..z(i)+s(i)+t(i,j)-M*(1-x(i,j,k))=L=z(j);
  84  *(absolute value of i) = card(i)
  85   
  86  option optcr = 0.0 ;
  87   
  88   
  89  model CVRP /all/ ;
  90   
  91   
  92  *Fix x(i,j,k) to 0 when i == j (no self-loops)
  93  x.fx(i,j,k)$(ord(i)=ord(j)) = 0;
  94   
  95  * Solve the model using Mixed Integer Programming (MIP)
  96  solve CVRP minimizing F using MIP;
  97   
  98   
  99  * Display the results (solution values)
 100  display x.L,u.L, y.L, z.L,  F.L;
 101   
 102   
 103  *use mio usi
 104   
 105   
 106   
 107  *Enter model declaration and solving instruction here.
 108   
 109   
 110   
 111  *Output all variable values.
 112   
 113   
 114   
 115   
 116   
 117   
 118   
 119  ********************************************************
 120  *****   TEXT FILE       ********************************
 121  ********************************************************
 122  file out /Solution.txt/ ;
 123   
GAMS 48.1.0  612569ae Oct 14, 2024          WEX-WEI x86 64bit/MS Windows - 12/30/24 21:05:49 Page 2
G e n e r a l   A l g e b r a i c   M o d e l i n g   S y s t e m
Include File Summary


   SEQ   GLOBAL TYPE      PARENT   LOCAL  FILENAME

     1        1 INPUT          0       0  C:\Users\Solange\Desktop\GAMS\Task 2\Task 2 Solution.gms
     2        2 CALL           1       2  GDXXRW.EXE Data2.xlsx output=Data2.gdx par=s rng=Time!a9:ao10 cdim=1 rdim=0 par=a rng=Time!a1:ao2 cdim=1 rdim=0 par=b rng=Time!a5:ao6 cdim=1 rdim=0 par=d rng=Distance!a1:av42 dim=2
     3       20 GDXIN          1      20  C:\Users\Solange\Desktop\GAMS\Task 2\Data2.gdx


COMPILATION TIME     =       52.625 SECONDS      3 MB  48.1.0 612569ae WEX-WEI
GAMS 48.1.0  612569ae Oct 14, 2024          WEX-WEI x86 64bit/MS Windows - 12/30/24 21:05:49 Page 3
G e n e r a l   A l g e b r a i c   M o d e l i n g   S y s t e m
E x e c u t i o n


----     28 PARAMETER d_full  Complete full symmetric matrix

             0           1           2           3           4           5           6           7           8           9          10          11          12          13          14          15          16          17          18          19          20

0     1000.000      15.500      19.500      26.000      26.000      27.500      35.000      32.000      13.000      22.500      13.000      19.500      10.500      14.500      26.500      34.000      15.500      12.500      15.000      20.500      10.000
1       15.500    1000.000      15.500      11.000      30.000       8.500      23.500       7.000      18.000      22.500      22.000       7.500      10.000      12.000      13.000       8.000      26.500      18.500      22.500       9.000       7.500
2       19.500      15.500    1000.000      16.000      25.500       8.000      25.500       7.500      24.500      25.500       6.500      29.000      18.000      25.000      24.000      20.000       5.500      18.500      14.000      10.500      20.000
3       26.000      11.000      16.000    1000.000      25.000       9.000      18.000      23.000      24.000      17.000       6.500      24.500      20.000      13.000       8.000      19.000      25.500       5.000       7.000      18.000      14.000
4       26.000      30.000      25.500      25.000    1000.000       8.000      14.000      16.000      15.500      11.000      16.500      26.000      19.000      15.500       9.500      29.500      14.000       8.000      10.500      18.000      28.500
5       27.500       8.500       8.000       9.000       8.000    1000.000      17.000      21.500      20.000      23.000      27.500      27.000      17.500      14.500       6.000       8.500      21.000       7.000       6.000      14.500       9.000
6       35.000      23.500      25.500      18.000      14.000      17.000    1000.000      23.500      28.000      10.000      14.500      26.000      29.000      20.500      13.500       7.500       6.500      10.000      13.000      22.500      19.000
7       32.000       7.000       7.500      23.000      16.000      21.500      23.500    1000.000      14.500      20.000      12.000      26.000      16.500      29.500      24.000       6.500      24.000      17.500       9.000      14.000       7.500
8       13.000      18.000      24.500      24.000      15.500      20.000      28.000      14.500    1000.000      21.500      18.500      23.500      11.500       5.000      26.500      24.000      28.500       6.500      23.000      20.500      19.000
9       22.500      22.500      25.500      17.000      11.000      23.000      10.000      20.000      21.500    1000.000      24.000      22.000      16.500       6.500       6.500      20.000      21.500      27.500      30.000       7.000      28.000
10      13.000      22.000       6.500       6.500      16.500      27.500      14.500      12.000      18.500      24.000    1000.000      10.000      24.500      11.500      28.000      23.000       7.000      18.000      13.500      25.500       5.000
11      19.500       7.500      29.000      24.500      26.000      27.000      26.000      26.000      23.500      22.000      10.000    1000.000      29.500      24.500       7.500      22.000      13.500      17.000      22.000      11.000       7.500
12      10.500      10.000      18.000      20.000      19.000      17.500      29.000      16.500      11.500      16.500      24.500      29.500    1000.000      26.000      15.000       9.500      21.000      20.500      28.000      17.500      10.500
13      14.500      12.000      25.000      13.000      15.500      14.500      20.500      29.500       5.000       6.500      11.500      24.500      26.000    1000.000      15.000       5.000      23.000      11.500      22.500      19.500      12.500
14      26.500      13.000      24.000       8.000       9.500       6.000      13.500      24.000      26.500       6.500      28.000       7.500      15.000      15.000    1000.000      15.000       5.500       8.000      12.000      11.500       8.500
15      34.000       8.000      20.000      19.000      29.500       8.500       7.500       6.500      24.000      20.000      23.000      22.000       9.500       5.000      15.000    1000.000      26.500      12.000      12.000      26.500      21.500
16      15.500      26.500       5.500      25.500      14.000      21.000       6.500      24.000      28.500      21.500       7.000      13.500      21.000      23.000       5.500      26.500    1000.000      19.000       6.000      29.000       6.500
17      12.500      18.500      18.500       5.000       8.000       7.000      10.000      17.500       6.500      27.500      18.000      17.000      20.500      11.500       8.000      12.000      19.000    1000.000      23.500      18.500      12.000
18      15.000      22.500      14.000       7.000      10.500       6.000      13.000       9.000      23.000      30.000      13.500      22.000      28.000      22.500      12.000      12.000       6.000      23.500    1000.000      22.000      16.500
19      20.500       9.000      10.500      18.000      18.000      14.500      22.500      14.000      20.500       7.000      25.500      11.000      17.500      19.500      11.500      26.500      29.000      18.500      22.000    1000.000       7.000
20      10.000       7.500      20.000      14.000      28.500       9.000      19.000       7.500      19.000      28.000       5.000       7.500      10.500      12.500       8.500      21.500       6.500      12.000      16.500       7.000    1000.000


----     28 PARAMETER a  Start time window at node i

1  387.000,    2  768.000,    3  344.000,    4  499.000,    5  638.000,    6  106.000,    7  833.000,    8  218.000,    9  381.000,    10 802.000,    11 322.000,    12 818.000,    13 546.000,    14 762.000,    15 801.000,    16 107.000,    17 376.000,    18 211.000,    19 396.000,    20 548.000


----     28 PARAMETER b  End time window at node i

0  1440.000,    1   627.000,    2  1008.000,    3   584.000,    4   739.000,    5   878.000,    6   346.000,    7  1073.000,    8   458.000,    9   621.000,    10 1042.000,    11  562.000,    12 1058.000,    13  786.000,    14 1002.000,    15 1041.000,    16  347.000,    17  616.000,    18  451.000,    19  636.000,    20  788.000


----     28 PARAMETER s  Service time at node i

1   2.000,    2   7.000,    3   7.000,    4   2.000,    5   1.000,    6  10.000,    7   1.000,    8   3.000,    9   8.000,    10  8.000,    11  7.000,    12 10.000,    13 10.000,    14  1.000,    15  8.000,    16  3.000,    17  7.000,    18  7.000,    19  6.000,    20  9.000


----     32 PARAMETER t  Travel time between nodes

             0           1           2           3           4           5           6           7           8           9          10          11          12          13          14          15          16          17          18          19          20

0     1000.000      15.500      19.500      26.000      26.000      27.500      35.000      32.000      13.000      22.500      13.000      19.500      10.500      14.500      26.500      34.000      15.500      12.500      15.000      20.500      10.000
1       15.500    1000.000      15.500      11.000      30.000       8.500      23.500       7.000      18.000      22.500      22.000       7.500      10.000      12.000      13.000       8.000      26.500      18.500      22.500       9.000       7.500
2       19.500      15.500    1000.000      16.000      25.500       8.000      25.500       7.500      24.500      25.500       6.500      29.000      18.000      25.000      24.000      20.000       5.500      18.500      14.000      10.500      20.000
3       26.000      11.000      16.000    1000.000      25.000       9.000      18.000      23.000      24.000      17.000       6.500      24.500      20.000      13.000       8.000      19.000      25.500       5.000       7.000      18.000      14.000
4       26.000      30.000      25.500      25.000    1000.000       8.000      14.000      16.000      15.500      11.000      16.500      26.000      19.000      15.500       9.500      29.500      14.000       8.000      10.500      18.000      28.500
5       27.500       8.500       8.000       9.000       8.000    1000.000      17.000      21.500      20.000      23.000      27.500      27.000      17.500      14.500       6.000       8.500      21.000       7.000       6.000      14.500       9.000
6       35.000      23.500      25.500      18.000      14.000      17.000    1000.000      23.500      28.000      10.000      14.500      26.000      29.000      20.500      13.500       7.500       6.500      10.000      13.000      22.500      19.000
7       32.000       7.000       7.500      23.000      16.000      21.500      23.500    1000.000      14.500      20.000      12.000      26.000      16.500      29.500      24.000       6.500      24.000      17.500       9.000      14.000       7.500
8       13.000      18.000      24.500      24.000      15.500      20.000      28.000      14.500    1000.000      21.500      18.500      23.500      11.500       5.000      26.500      24.000      28.500       6.500      23.000      20.500      19.000
9       22.500      22.500      25.500      17.000      11.000      23.000      10.000      20.000      21.500    1000.000      24.000      22.000      16.500       6.500       6.500      20.000      21.500      27.500      30.000       7.000      28.000
10      13.000      22.000       6.500       6.500      16.500      27.500      14.500      12.000      18.500      24.000    1000.000      10.000      24.500      11.500      28.000      23.000       7.000      18.000      13.500      25.500       5.000
11      19.500       7.500      29.000      24.500      26.000      27.000      26.000      26.000      23.500      22.000      10.000    1000.000      29.500      24.500       7.500      22.000      13.500      17.000      22.000      11.000       7.500
12      10.500      10.000      18.000      20.000      19.000      17.500      29.000      16.500      11.500      16.500      24.500      29.500    1000.000      26.000      15.000       9.500      21.000      20.500      28.000      17.500      10.500
13      14.500      12.000      25.000      13.000      15.500      14.500      20.500      29.500       5.000       6.500      11.500      24.500      26.000    1000.000      15.000       5.000      23.000      11.500      22.500      19.500      12.500
14      26.500      13.000      24.000       8.000       9.500       6.000      13.500      24.000      26.500       6.500      28.000       7.500      15.000      15.000    1000.000      15.000       5.500       8.000      12.000      11.500       8.500
15      34.000       8.000      20.000      19.000      29.500       8.500       7.500       6.500      24.000      20.000      23.000      22.000       9.500       5.000      15.000    1000.000      26.500      12.000      12.000      26.500      21.500
16      15.500      26.500       5.500      25.500      14.000      21.000       6.500      24.000      28.500      21.500       7.000      13.500      21.000      23.000       5.500      26.500    1000.000      19.000       6.000      29.000       6.500
17      12.500      18.500      18.500       5.000       8.000       7.000      10.000      17.500       6.500      27.500      18.000      17.000      20.500      11.500       8.000      12.000      19.000    1000.000      23.500      18.500      12.000
18      15.000      22.500      14.000       7.000      10.500       6.000      13.000       9.000      23.000      30.000      13.500      22.000      28.000      22.500      12.000      12.000       6.000      23.500    1000.000      22.000      16.500
19      20.500       9.000      10.500      18.000      18.000      14.500      22.500      14.000      20.500       7.000      25.500      11.000      17.500      19.500      11.500      26.500      29.000      18.500      22.000    1000.000       7.000
20      10.000       7.500      20.000      14.000      28.500       9.000      19.000       7.500      19.000      28.000       5.000       7.500      10.500      12.500       8.500      21.500       6.500      12.000      16.500       7.000    1000.000

GAMS 48.1.0  612569ae Oct 14, 2024          WEX-WEI x86 64bit/MS Windows - 12/30/24 21:05:49 Page 4
G e n e r a l   A l g e b r a i c   M o d e l i n g   S y s t e m
Equation Listing    SOLVE CVRP Using MIP From line 96


---- Of  =E=  Minimization of total distance (objective function)

Of..  - 1000*x(0,0,1) - 1000*x(0,0,2) - 1000*x(0,0,3) - 15.5*x(0,1,1) - 15.5*x(0,1,2) - 15.5*x(0,1,3) - 19.5*x(0,2,1) - 19.5*x(0,2,2) - 19.5*x(0,2,3) - 26*x(0,3,1) - 26*x(0,3,2) - 26*x(0,3,3) - 26*x(0,4,1) - 26*x(0,4,2) - 26*x(0,4,3) - 27.5*x(0,5,1) - 27.5*x(0,5,2) - 27.5*x(0,5,3) - 35*x(0,6,1) - 35*x(0,6,2) - 35*x(0,6,3) - 32*x(0,7,1) - 32*x(0,7,2) - 32*x(0,7,3) - 13*x(0,8,1) - 13*x(0,8,2) - 13*x(0,8,3) - 22.5*x(0,9,1) - 22.5*x(0,9,2) - 22.5*x(0,9,3) - 13*x(0,10,1) - 13*x(0,10,2) - 13*x(0,10,3) - 19.5*x(0,11,1) - 19.5*x(0,11,2) - 19.5*x(0,11,3) - 10.5*x(0,12,1) - 10.5*x(0,12,2) - 10.5*x(0,12,3) - 14.5*x(0,13,1) - 14.5*x(0,13,2) - 14.5*x(0,13,3) - 26.5*x(0,14,1) - 26.5*x(0,14,2) - 26.5*x(0,14,3) - 34*x(0,15,1) - 34*x(0,15,2) - 34*x(0,15,3) - 15.5*x(0,16,1) - 15.5*x(0,16,2) - 15.5*x(0,16,3) - 12.5*x(0,17,1) - 12.5*x(0,17,2) - 12.5*x(0,17,3) - 15*x(0,18,1) - 15*x(0,18,2) - 15*x(0,18,3) - 20.5*x(0,19,1) - 20.5*x(0,19,2) - 20.5*x(0,19,3) - 10*x(0,20,1) - 10*x(0,20,2) - 10*x(0,20,3) - 15.5*x(1,0,1) - 15.5*x(1,0,2) - 15.5*x(1,0,3) - 1000*x(1,1,1) - 1000*x(1,1,2) - 1000*x(1,1,3) - 15.5*x(1,2,1) - 15.5*x(1,2,2) - 15.5*x(1,2,3) - 11*x(1,3,1) - 11*x(1,3,2) - 11*x(1,3,3) - 30*x(1,4,1) - 30*x(1,4,2) - 30*x(1,4,3) - 8.5*x(1,5,1) - 8.5*x(1,5,2) - 8.5*x(1,5,3) - 23.5*x(1,6,1) - 23.5*x(1,6,2) - 23.5*x(1,6,3) - 7*x(1,7,1) - 7*x(1,7,2) - 7*x(1,7,3) - 18*x(1,8,1) - 18*x(1,8,2) - 18*x(1,8,3) - 22.5*x(1,9,1) - 22.5*x(1,9,2) - 22.5*x(1,9,3) - 22*x(1,10,1) - 22*x(1,10,2) - 22*x(1,10,3) - 7.5*x(1,11,1) - 7.5*x(1,11,2) - 7.5*x(1,11,3) - 10*x(1,12,1) - 10*x(1,12,2) - 10*x(1,12,3) - 12*x(1,13,1) - 12*x(1,13,2) - 12*x(1,13,3) - 13*x(1,14,1) - 13*x(1,14,2) - 13*x(1,14,3) - 8*x(1,15,1) - 8*x(1,15,2) - 8*x(1,15,3) - 26.5*x(1,16,1) - 26.5*x(1,16,2) - 26.5*x(1,16,3) - 18.5*x(1,17,1) - 18.5*x(1,17,2) - 18.5*x(1,17,3) - 22.5*x(1,18,1) - 22.5*x(1,18,2) - 22.5*x(1,18,3) - 9*x(1,19,1) - 9*x(1,19,2) - 9*x(1,19,3) - 7.5*x(1,20,1) - 7.5*x(1,20,2) - 7.5*x(1,20,3) - 19.5*x(2,0,1) - 19.5*x(2,0,2) - 19.5*x(2,0,3) - 15.5*x(2,1,1) - 15.5*x(2,1,2) - 15.5*x(2,1,3) - 1000*x(2,2,1) - 1000*x(2,2,2) - 1000*x(2,2,3) - 16*x(2,3,1) - 16*x(2,3,2) - 16*x(2,3,3) - 25.5*x(2,4,1) - 25.5*x(2,4,2) - 25.5*x(2,4,3) - 8*x(2,5,1) - 8*x(2,5,2) - 8*x(2,5,3) - 25.5*x(2,6,1) - 25.5*x(2,6,2) - 25.5*x(2,6,3) - 7.5*x(2,7,1) - 7.5*x(2,7,2) - 7.5*x(2,7,3) - 24.5*x(2,8,1) - 24.5*x(2,8,2) - 24.5*x(2,8,3) - 25.5*x(2,9,1) - 25.5*x(2,9,2) - 25.5*x(2,9,3) - 6.5*x(2,10,1) - 6.5*x(2,10,2) - 6.5*x(2,10,3) - 29*x(2,11,1) - 29*x(2,11,2) - 29*x(2,11,3) - 18*x(2,12,1) - 18*x(2,12,2) - 18*x(2,12,3) - 25*x(2,13,1) - 25*x(2,13,2) - 25*x(2,13,3) - 24*x(2,14,1) - 24*x(2,14,2) - 24*x(2,14,3) - 20*x(2,15,1) - 20*x(2,15,2) - 20*x(2,15,3) - 5.5*x(2,16,1) - 5.5*x(2,16,2) - 5.5*x(2,16,3) - 18.5*x(2,17,1) - 18.5*x(2,17,2) - 18.5*x(2,17,3) - 14*x(2,18,1) - 14*x(2,18,2) - 14*x(2,18,3) - 10.5*x(2,19,1) - 10.5*x(2,19,2) - 10.5*x(2,19,3) - 20*x(2,20,1) - 20*x(2,20,2) - 20*x(2,20,3) - 26*x(3,0,1) - 26*x(3,0,2) - 26*x(3,0,3) - 11*x(3,1,1) - 11*x(3,1,2) - 11*x(3,1,3) - 16*x(3,2,1) - 16*x(3,2,2) - 16*x(3,2,3) - 1000*x(3,3,1) - 1000*x(3,3,2) - 1000*x(3,3,3) - 25*x(3,4,1) - 25*x(3,4,2) - 25*x(3,4,3) - 9*x(3,5,1) - 9*x(3,5,2) - 9*x(3,5,3) - 18*x(3,6,1) - 18*x(3,6,2) - 18*x(3,6,3) - 23*x(3,7,1) - 23*x(3,7,2) - 23*x(3,7,3) - 24*x(3,8,1) - 24*x(3,8,2) - 24*x(3,8,3) - 17*x(3,9,1) - 17*x(3,9,2) - 17*x(3,9,3) - 6.5*x(3,10,1) - 6.5*x(3,10,2) - 6.5*x(3,10,3) - 24.5*x(3,11,1) - 24.5*x(3,11,2) - 24.5*x(3,11,3) - 20*x(3,12,1) - 20*x(3,12,2) - 20*x(3,12,3) - 13*x(3,13,1) - 13*x(3,13,2) - 13*x(3,13,3) - 8*x(3,14,1) - 8*x(3,14,2) - 8*x(3,14,3) - 19*x(3,15,1) - 19*x(3,15,2) - 19*x(3,15,3) - 25.5*x(3,16,1) - 25.5*x(3,16,2) - 25.5*x(3,16,3) - 5*x(3,17,1) - 5*x(3,17,2) - 5*x(3,17,3) - 7*x(3,18,1) - 7*x(3,18,2) - 7*x(3,18,3) - 18*x(3,19,1) - 18*x(3,19,2) - 18*x(3,19,3) - 14*x(3,20,1) - 14*x(3,20,2) - 14*x(3,20,3) - 26*x(4,0,1) - 26*x(4,0,2) - 26*x(4,0,3) - 30*x(4,1,1) - 30*x(4,1,2) - 30*x(4,1,3) - 25.5*x(4,2,1) - 25.5*x(4,2,2) - 25.5*x(4,2,3) - 25*x(4,3,1) - 25*x(4,3,2) - 25*x(4,3,3) - 1000*x(4,4,1) - 1000*x(4,4,2) - 1000*x(4,4,3) - 8*x(4,5,1) - 8*x(4,5,2) - 8*x(4,5,3) - 14*x(4,6,1) - 14*x(4,6,2) - 14*x(4,6,3) - 16*x(4,7,1) - 16*x(4,7,2) - 16*x(4,7,3) - 15.5*x(4,8,1) - 15.5*x(4,8,2) - 15.5*x(4,8,3) - 11*x(4,9,1) - 11*x(4,9,2) - 11*x(4,9,3) - 16.5*x(4,10,1) - 16.5*x(4,10,2) - 16.5*x(4,10,3) - 26*x(4,11,1) - 26*x(4,11,2) - 26*x(4,11,3) - 19*x(4,12,1) - 19*x(4,12,2) - 19*x(4,12,3) - 15.5*x(4,13,1) - 15.5*x(4,13,2) - 15.5*x(4,13,3) - 9.5*x(4,14,1) - 9.5*x(4,14,2) - 9.5*x(4,14,3) - 29.5*x(4,15,1) - 29.5*x(4,15,2) - 29.5*x(4,15,3) - 14*x(4,16,1) - 14*x(4,16,2) - 14*x(4,16,3) - 8*x(4,17,1) - 8*x(4,17,2) - 8*x(4,17,3) - 10.5*x(4,18,1) - 10.5*x(4,18,2) - 10.5*x(4,18,3) - 18*x(4,19,1) - 18*x(4,19,2) - 18*x(4,19,3) - 28.5*x(4,20,1) - 28.5*x(4,20,2) - 28.5*x(4,20,3) - 27.5*x(5,0,1) - 27.5*x(5,0,2) - 27.5*x(5,0,3) - 8.5*x(5,1,1) - 8.5*x(5,1,2) - 8.5*x(5,1,3) - 8*x(5,2,1) - 8*x(5,2,2) - 8*x(5,2,3) - 9*x(5,3,1) - 9*x(5,3,2) - 9*x(5,3,3) - 8*x(5,4,1) - 8*x(5,4,2) - 8*x(5,4,3) - 1000*x(5,5,1) - 1000*x(5,5,2) - 1000*x(5,5,3) - 17*x(5,6,1) - 17*x(5,6,2) - 17*x(5,6,3) - 21.5*x(5,7,1) - 21.5*x(5,7,2) - 21.5*x(5,7,3) - 20*x(5,8,1) - 20*x(5,8,2) - 20*x(5,8,3) - 23*x(5,9,1) - 23*x(5,9,2) - 23*x(5,9,3) - 27.5*x(5,10,1) - 27.5*x(5,10,2) - 27.5*x(5,10,3) - 27*x(5,11,1) - 27*x(5,11,2) - 27*x(5,11,3) - 17.5*x(5,12,1) - 17.5*x(5,12,2) - 17.5*x(5,12,3) - 14.5*x(5,13,1) - 14.5*x(5,13,2) - 14.5*x(5,13,3) - 6*x(5,14,1) - 6*x(5,14,2) - 6*x(5,14,3) - 8.5*x(5,15,1) - 8.5*x(5,15,2) - 8.5*x(5,15,3) - 21*x(5,16,1) - 21*x(5,16,2) - 21*x(5,16,3) - 7*x(5,17,1) - 7*x(5,17,2) - 7*x(5,17,3) - 6*x(5,18,1) - 6*x(5,18,2) - 6*x(5,18,3) - 14.5*x(5,19,1) - 14.5*x(5,19,2) - 14.5*x(5,19,3) - 9*x(5,20,1) - 9*x(5,20,2) - 9*x(5,20,3) - 35*x(6,0,1) - 35*x(6,0,2) - 35*x(6,0,3) - 23.5*x(6,1,1) - 23.5*x(6,1,2) - 23.5*x(6,1,3) - 25.5*x(6,2,1) - 25.5*x(6,2,2) - 25.5*x(6,2,3) - 18*x(6,3,1) - 18*x(6,3,2) - 18*x(6,3,3) - 14*x(6,4,1) - 14*x(6,4,2) - 14*x(6,4,3) - 17*x(6,5,1) - 17*x(6,5,2) - 17*x(6,5,3) - 1000*x(6,6,1) - 1000*x(6,6,2) - 1000*x(6,6,3) - 23.5*x(6,7,1) - 23.5*x(6,7,2) - 23.5*x(6,7,3) - 28*x(6,8,1) - 28*x(6,8,2) - 28*x(6,8,3) - 10*x(6,9,1) - 10*x(6,9,2) - 10*x(6,9,3) - 14.5*x(6,10,1) - 14.5*x(6,10,2) - 14.5*x(6,10,3) - 26*x(6,11,1) - 26*x(6,11,2) - 26*x(6,11,3) - 29*x(6,12,1) - 29*x(6,12,2) - 29*x(6,12,3) - 20.5*x(6,13,1) - 20.5*x(6,13,2) - 20.5*x(6,13,3) - 13.5*x(6,14,1) - 13.5*x(6,14,2) - 13.5*x(6,14,3) - 7.5*x(6,15,1) - 7.5*x(6,15,2) - 7.5*x(6,15,3) - 6.5*x(6,16,1) - 6.5*x(6,16,2) - 6.5*x(6,16,3) - 10*x(6,17,1) - 10*x(6,17,2) - 10*x(6,17,3) - 13*x(6,18,1) - 13*x(6,18,2) - 13*x(6,18,3) - 22.5*x(6,19,1) - 22.5*x(6,19,2) - 22.5*x(6,19,3) - 19*x(6,20,1) - 19*x(6,20,2) - 19*x(6,20,3) - 32*x(7,0,1) - 32*x(7,0,2) - 32*x(7,0,3) - 7*x(7,1,1) - 7*x(7,1,2) - 7*x(7,1,3) - 7.5*x(7,2,1) - 7.5*x(7,2,2) - 7.5*x(7,2,3) - 23*x(7,3,1) - 23*x(7,3,2) - 23*x(7,3,3) - 16*x(7,4,1) - 16*x(7,4,2) - 16*x(7,4,3) - 21.5*x(7,5,1) - 21.5*x(7,5,2) - 21.5*x(7,5,3) - 23.5*x(7,6,1) - 23.5*x(7,6,2) - 23.5*x(7,6,3) - 1000*x(7,7,1) - 1000*x(7,7,2) - 1000*x(7,7,3) - 14.5*x(7,8,1) - 14.5*x(7,8,2) - 14.5*x(7,8,3) - 20*x(7,9,1) - 20*x(7,9,2) - 20*x(7,9,3) - 12*x(7,10,1) - 12*x(7,10,2) - 12*x(7,10,3) - 26*x(7,11,1) - 26*x(7,11,2) - 26*x(7,11,3) - 16.5*x(7,12,1) - 16.5*x(7,12,2) - 16.5*x(7,12,3) - 29.5*x(7,13,1) - 29.5*x(7,13,2) - 29.5*x(7,13,3) - 24*x(7,14,1) - 24*x(7,14,2) - 24*x(7,14,3) - 6.5*x(7,15,1) - 6.5*x(7,15,2) - 6.5*x(7,15,3) - 24*x(7,16,1) - 24*x(7,16,2) - 24*x(7,16,3) - 17.5*x(7,17,1) - 17.5*x(7,17,2) - 17.5*x(7,17,3) - 9*x(7,18,1) - 9*x(7,18,2) - 9*x(7,18,3) - 14*x(7,19,1) - 14*x(7,19,2) - 14*x(7,19,3) - 7.5*x(7,20,1) - 7.5*x(7,20,2) - 7.5*x(7,20,3) - 13*x(8,0,1) - 13*x(8,0,2) - 13*x(8,0,3) - 18*x(8,1,1) - 18*x(8,1,2) - 18*x(8,1,3) - 24.5*x(8,2,1) - 24.5*x(8,2,2) - 24.5*x(8,2,3) - 24*x(8,3,1) - 24*x(8,3,2) - 24*x(8,3,3) - 15.5*x(8,4,1) - 15.5*x(8,4,2) - 15.5*x(8,4,3) - 20*x(8,5,1) - 20*x(8,5,2) - 20*x(8,5,3) - 28*x(8,6,1) - 28*x(8,6,2) - 28*x(8,6,3) - 14.5*x(8,7,1) - 14.5*x(8,7,2) - 14.5*x(8,7,3) - 1000*x(8,8,1) - 1000*x(8,8,2) - 1000*x(8,8,3) - 21.5*x(8,9,1) - 21.5*x(8,9,2) - 21.5*x(8,9,3) - 18.5*x(8,10,1) - 18.5*x(8,10,2) - 18.5*x(8,10,3) - 23.5*x(8,11,1) - 23.5*x(8,11,2) - 23.5*x(8,11,3) - 11.5*x(8,12,1) - 11.5*x(8,12,2) - 11.5*x(8,12,3) - 5*x(8,13,1) - 5*x(8,13,2) - 5*x(8,13,3) - 26.5*x(8,14,1) - 26.5*x(8,14,2) - 26.5*x(8,14,3) - 24*x(8,15,1) - 24*x(8,15,2) - 24*x(8,15,3) - 28.5*x(8,16,1) - 28.5*x(8,16,2) - 28.5*x(8,16,3) - 6.5*x(8,17,1) - 6.5*x(8,17,2) - 6.5*x(8,17,3) - 23*x(8,18,1) - 23*x(8,18,2) - 23*x(8,18,3) - 20.5*x(8,19,1) - 20.5*x(8,19,2) - 20.5*x(8,19,3) - 19*x(8,20,1) - 19*x(8,20,2) - 19*x(8,20,3) - 22.5*x(9,0,1) - 22.5*x(9,0,2) - 22.5*x(9,0,3) - 22.5*x(9,1,1) - 22.5*x(9,1,2) - 22.5*x(9,1,3) - 25.5*x(9,2,1) - 25.5*x(9,2,2) - 25.5*x(9,2,3) - 17*x(9,3,1) - 17*x(9,3,2) - 17*x(9,3,3) - 11*x(9,4,1) - 11*x(9,4,2) - 11*x(9,4,3) - 23*x(9,5,1) - 23*x(9,5,2) - 23*x(9,5,3) - 10*x(9,6,1) - 10*x(9,6,2) - 10*x(9,6,3) - 20*x(9,7,1) - 20*x(9,7,2) - 20*x(9,7,3) - 21.5*x(9,8,1) - 21.5*x(9,8,2) - 21.5*x(9,8,3) - 1000*x(9,9,1) - 1000*x(9,9,2) - 1000*x(9,9,3) - 24*x(9,10,1) - 24*x(9,10,2) - 24*x(9,10,3) - 22*x(9,11,1) - 22*x(9,11,2) - 22*x(9,11,3) - 16.5*x(9,12,1) - 16.5*x(9,12,2) - 16.5*x(9,12,3) - 6.5*x(9,13,1) - 6.5*x(9,13,2) - 6.5*x(9,13,3) - 6.5*x(9,14,1) - 6.5*x(9,14,2) - 6.5*x(9,14,3) - 20*x(9,15,1) - 20*x(9,15,2) - 20*x(9,15,3) - 21.5*x(9,16,1) - 21.5*x(9,16,2) - 21.5*x(9,16,3) - 27.5*x(9,17,1) - 27.5*x(9,17,2) - 27.5*x(9,17,3) - 30*x(9,18,1) - 30*x(9,18,2) - 30*x(9,18,3) - 7*x(9,19,1) - 7*x(9,19,2) - 7*x(9,19,3) - 28*x(9,20,1) - 28*x(9,20,2) - 28*x(9,20,3) - 13*x(10,0,1) - 13*x(10,0,2) - 13*x(10,0,3) - 22*x(10,1,1) - 22*x(10,1,2) - 22*x(10,1,3) - 6.5*x(10,2,1) - 6.5*x(10,2,2) - 6.5*x(10,2,3) - 6.5*x(10,3,1) - 6.5*x(10,3,2) - 6.5*x(10,3,3) - 16.5*x(10,4,1) - 16.5*x(10,4,2) - 16.5*x(10,4,3) - 27.5*x(10,5,1) - 27.5*x(10,5,2) - 27.5*x(10,5,3) - 14.5*x(10,6,1) - 14.5*x(10,6,2) - 14.5*x(10,6,3) - 12*x(10,7,1) - 12*x(10,7,2) - 12*x(10,7,3) - 18.5*x(10,8,1) - 18.5*x(10,8,2) - 18.5*x(10,8,3) - 24*x(10,9,1) - 24*x(10,9,2) - 24*x(10,9,3) - 1000*x(10,10,1) - 1000*x(10,10,2) - 1000*x(10,10,3) - 10*x(10,11,1) - 10*x(10,11,2) - 10*x(10,11,3) - 24.5*x(10,12,1) - 24.5*x(10,12,2) - 24.5*x(10,12,3) - 11.5*x(10,13,1) - 11.5*x(10,13,2) - 11.5*x(10,13,3) - 28*x(10,14,1) - 28*x(10,14,2) - 28*x(10,14,3) - 23*x(10,15,1) - 23*x(10,15,2) - 23*x(10,15,3) - 7*x(10,16,1) - 7*x(10,16,2) - 7*x(10,16,3) - 18*x(10,17,1) - 18*x(10,17,2) - 18*x(10,17,3) - 13.5*x(10,18,1) - 13.5*x(10,18,2) - 13.5*x(10,18,3) - 25.5*x(10,19,1) - 25.5*x(10,19,2) - 25.5*x(10,19,3) - 5*x(10,20,1) - 5*x(10,20,2) - 5*x(10,20,3) - 19.5*x(11,0,1) - 19.5*x(11,0,2) - 19.5*x(11,0,3) - 7.5*x(11,1,1) - 7.5*x(11,1,2) - 7.5*x(11,1,3) - 29*x(11,2,1) - 29*x(11,2,2) - 29*x(11,2,3) - 24.5*x(11,3,1) - 24.5*x(11,3,2) - 24.5*x(11,3,3) - 26*x(11,4,1) - 26*x(11,4,2) - 26*x(11,4,3) - 27*x(11,5,1) - 27*x(11,5,2) - 27*x(11,5,3) - 26*x(11,6,1) - 26*x(11,6,2) - 26*x(11,6,3) - 26*x(11,7,1) - 26*x(11,7,2) - 26*x(11,7,3) - 23.5*x(11,8,1) - 23.5*x(11,8,2) - 23.5*x(11,8,3) - 22*x(11,9,1) - 22*x(11,9,2) - 22*x(11,9,3) - 10*x(11,10,1) - 10*x(11,10,2) - 10*x(11,10,3) - 1000*x(11,11,1) - 1000*x(11,11,2) - 1000*x(11,11,3) - 29.5*x(11,12,1) - 29.5*x(11,12,2) - 29.5*x(11,12,3) - 24.5*x(11,13,1) - 24.5*x(11,13,2) - 24.5*x(11,13,3) - 7.5*x(11,14,1) - 7.5*x(11,14,2) - 7.5*x(11,14,3) - 22*x(11,15,1) - 22*x(11,15,2) - 22*x(11,15,3) - 13.5*x(11,16,1) - 13.5*x(11,16,2) - 13.5*x(11,16,3) - 17*x(11,17,1) - 17*x(11,17,2) - 17*x(11,17,3) - 22*x(11,18,1) - 22*x(11,18,2) - 22*x(11,18,3) - 11*x(11,19,1) - 11*x(11,19,2) - 11*x(11,19,3) - 7.5*x(11,20,1) - 7.5*x(11,20,2) - 7.5*x(11,20,3) - 10.5*x(12,0,1) - 10.5*x(12,0,2) - 10.5*x(12,0,3) - 10*x(12,1,1) - 10*x(12,1,2) - 10*x(12,1,3) - 18*x(12,2,1) - 18*x(12,2,2) - 18*x(12,2,3) - 20*x(12,3,1) - 20*x(12,3,2) - 20*x(12,3,3) - 19*x(12,4,1) - 19*x(12,4,2) - 19*x(12,4,3) - 17.5*x(12,5,1) - 17.5*x(12,5,2) - 17.5*x(12,5,3) - 29*x(12,6,1) - 29*x(12,6,2) - 29*x(12,6,3) - 16.5*x(12,7,1) - 16.5*x(12,7,2) - 16.5*x(12,7,3) - 11.5*x(12,8,1) - 11.5*x(12,8,2) - 11.5*x(12,8,3) - 16.5*x(12,9,1) - 16.5*x(12,9,2) - 16.5*x(12,9,3) - 24.5*x(12,10,1) - 24.5*x(12,10,2) - 24.5*x(12,10,3) - 29.5*x(12,11,1) - 29.5*x(12,11,2) - 29.5*x(12,11,3) - 1000*x(12,12,1) - 1000*x(12,12,2) - 1000*x(12,12,3) - 26*x(12,13,1) - 26*x(12,13,2) - 26*x(12,13,3) - 15*x(12,14,1) - 15*x(12,14,2) - 15*x(12,14,3) - 9.5*x(12,15,1) - 9.5*x(12,15,2) - 9.5*x(12,15,3) - 21*x(12,16,1) - 21*x(12,16,2) - 21*x(12,16,3) - 20.5*x(12,17,1) - 20.5*x(12,17,2) - 20.5*x(12,17,3) - 28*x(12,18,1) - 28*x(12,18,2) - 28*x(12,18,3) - 17.5*x(12,19,1) - 17.5*x(12,19,2) - 17.5*x(12,19,3) - 10.5*x(12,20,1) - 10.5*x(12,20,2) - 10.5*x(12,20,3) - 14.5*x(13,0,1) - 14.5*x(13,0,2) - 14.5*x(13,0,3) - 12*x(13,1,1) - 12*x(13,1,2) - 12*x(13,1,3) - 25*x(13,2,1) - 25*x(13,2,2) - 25*x(13,2,3) - 13*x(13,3,1) - 13*x(13,3,2) - 13*x(13,3,3) - 15.5*x(13,4,1) - 15.5*x(13,4,2) - 15.5*x(13,4,3) - 14.5*x(13,5,1) - 14.5*x(13,5,2) - 14.5*x(13,5,3) - 20.5*x(13,6,1) - 20.5*x(13,6,2) - 20.5*x(13,6,3) - 29.5*x(13,7,1) - 29.5*x(13,7,2) - 29.5*x(13,7,3) - 5*x(13,8,1) - 5*x(13,8,2) - 5*x(13,8,3) - 6.5*x(13,9,1) - 6.5*x(13,9,2) - 6.5*x(13,9,3) - 11.5*x(13,10,1) - 11.5*x(13,10,2) - 11.5*x(13,10,3) - 24.5*x(13,11,1) - 24.5*x(13,11,2) - 24.5*x(13,11,3) - 26*x(13,12,1) - 26*x(13,12,2) - 26*x(13,12,3) - 1000*x(13,13,1) - 1000*x(13,13,2) - 1000*x(13,13,3) - 15*x(13,14,1) - 15*x(13,14,2) - 15*x(13,14,3) - 5*x(13,15,1) - 5*x(13,15,2) - 5*x(13,15,3) - 23*x(13,16,1) - 23*x(13,16,2) - 23*x(13,16,3) - 11.5*x(13,17,1) - 11.5*x(13,17,2) - 11.5*x(13,17,3) - 22.5*x(13,18,1) - 22.5*x(13,18,2) - 22.5*x(13,18,3) - 19.5*x(13,19,1) - 19.5*x(13,19,2) - 19.5*x(13,19,3) - 12.5*x(13,20,1) - 12.5*x(13,20,2) - 12.5*x(13,20,3) - 26.5*x(14,0,1) - 26.5*x(14,0,2) - 26.5*x(14,0,3) - 13*x(14,1,1) - 13*x(14,1,2) - 13*x(14,1,3) - 24*x(14,2,1) - 24*x(14,2,2) - 24*x(14,2,3) - 8*x(14,3,1) - 8*x(14,3,2) - 8*x(14,3,3) - 9.5*x(14,4,1) - 9.5*x(14,4,2) - 9.5*x(14,4,3) - 6*x(14,5,1) - 6*x(14,5,2) - 6*x(14,5,3) - 13.5*x(14,6,1) - 13.5*x(14,6,2) - 13.5*x(14,6,3) - 24*x(14,7,1) - 24*x(14,7,2) - 24*x(14,7,3) - 26.5*x(14,8,1) - 26.5*x(14,8,2) - 26.5*x(14,8,3) - 6.5*x(14,9,1) - 6.5*x(14,9,2) - 6.5*x(14,9,3) - 28*x(14,10,1) - 28*x(14,10,2) - 28*x(14,10,3) - 7.5*x(14,11,1) - 7.5*x(14,11,2) - 7.5*x(14,11,3) - 15*x(14,12,1) - 15*x(14,12,2) - 15*x(14,12,3) - 15*x(14,13,1) - 15*x(14,13,2) - 15*x(14,13,3) - 1000*x(14,14,1) - 1000*x(14,14,2) - 1000*x(14,14,3) - 15*x(14,15,1) - 15*x(14,15,2) - 15*x(14,15,3) - 5.5*x(14,16,1) - 5.5*x(14,16,2) - 5.5*x(14,16,3) - 8*x(14,17,1) - 8*x(14,17,2) - 8*x(14,17,3) - 12*x(14,18,1) - 12*x(14,18,2) - 12*x(14,18,3) - 11.5*x(14,19,1) - 11.5*x(14,19,2) - 11.5*x(14,19,3) - 8.5*x(14,20,1) - 8.5*x(14,20,2) - 8.5*x(14,20,3) - 34*x(15,0,1) - 34*x(15,0,2) - 34*x(15,0,3) - 8*x(15,1,1) - 8*x(15,1,2) - 8*x(15,1,3) - 20*x(15,2,1) - 20*x(15,2,2) - 20*x(15,2,3) - 19*x(15,3,1) - 19*x(15,3,2) - 19*x(15,3,3) - 29.5*x(15,4,1) - 29.5*x(15,4,2) - 29.5*x(15,4,3) - 8.5*x(15,5,1) - 8.5*x(15,5,2) - 8.5*x(15,5,3) - 7.5*x(15,6,1) - 7.5*x(15,6,2) - 7.5*x(15,6,3) - 6.5*x(15,7,1) - 6.5*x(15,7,2) - 6.5*x(15,7,3) - 24*x(15,8,1) - 24*x(15,8,2) - 24*x(15,8,3) - 20*x(15,9,1) - 20*x(15,9,2) - 20*x(15,9,3) - 23*x(15,10,1) - 23*x(15,10,2) - 23*x(15,10,3) - 22*x(15,11,1) - 22*x(15,11,2) - 22*x(15,11,3) - 9.5*x(15,12,1) - 9.5*x(15,12,2) - 9.5*x(15,12,3) - 5*x(15,13,1) - 5*x(15,13,2) - 5*x(15,13,3) - 15*x(15,14,1) - 15*x(15,14,2) - 15*x(15,14,3) - 1000*x(15,15,1) - 1000*x(15,15,2) - 1000*x(15,15,3) - 26.5*x(15,16,1) - 26.5*x(15,16,2) - 26.5*x(15,16,3) - 12*x(15,17,1) - 12*x(15,17,2) - 12*x(15,17,3) - 12*x(15,18,1) - 12*x(15,18,2) - 12*x(15,18,3) - 26.5*x(15,19,1) - 26.5*x(15,19,2) - 26.5*x(15,19,3) - 21.5*x(15,20,1) - 21.5*x(15,20,2) - 21.5*x(15,20,3) - 15.5*x(16,0,1) - 15.5*x(16,0,2) - 15.5*x(16,0,3) - 26.5*x(16,1,1) - 26.5*x(16,1,2) - 26.5*x(16,1,3) - 5.5*x(16,2,1) - 5.5*x(16,2,2) - 5.5*x(16,2,3) - 25.5*x(16,3,1) - 25.5*x(16,3,2) - 25.5*x(16,3,3) - 14*x(16,4,1) - 14*x(16,4,2) - 14*x(16,4,3) - 21*x(16,5,1) - 21*x(16,5,2) - 21*x(16,5,3) - 6.5*x(16,6,1) - 6.5*x(16,6,2) - 6.5*x(16,6,3) - 24*x(16,7,1) - 24*x(16,7,2) - 24*x(16,7,3) - 28.5*x(16,8,1) - 28.5*x(16,8,2) - 28.5*x(16,8,3) - 21.5*x(16,9,1) - 21.5*x(16,9,2) - 21.5*x(16,9,3) - 7*x(16,10,1) - 7*x(16,10,2) - 7*x(16,10,3) - 13.5*x(16,11,1) - 13.5*x(16,11,2) - 13.5*x(16,11,3) - 21*x(16,12,1) - 21*x(16,12,2) - 21*x(16,12,3) - 23*x(16,13,1) - 23*x(16,13,2) - 23*x(16,13,3) - 5.5*x(16,14,1) - 5.5*x(16,14,2) - 5.5*x(16,14,3) - 26.5*x(16,15,1) - 26.5*x(16,15,2) - 26.5*x(16,15,3) - 1000*x(16,16,1) - 1000*x(16,16,2) - 1000*x(16,16,3) - 19*x(16,17,1) - 19*x(16,17,2) - 19*x(16,17,3) - 6*x(16,18,1) - 6*x(16,18,2) - 6*x(16,18,3) - 29*x(16,19,1) - 29*x(16,19,2) - 29*x(16,19,3) - 6.5*x(16,20,1) - 6.5*x(16,20,2) - 6.5*x(16,20,3) - 12.5*x(17,0,1) - 12.5*x(17,0,2) - 12.5*x(17,0,3) - 18.5*x(17,1,1) - 18.5*x(17,1,2) - 18.5*x(17,1,3) - 18.5*x(17,2,1) - 18.5*x(17,2,2) - 18.5*x(17,2,3) - 5*x(17,3,1) - 5*x(17,3,2) - 5*x(17,3,3) - 8*x(17,4,1) - 8*x(17,4,2) - 8*x(17,4,3) - 7*x(17,5,1) - 7*x(17,5,2) - 7*x(17,5,3) - 10*x(17,6,1) - 10*x(17,6,2) - 10*x(17,6,3) - 17.5*x(17,7,1) - 17.5*x(17,7,2) - 17.5*x(17,7,3) - 6.5*x(17,8,1) - 6.5*x(17,8,2) - 6.5*x(17,8,3) - 27.5*x(17,9,1) - 27.5*x(17,9,2) - 27.5*x(17,9,3) - 18*x(17,10,1) - 18*x(17,10,2) - 18*x(17,10,3) - 17*x(17,11,1) - 17*x(17,11,2) - 17*x(17,11,3) - 20.5*x(17,12,1) - 20.5*x(17,12,2) - 20.5*x(17,12,3) - 11.5*x(17,13,1) - 11.5*x(17,13,2) - 11.5*x(17,13,3) - 8*x(17,14,1) - 8*x(17,14,2) - 8*x(17,14,3) - 12*x(17,15,1) - 12*x(17,15,2) - 12*x(17,15,3) - 19*x(17,16,1) - 19*x(17,16,2) - 19*x(17,16,3) - 1000*x(17,17,1) - 1000*x(17,17,2) - 1000*x(17,17,3) - 23.5*x(17,18,1) - 23.5*x(17,18,2) - 23.5*x(17,18,3) - 18.5*x(17,19,1) - 18.5*x(17,19,2) - 18.5*x(17,19,3) - 12*x(17,20,1) - 12*x(17,20,2) - 12*x(17,20,3) - 15*x(18,0,1) - 15*x(18,0,2) - 15*x(18,0,3) - 22.5*x(18,1,1) - 22.5*x(18,1,2) - 22.5*x(18,1,3) - 14*x(18,2,1) - 14*x(18,2,2) - 14*x(18,2,3) - 7*x(18,3,1) - 7*x(18,3,2) - 7*x(18,3,3) - 10.5*x(18,4,1) - 10.5*x(18,4,2) - 10.5*x(18,4,3) - 6*x(18,5,1) - 6*x(18,5,2) - 6*x(18,5,3) - 13*x(18,6,1) - 13*x(18,6,2) - 13*x(18,6,3) - 9*x(18,7,1) - 9*x(18,7,2) - 9*x(18,7,3) - 23*x(18,8,1) - 23*x(18,8,2) - 23*x(18,8,3) - 30*x(18,9,1) - 30*x(18,9,2) - 30*x(18,9,3) - 13.5*x(18,10,1) - 13.5*x(18,10,2) - 13.5*x(18,10,3) - 22*x(18,11,1) - 22*x(18,11,2) - 22*x(18,11,3) - 28*x(18,12,1) - 28*x(18,12,2) - 28*x(18,12,3) - 22.5*x(18,13,1) - 22.5*x(18,13,2) - 22.5*x(18,13,3) - 12*x(18,14,1) - 12*x(18,14,2) - 12*x(18,14,3) - 12*x(18,15,1) - 12*x(18,15,2) - 12*x(18,15,3) - 6*x(18,16,1) - 6*x(18,16,2) - 6*x(18,16,3) - 23.5*x(18,17,1) - 23.5*x(18,17,2) - 23.5*x(18,17,3) - 1000*x(18,18,1) - 1000*x(18,18,2) - 1000*x(18,18,3) - 22*x(18,19,1) - 22*x(18,19,2) - 22*x(18,19,3) - 16.5*x(18,20,1) - 16.5*x(18,20,2) - 16.5*x(18,20,3) - 20.5*x(19,0,1) - 20.5*x(19,0,2) - 20.5*x(19,0,3) - 9*x(19,1,1) - 9*x(19,1,2) - 9*x(19,1,3) - 10.5*x(19,2,1) - 10.5*x(19,2,2) - 10.5*x(19,2,3) - 18*x(19,3,1) - 18*x(19,3,2) - 18*x(19,3,3) - 18*x(19,4,1) - 18*x(19,4,2) - 18*x(19,4,3) - 14.5*x(19,5,1) - 14.5*x(19,5,2) - 14.5*x(19,5,3) - 22.5*x(19,6,1) - 22.5*x(19,6,2) - 22.5*x(19,6,3) - 14*x(19,7,1) - 14*x(19,7,2) - 14*x(19,7,3) - 20.5*x(19,8,1) - 20.5*x(19,8,2) - 20.5*x(19,8,3) - 7*x(19,9,1) - 7*x(19,9,2) - 7*x(19,9,3) - 25.5*x(19,10,1) - 25.5*x(19,10,2) - 25.5*x(19,10,3) - 11*x(19,11,1) - 11*x(19,11,2) - 11*x(19,11,3) - 17.5*x(19,12,1) - 17.5*x(19,12,2) - 17.5*x(19,12,3) - 19.5*x(19,13,1) - 19.5*x(19,13,2) - 19.5*x(19,13,3) - 11.5*x(19,14,1) - 11.5*x(19,14,2) - 11.5*x(19,14,3) - 26.5*x(19,15,1) - 26.5*x(19,15,2) - 26.5*x(19,15,3) - 29*x(19,16,1) - 29*x(19,16,2) - 29*x(19,16,3) - 18.5*x(19,17,1) - 18.5*x(19,17,2) - 18.5*x(19,17,3) - 22*x(19,18,1) - 22*x(19,18,2) - 22*x(19,18,3) - 1000*x(19,19,1) - 1000*x(19,19,2) - 1000*x(19,19,3) - 7*x(19,20,1) - 7*x(19,20,2) - 7*x(19,20,3) - 10*x(20,0,1) - 10*x(20,0,2) - 10*x(20,0,3) - 7.5*x(20,1,1) - 7.5*x(20,1,2) - 7.5*x(20,1,3) - 20*x(20,2,1) - 20*x(20,2,2) - 20*x(20,2,3) - 14*x(20,3,1) - 14*x(20,3,2) - 14*x(20,3,3) - 28.5*x(20,4,1) - 28.5*x(20,4,2) - 28.5*x(20,4,3) - 9*x(20,5,1) - 9*x(20,5,2) - 9*x(20,5,3) - 19*x(20,6,1) - 19*x(20,6,2) - 19*x(20,6,3) - 7.5*x(20,7,1) - 7.5*x(20,7,2) - 7.5*x(20,7,3) - 19*x(20,8,1) - 19*x(20,8,2) - 19*x(20,8,3) - 28*x(20,9,1) - 28*x(20,9,2) - 28*x(20,9,3) - 5*x(20,10,1) - 5*x(20,10,2) - 5*x(20,10,3) - 7.5*x(20,11,1) - 7.5*x(20,11,2) - 7.5*x(20,11,3) - 10.5*x(20,12,1) - 10.5*x(20,12,2) - 10.5*x(20,12,3) - 12.5*x(20,13,1) - 12.5*x(20,13,2) - 12.5*x(20,13,3) - 8.5*x(20,14,1) - 8.5*x(20,14,2) - 8.5*x(20,14,3) - 21.5*x(20,15,1) - 21.5*x(20,15,2) - 21.5*x(20,15,3) - 6.5*x(20,16,1) - 6.5*x(20,16,2) - 6.5*x(20,16,3) - 12*x(20,17,1) - 12*x(20,17,2) - 12*x(20,17,3) - 16.5*x(20,18,1) - 16.5*x(20,18,2) - 16.5*x(20,18,3) - 7*x(20,19,1) - 7*x(20,19,2) - 7*x(20,19,3) - 1000*x(20,20,1) - 1000*x(20,20,2) - 1000*x(20,20,3) + F =E= 0 ; (LHS = 0)
     

---- Cover  =E=  Every customer is assigned to one vehicle

Cover(1)..  y(1,1) + y(1,2) + y(1,3) =E= 1 ; (LHS = 0, INFES = 1 ****)
     
Cover(2)..  y(2,1) + y(2,2) + y(2,3) =E= 1 ; (LHS = 0, INFES = 1 ****)
     
Cover(3)..  y(3,1) + y(3,2) + y(3,3) =E= 1 ; (LHS = 0, INFES = 1 ****)
     
REMAINING 17 ENTRIES SKIPPED


---- Capa  =L=  The maximum vehicle capacity is met

Capa(1)..  y(0,1) + y(1,1) + y(2,1) + y(3,1) + y(4,1) + y(5,1) + y(6,1) + y(7,1) + y(8,1) + y(9,1) + y(10,1) + y(11,1) + y(12,1) + y(13,1) + y(14,1) + y(15,1) + y(16,1) + y(17,1) + y(18,1) + y(19,1) + y(20,1) =L= 8 ; (LHS = 0)
     
Capa(2)..  y(0,2) + y(1,2) + y(2,2) + y(3,2) + y(4,2) + y(5,2) + y(6,2) + y(7,2) + y(8,2) + y(9,2) + y(10,2) + y(11,2) + y(12,2) + y(13,2) + y(14,2) + y(15,2) + y(16,2) + y(17,2) + y(18,2) + y(19,2) + y(20,2) =L= 8 ; (LHS = 0)
     
Capa(3)..  y(0,3) + y(1,3) + y(2,3) + y(3,3) + y(4,3) + y(5,3) + y(6,3) + y(7,3) + y(8,3) + y(9,3) + y(10,3) + y(11,3) + y(12,3) + y(13,3) + y(14,3) + y(15,3) + y(16,3) + y(17,3) + y(18,3) + y(19,3) + y(20,3) =L= 8 ; (LHS = 0)
     

---- Flow  =E=  Flow preservation constraint

Flow(0,1)..  x(0,1,1) + x(0,2,1) + x(0,3,1) + x(0,4,1) + x(0,5,1) + x(0,6,1) + x(0,7,1) + x(0,8,1) + x(0,9,1) + x(0,10,1) + x(0,11,1) + x(0,12,1) + x(0,13,1) + x(0,14,1) + x(0,15,1) + x(0,16,1) + x(0,17,1) + x(0,18,1) + x(0,19,1) + x(0,20,1) - x(1,0,1) - x(2,0,1) - x(3,0,1) - x(4,0,1) - x(5,0,1) - x(6,0,1) - x(7,0,1) - x(8,0,1) - x(9,0,1) - x(10,0,1) - x(11,0,1) - x(12,0,1) - x(13,0,1) - x(14,0,1) - x(15,0,1) - x(16,0,1) - x(17,0,1) - x(18,0,1) - x(19,0,1) - x(20,0,1) =E= 0 ; (LHS = 0)
     
Flow(0,2)..  x(0,1,2) + x(0,2,2) + x(0,3,2) + x(0,4,2) + x(0,5,2) + x(0,6,2) + x(0,7,2) + x(0,8,2) + x(0,9,2) + x(0,10,2) + x(0,11,2) + x(0,12,2) + x(0,13,2) + x(0,14,2) + x(0,15,2) + x(0,16,2) + x(0,17,2) + x(0,18,2) + x(0,19,2) + x(0,20,2) - x(1,0,2) - x(2,0,2) - x(3,0,2) - x(4,0,2) - x(5,0,2) - x(6,0,2) - x(7,0,2) - x(8,0,2) - x(9,0,2) - x(10,0,2) - x(11,0,2) - x(12,0,2) - x(13,0,2) - x(14,0,2) - x(15,0,2) - x(16,0,2) - x(17,0,2) - x(18,0,2) - x(19,0,2) - x(20,0,2) =E= 0 ; (LHS = 0)
     
Flow(0,3)..  x(0,1,3) + x(0,2,3) + x(0,3,3) + x(0,4,3) + x(0,5,3) + x(0,6,3) + x(0,7,3) + x(0,8,3) + x(0,9,3) + x(0,10,3) + x(0,11,3) + x(0,12,3) + x(0,13,3) + x(0,14,3) + x(0,15,3) + x(0,16,3) + x(0,17,3) + x(0,18,3) + x(0,19,3) + x(0,20,3) - x(1,0,3) - x(2,0,3) - x(3,0,3) - x(4,0,3) - x(5,0,3) - x(6,0,3) - x(7,0,3) - x(8,0,3) - x(9,0,3) - x(10,0,3) - x(11,0,3) - x(12,0,3) - x(13,0,3) - x(14,0,3) - x(15,0,3) - x(16,0,3) - x(17,0,3) - x(18,0,3) - x(19,0,3) - x(20,0,3) =E= 0 ; (LHS = 0)
     
REMAINING 60 ENTRIES SKIPPED


---- Couple  =E=  Coupling constraint for the variables x and y

Couple(0,1)..  x(0,0,1) + x(1,0,1) + x(2,0,1) + x(3,0,1) + x(4,0,1) + x(5,0,1) + x(6,0,1) + x(7,0,1) + x(8,0,1) + x(9,0,1) + x(10,0,1) + x(11,0,1) + x(12,0,1) + x(13,0,1) + x(14,0,1) + x(15,0,1) + x(16,0,1) + x(17,0,1) + x(18,0,1) + x(19,0,1) + x(20,0,1) - y(0,1) =E= 0 ; (LHS = 0)
     
Couple(0,2)..  x(0,0,2) + x(1,0,2) + x(2,0,2) + x(3,0,2) + x(4,0,2) + x(5,0,2) + x(6,0,2) + x(7,0,2) + x(8,0,2) + x(9,0,2) + x(10,0,2) + x(11,0,2) + x(12,0,2) + x(13,0,2) + x(14,0,2) + x(15,0,2) + x(16,0,2) + x(17,0,2) + x(18,0,2) + x(19,0,2) + x(20,0,2) - y(0,2) =E= 0 ; (LHS = 0)
     
Couple(0,3)..  x(0,0,3) + x(1,0,3) + x(2,0,3) + x(3,0,3) + x(4,0,3) + x(5,0,3) + x(6,0,3) + x(7,0,3) + x(8,0,3) + x(9,0,3) + x(10,0,3) + x(11,0,3) + x(12,0,3) + x(13,0,3) + x(14,0,3) + x(15,0,3) + x(16,0,3) + x(17,0,3) + x(18,0,3) + x(19,0,3) + x(20,0,3) - y(0,3) =E= 0 ; (LHS = 0)
     
REMAINING 60 ENTRIES SKIPPED


---- Subtour  =L=  To avoid subtours

Subtour(1,1,1)..  21*x(1,1,1) =L= 20 ; (LHS = 0)
     
Subtour(1,1,2)..  21*x(1,1,2) =L= 20 ; (LHS = 0)
     
Subtour(1,1,3)..  21*x(1,1,3) =L= 20 ; (LHS = 0)
     
REMAINING 1197 ENTRIES SKIPPED


---- tw1  =L=  Arrival time is within the time window

tw1(0)..  - z(0) =L= 0 ; (LHS = 0)
     
tw1(1)..  - z(1) =L= -387 ; (LHS = 0, INFES = 387 ****)
     
tw1(2)..  - z(2) =L= -768 ; (LHS = 0, INFES = 768 ****)
     
REMAINING 18 ENTRIES SKIPPED


---- tw2  =L=  Arrival time is within the time window

tw2(0)..  z(0) =L= 1440 ; (LHS = 0)
     
tw2(1)..  z(1) =L= 627 ; (LHS = 0)
     
tw2(2)..  z(2) =L= 1008 ; (LHS = 0)
     
REMAINING 18 ENTRIES SKIPPED


---- Time  =L=  Arrival time calculation

Time(1,2,1)..  10000*x(1,2,1) + z(1) - z(2) =L= 9982.5 ; (LHS = 0)
     
Time(1,2,2)..  10000*x(1,2,2) + z(1) - z(2) =L= 9982.5 ; (LHS = 0)
     
Time(1,2,3)..  10000*x(1,2,3) + z(1) - z(2) =L= 9982.5 ; (LHS = 0)
     
REMAINING 1137 ENTRIES SKIPPED

GAMS 48.1.0  612569ae Oct 14, 2024          WEX-WEI x86 64bit/MS Windows - 12/30/24 21:05:49 Page 5
G e n e r a l   A l g e b r a i c   M o d e l i n g   S y s t e m
Column Listing      SOLVE CVRP Using MIP From line 96


---- x  is 1 if vehicle k drives directly from node i to node j (0 otherwise)

x(0,0,1)
                (.LO, .L, .UP, .M = 0, 0, 0, 0)
    -1000       Of
        1       Couple(0,1)

x(0,0,2)
                (.LO, .L, .UP, .M = 0, 0, 0, 0)
    -1000       Of
        1       Couple(0,2)

x(0,0,3)
                (.LO, .L, .UP, .M = 0, 0, 0, 0)
    -1000       Of
        1       Couple(0,3)

REMAINING 1320 ENTRIES SKIPPED

---- y  is 1 if node i is served by vehicle k (0 otherwise)

y(0,1)
                (.LO, .L, .UP, .M = 0, 0, 1, 0)
        1       Capa(1)
       -1       Couple(0,1)

y(0,2)
                (.LO, .L, .UP, .M = 0, 0, 1, 0)
        1       Capa(2)
       -1       Couple(0,2)

y(0,3)
                (.LO, .L, .UP, .M = 0, 0, 1, 0)
        1       Capa(3)
       -1       Couple(0,3)

REMAINING 60 ENTRIES SKIPPED

---- u  Position of node i in a tour for vehicle k

u(1,1)
                (.LO, .L, .UP, .M = 0, 0, +INF, 0)
        1       Subtour(1,2,1)
        1       Subtour(1,3,1)
        1       Subtour(1,4,1)
        1       Subtour(1,5,1)
        1       Subtour(1,6,1)
        1       Subtour(1,7,1)
        1       Subtour(1,8,1)
        1       Subtour(1,9,1)
        1       Subtour(1,10,1)
        1       Subtour(1,11,1)
        1       Subtour(1,12,1)
        1       Subtour(1,13,1)
        1       Subtour(1,14,1)
        1       Subtour(1,15,1)
        1       Subtour(1,16,1)
        1       Subtour(1,17,1)
        1       Subtour(1,18,1)
        1       Subtour(1,19,1)
        1       Subtour(1,20,1)
       -1       Subtour(2,1,1)
       -1       Subtour(3,1,1)
       -1       Subtour(4,1,1)
       -1       Subtour(5,1,1)
       -1       Subtour(6,1,1)
       -1       Subtour(7,1,1)
       -1       Subtour(8,1,1)
       -1       Subtour(9,1,1)
       -1       Subtour(10,1,1)
       -1       Subtour(11,1,1)
       -1       Subtour(12,1,1)
       -1       Subtour(13,1,1)
       -1       Subtour(14,1,1)
       -1       Subtour(15,1,1)
       -1       Subtour(16,1,1)
       -1       Subtour(17,1,1)
       -1       Subtour(18,1,1)
       -1       Subtour(19,1,1)
       -1       Subtour(20,1,1)

u(1,2)
                (.LO, .L, .UP, .M = 0, 0, +INF, 0)
        1       Subtour(1,2,2)
        1       Subtour(1,3,2)
        1       Subtour(1,4,2)
        1       Subtour(1,5,2)
        1       Subtour(1,6,2)
        1       Subtour(1,7,2)
        1       Subtour(1,8,2)
        1       Subtour(1,9,2)
        1       Subtour(1,10,2)
        1       Subtour(1,11,2)
        1       Subtour(1,12,2)
        1       Subtour(1,13,2)
        1       Subtour(1,14,2)
        1       Subtour(1,15,2)
        1       Subtour(1,16,2)
        1       Subtour(1,17,2)
        1       Subtour(1,18,2)
        1       Subtour(1,19,2)
        1       Subtour(1,20,2)
       -1       Subtour(2,1,2)
       -1       Subtour(3,1,2)
       -1       Subtour(4,1,2)
       -1       Subtour(5,1,2)
       -1       Subtour(6,1,2)
       -1       Subtour(7,1,2)
       -1       Subtour(8,1,2)
       -1       Subtour(9,1,2)
       -1       Subtour(10,1,2)
       -1       Subtour(11,1,2)
       -1       Subtour(12,1,2)
       -1       Subtour(13,1,2)
       -1       Subtour(14,1,2)
       -1       Subtour(15,1,2)
       -1       Subtour(16,1,2)
       -1       Subtour(17,1,2)
       -1       Subtour(18,1,2)
       -1       Subtour(19,1,2)
       -1       Subtour(20,1,2)

u(1,3)
                (.LO, .L, .UP, .M = 0, 0, +INF, 0)
        1       Subtour(1,2,3)
        1       Subtour(1,3,3)
        1       Subtour(1,4,3)
        1       Subtour(1,5,3)
        1       Subtour(1,6,3)
        1       Subtour(1,7,3)
        1       Subtour(1,8,3)
        1       Subtour(1,9,3)
        1       Subtour(1,10,3)
        1       Subtour(1,11,3)
        1       Subtour(1,12,3)
        1       Subtour(1,13,3)
        1       Subtour(1,14,3)
        1       Subtour(1,15,3)
        1       Subtour(1,16,3)
        1       Subtour(1,17,3)
        1       Subtour(1,18,3)
        1       Subtour(1,19,3)
        1       Subtour(1,20,3)
       -1       Subtour(2,1,3)
       -1       Subtour(3,1,3)
       -1       Subtour(4,1,3)
       -1       Subtour(5,1,3)
       -1       Subtour(6,1,3)
       -1       Subtour(7,1,3)
       -1       Subtour(8,1,3)
       -1       Subtour(9,1,3)
       -1       Subtour(10,1,3)
       -1       Subtour(11,1,3)
       -1       Subtour(12,1,3)
       -1       Subtour(13,1,3)
       -1       Subtour(14,1,3)
       -1       Subtour(15,1,3)
       -1       Subtour(16,1,3)
       -1       Subtour(17,1,3)
       -1       Subtour(18,1,3)
       -1       Subtour(19,1,3)
       -1       Subtour(20,1,3)

REMAINING 57 ENTRIES SKIPPED

---- z  Arrival time at node i

z(0)
                (.LO, .L, .UP, .M = 0, 0, +INF, 0)
       -1       tw1(0)
        1       tw2(0)

z(1)
                (.LO, .L, .UP, .M = 0, 0, +INF, 0)
       -1       tw1(1)
        1       tw2(1)
        1       Time(1,2,1)
        1       Time(1,2,2)
        1       Time(1,2,3)
        1       Time(1,3,1)
        1       Time(1,3,2)
        1       Time(1,3,3)
        1       Time(1,4,1)
        1       Time(1,4,2)
        1       Time(1,4,3)
        1       Time(1,5,1)
        1       Time(1,5,2)
        1       Time(1,5,3)
        1       Time(1,6,1)
        1       Time(1,6,2)
        1       Time(1,6,3)
        1       Time(1,7,1)
        1       Time(1,7,2)
        1       Time(1,7,3)
        1       Time(1,8,1)
        1       Time(1,8,2)
        1       Time(1,8,3)
        1       Time(1,9,1)
        1       Time(1,9,2)
        1       Time(1,9,3)
        1       Time(1,10,1)
        1       Time(1,10,2)
        1       Time(1,10,3)
        1       Time(1,11,1)
        1       Time(1,11,2)
        1       Time(1,11,3)
        1       Time(1,12,1)
        1       Time(1,12,2)
        1       Time(1,12,3)
        1       Time(1,13,1)
        1       Time(1,13,2)
        1       Time(1,13,3)
        1       Time(1,14,1)
        1       Time(1,14,2)
        1       Time(1,14,3)
        1       Time(1,15,1)
        1       Time(1,15,2)
        1       Time(1,15,3)
        1       Time(1,16,1)
        1       Time(1,16,2)
        1       Time(1,16,3)
        1       Time(1,17,1)
        1       Time(1,17,2)
        1       Time(1,17,3)
        1       Time(1,18,1)
        1       Time(1,18,2)
        1       Time(1,18,3)
        1       Time(1,19,1)
        1       Time(1,19,2)
        1       Time(1,19,3)
        1       Time(1,20,1)
        1       Time(1,20,2)
        1       Time(1,20,3)
       -1       Time(2,1,1)
       -1       Time(2,1,2)
       -1       Time(2,1,3)
       -1       Time(3,1,1)
       -1       Time(3,1,2)
       -1       Time(3,1,3)
       -1       Time(4,1,1)
       -1       Time(4,1,2)
       -1       Time(4,1,3)
       -1       Time(5,1,1)
       -1       Time(5,1,2)
       -1       Time(5,1,3)
       -1       Time(6,1,1)
       -1       Time(6,1,2)
       -1       Time(6,1,3)
       -1       Time(7,1,1)
       -1       Time(7,1,2)
       -1       Time(7,1,3)
       -1       Time(8,1,1)
       -1       Time(8,1,2)
       -1       Time(8,1,3)
       -1       Time(9,1,1)
       -1       Time(9,1,2)
       -1       Time(9,1,3)
       -1       Time(10,1,1)
       -1       Time(10,1,2)
       -1       Time(10,1,3)
       -1       Time(11,1,1)
       -1       Time(11,1,2)
       -1       Time(11,1,3)
       -1       Time(12,1,1)
       -1       Time(12,1,2)
       -1       Time(12,1,3)
       -1       Time(13,1,1)
       -1       Time(13,1,2)
       -1       Time(13,1,3)
       -1       Time(14,1,1)
       -1       Time(14,1,2)
       -1       Time(14,1,3)
       -1       Time(15,1,1)
       -1       Time(15,1,2)
       -1       Time(15,1,3)
       -1       Time(16,1,1)
       -1       Time(16,1,2)
       -1       Time(16,1,3)
       -1       Time(17,1,1)
       -1       Time(17,1,2)
       -1       Time(17,1,3)
       -1       Time(18,1,1)
       -1       Time(18,1,2)
       -1       Time(18,1,3)
       -1       Time(19,1,1)
       -1       Time(19,1,2)
       -1       Time(19,1,3)
       -1       Time(20,1,1)
       -1       Time(20,1,2)
       -1       Time(20,1,3)

z(2)
                (.LO, .L, .UP, .M = 0, 0, +INF, 0)
       -1       tw1(2)
        1       tw2(2)
       -1       Time(1,2,1)
       -1       Time(1,2,2)
       -1       Time(1,2,3)
        1       Time(2,1,1)
        1       Time(2,1,2)
        1       Time(2,1,3)
        1       Time(2,3,1)
        1       Time(2,3,2)
        1       Time(2,3,3)
        1       Time(2,4,1)
        1       Time(2,4,2)
        1       Time(2,4,3)
        1       Time(2,5,1)
        1       Time(2,5,2)
        1       Time(2,5,3)
        1       Time(2,6,1)
        1       Time(2,6,2)
        1       Time(2,6,3)
        1       Time(2,7,1)
        1       Time(2,7,2)
        1       Time(2,7,3)
        1       Time(2,8,1)
        1       Time(2,8,2)
        1       Time(2,8,3)
        1       Time(2,9,1)
        1       Time(2,9,2)
        1       Time(2,9,3)
        1       Time(2,10,1)
        1       Time(2,10,2)
        1       Time(2,10,3)
        1       Time(2,11,1)
        1       Time(2,11,2)
        1       Time(2,11,3)
        1       Time(2,12,1)
        1       Time(2,12,2)
        1       Time(2,12,3)
        1       Time(2,13,1)
        1       Time(2,13,2)
        1       Time(2,13,3)
        1       Time(2,14,1)
        1       Time(2,14,2)
        1       Time(2,14,3)
        1       Time(2,15,1)
        1       Time(2,15,2)
        1       Time(2,15,3)
        1       Time(2,16,1)
        1       Time(2,16,2)
        1       Time(2,16,3)
        1       Time(2,17,1)
        1       Time(2,17,2)
        1       Time(2,17,3)
        1       Time(2,18,1)
        1       Time(2,18,2)
        1       Time(2,18,3)
        1       Time(2,19,1)
        1       Time(2,19,2)
        1       Time(2,19,3)
        1       Time(2,20,1)
        1       Time(2,20,2)
        1       Time(2,20,3)
       -1       Time(3,2,1)
       -1       Time(3,2,2)
       -1       Time(3,2,3)
       -1       Time(4,2,1)
       -1       Time(4,2,2)
       -1       Time(4,2,3)
       -1       Time(5,2,1)
       -1       Time(5,2,2)
       -1       Time(5,2,3)
       -1       Time(6,2,1)
       -1       Time(6,2,2)
       -1       Time(6,2,3)
       -1       Time(7,2,1)
       -1       Time(7,2,2)
       -1       Time(7,2,3)
       -1       Time(8,2,1)
       -1       Time(8,2,2)
       -1       Time(8,2,3)
       -1       Time(9,2,1)
       -1       Time(9,2,2)
       -1       Time(9,2,3)
       -1       Time(10,2,1)
       -1       Time(10,2,2)
       -1       Time(10,2,3)
       -1       Time(11,2,1)
       -1       Time(11,2,2)
       -1       Time(11,2,3)
       -1       Time(12,2,1)
       -1       Time(12,2,2)
       -1       Time(12,2,3)
       -1       Time(13,2,1)
       -1       Time(13,2,2)
       -1       Time(13,2,3)
       -1       Time(14,2,1)
       -1       Time(14,2,2)
       -1       Time(14,2,3)
       -1       Time(15,2,1)
       -1       Time(15,2,2)
       -1       Time(15,2,3)
       -1       Time(16,2,1)
       -1       Time(16,2,2)
       -1       Time(16,2,3)
       -1       Time(17,2,1)
       -1       Time(17,2,2)
       -1       Time(17,2,3)
       -1       Time(18,2,1)
       -1       Time(18,2,2)
       -1       Time(18,2,3)
       -1       Time(19,2,1)
       -1       Time(19,2,2)
       -1       Time(19,2,3)
       -1       Time(20,2,1)
       -1       Time(20,2,2)
       -1       Time(20,2,3)

REMAINING 18 ENTRIES SKIPPED

---- F  Total distance (objective function value)

F
                (.LO, .L, .UP, .M = -INF, 0, +INF, 0)
        1       Of

GAMS 48.1.0  612569ae Oct 14, 2024          WEX-WEI x86 64bit/MS Windows - 12/30/24 21:05:49 Page 6
G e n e r a l   A l g e b r a i c   M o d e l i n g   S y s t e m
Range Statistics    SOLVE CVRP Using MIP From line 96


RANGE STATISTICS (ABSOLUTE NON-ZERO FINITE VALUES)

RHS       [min, max] : [ 1.000E+00, 9.994E+03] - Zero values observed as well
Bound     [min, max] : [ 1.000E+00, 1.000E+00] - Zero values observed as well
Matrix    [min, max] : [ 1.000E+00, 1.000E+04]

GAMS 48.1.0  612569ae Oct 14, 2024          WEX-WEI x86 64bit/MS Windows - 12/30/24 21:05:49 Page 7
G e n e r a l   A l g e b r a i c   M o d e l i n g   S y s t e m
Model Statistics    SOLVE CVRP Using MIP From line 96


MODEL STATISTICS

BLOCKS OF EQUATIONS           9     SINGLE EQUATIONS        2,532
BLOCKS OF VARIABLES           5     SINGLE VARIABLES        1,468
NON ZERO ELEMENTS        12,295     DISCRETE VARIABLES      1,386


GENERATION TIME      =        1.141 SECONDS      5 MB  48.1.0 612569ae WEX-WEI
GAMS 48.1.0  612569ae Oct 14, 2024          WEX-WEI x86 64bit/MS Windows - 12/30/24 21:05:49 Page 8
G e n e r a l   A l g e b r a i c   M o d e l i n g   S y s t e m
Solution Report     SOLVE CVRP Using MIP From line 96


               S O L V E      S U M M A R Y

     MODEL   CVRP                OBJECTIVE  F
     TYPE    MIP                 DIRECTION  MINIMIZE
     SOLVER  CPLEX               FROM LINE  96

**** SOLVER STATUS     1 Normal Completion
**** MODEL STATUS      1 Optimal
**** OBJECTIVE VALUE              201.0000

 RESOURCE USAGE, LIMIT        298.500 10000000000.000
 ITERATION COUNT, LIMIT   4104210    2147483647
*** This solver runs with a community license. No commercial use.
--- GMO setup time: 0.00s
--- Space for names approximately 0.08 Mb
--- Use option 'names no' to turn use of names off
--- GMO memory 1.45 Mb (peak 1.47 Mb)
--- Dictionary memory 0.00 Mb
--- Cplex 22.1.1.0 link memory 0.06 Mb (peak 0.29 Mb)
--- Starting Cplex


--- MIP status (101): integer optimal solution.
--- Cplex Time: 297.92sec (det. 126516.20 ticks)

--- Returning a primal only solution to GAMS (marginals all set to NA).
--- Fixing integer variables and solving final LP...


--- Fixed MIP status (1): optimal.
--- Cplex Time: 0.22sec (det. 3.48 ticks)


Proven optimal solution
MIP Solution:          201.000000    (4.10421e+06 iterations, 158743 nodes)
Final Solve:           201.000000    (11 iterations)

Best possible:         201.000000
Absolute gap:            0.000000
Relative gap:            0.000000


                           LOWER          LEVEL          UPPER         MARGINAL

---- EQU Of                  .              .              .             1.0000      

  Of  Minimization of total distance (objective function)

---- EQU Cover  Every customer is assigned to one vehicle

          LOWER          LEVEL          UPPER         MARGINAL

1          1.0000         1.0000         1.0000          .          
2          1.0000         1.0000         1.0000          .          
3          1.0000         1.0000         1.0000          .          
4          1.0000         1.0000         1.0000          .          
5          1.0000         1.0000         1.0000          .          
6          1.0000         1.0000         1.0000          .          
7          1.0000         1.0000         1.0000          .          
8          1.0000         1.0000         1.0000          .          
9          1.0000         1.0000         1.0000          .          
10         1.0000         1.0000         1.0000          .          
11         1.0000         1.0000         1.0000          .          
12         1.0000         1.0000         1.0000          .          
13         1.0000         1.0000         1.0000          .          
14         1.0000         1.0000         1.0000          .          
15         1.0000         1.0000         1.0000          .          
16         1.0000         1.0000         1.0000          .          
17         1.0000         1.0000         1.0000          .          
18         1.0000         1.0000         1.0000          .          
19         1.0000         1.0000         1.0000          .          
20         1.0000         1.0000         1.0000          .          

---- EQU Capa  The maximum vehicle capacity is met

         LOWER          LEVEL          UPPER         MARGINAL

1        -INF            7.0000         8.0000          .          
2        -INF            8.0000         8.0000          .          
3        -INF            8.0000         8.0000          .          

---- EQU Flow  Flow preservation constraint

            LOWER          LEVEL          UPPER         MARGINAL

0 .1          .              .              .              .          
0 .2          .              .              .              .          
0 .3          .              .              .              .          
1 .1          .              .              .              .          
1 .2          .              .              .              .          
1 .3          .              .              .              .          
2 .1          .              .              .              .          
2 .2          .              .              .              .          
2 .3          .              .              .              .          
3 .1          .              .              .              .          
3 .2          .              .              .              .          
3 .3          .              .              .              .          
4 .1          .              .              .              .          
4 .2          .              .              .              .          
4 .3          .              .              .              .          
5 .1          .              .              .              .          
5 .2          .              .              .              .          
5 .3          .              .              .              .          
6 .1          .              .              .              .          
6 .2          .              .              .              .          
6 .3          .              .              .              .          
7 .1          .              .              .              .          
7 .2          .              .              .              .          
7 .3          .              .              .              .          
8 .1          .              .              .              .          
8 .2          .              .              .              .          
8 .3          .              .              .              .          
9 .1          .              .              .              .          
9 .2          .              .              .              .          
9 .3          .              .              .              .          
10.1          .              .              .              .          
10.2          .              .              .              .          
10.3          .              .              .              .          
11.1          .              .              .              .          
11.2          .              .              .              .          
11.3          .              .              .              .          
12.1          .              .              .              .          
12.2          .              .              .              .          
12.3          .              .              .              .          
13.1          .              .              .              .          
13.2          .              .              .              .          
13.3          .              .              .              .          
14.1          .              .              .              .          
14.2          .              .              .              .          
14.3          .              .              .              .          
15.1          .              .              .              .          
15.2          .              .              .              .          
15.3          .              .              .              .          
16.1          .              .              .              .          
16.2          .              .              .              .          
16.3          .              .              .              .          
17.1          .              .              .              .          
17.2          .              .              .              .          
17.3          .              .              .              .          
18.1          .              .              .              .          
18.2          .              .              .              .          
18.3          .              .              .              .          
19.1          .              .              .              .          
19.2          .              .              .              .          
19.3          .              .              .              .          
20.1          .              .              .              .          
20.2          .              .              .              .          
20.3          .              .              .              .          

---- EQU Couple  Coupling constraint for the variables x and y

            LOWER          LEVEL          UPPER         MARGINAL

0 .1          .              .              .              .          
0 .2          .              .              .              .          
0 .3          .              .              .              .          
1 .1          .              .              .              .          
1 .2          .              .              .              .          
1 .3          .              .              .              .          
2 .1          .              .              .              .          
2 .2          .              .              .              .          
2 .3          .              .              .              .          
3 .1          .              .              .              .          
3 .2          .              .              .              .          
3 .3          .              .              .              .          
4 .1          .              .              .              .          
4 .2          .              .              .              .          
4 .3          .              .              .              .          
5 .1          .              .              .              .          
5 .2          .              .              .              .          
5 .3          .              .              .              .          
6 .1          .              .              .              .          
6 .2          .              .              .              .          
6 .3          .              .              .              .          
7 .1          .              .              .              .          
7 .2          .              .              .              .          
7 .3          .              .              .              .          
8 .1          .              .              .              .          
8 .2          .              .              .              .          
8 .3          .              .              .              .          
9 .1          .              .              .              .          
9 .2          .              .              .              .          
9 .3          .              .              .              .          
10.1          .              .              .              .          
10.2          .              .              .              .          
10.3          .              .              .              .          
11.1          .              .              .              .          
11.2          .              .              .              .          
11.3          .              .              .              .          
12.1          .              .              .              .          
12.2          .              .              .              .          
12.3          .              .              .              .          
13.1          .              .              .              .          
13.2          .              .              .              .          
13.3          .              .              .              .          
14.1          .              .              .              .          
14.2          .              .              .              .          
14.3          .              .              .              .          
15.1          .              .              .              .          
15.2          .              .              .              .          
15.3          .              .              .              .          
16.1          .              .              .              .          
16.2          .              .              .              .          
16.3          .              .              .              .          
17.1          .              .              .              .          
17.2          .              .              .              .          
17.3          .              .              .              .          
18.1          .              .              .              .          
18.2          .              .              .              .          
18.3          .              .              .              .          
19.1          .              .              .              .          
19.2          .              .              .              .          
19.3          .              .              .              .          
20.1          .              .              .              .          
20.2          .              .              .              .          
20.3          .              .              .              .          

---- EQU Subtour  To avoid subtours

               LOWER          LEVEL          UPPER         MARGINAL

1 .1 .1        -INF             .            20.0000          .          
1 .1 .2        -INF             .            20.0000          .          
1 .1 .3        -INF             .            20.0000          .          
1 .2 .1        -INF           -4.0000        20.0000          .          
1 .2 .2        -INF             .            20.0000          .          
1 .2 .3        -INF            5.0000        20.0000          .          
1 .3 .1        -INF             .            20.0000          .          
1 .3 .2        -INF           -1.0000        20.0000          .          
1 .3 .3        -INF            5.0000        20.0000          .          
1 .4 .1        -INF             .            20.0000          .          
1 .4 .2        -INF           -4.0000        20.0000          .          
1 .4 .3        -INF            5.0000        20.0000          .          
1 .5 .1        -INF             .            20.0000          .          
1 .5 .2        -INF           -3.0000        20.0000          .          
1 .5 .3        -INF            5.0000        20.0000          .          
1 .6 .1        -INF             .            20.0000          .          
1 .6 .2        -INF             .            20.0000          .          
1 .6 .3        -INF            4.0000        20.0000          .          
1 .7 .1        -INF           -3.0000        20.0000          .          
1 .7 .2        -INF             .            20.0000          .          
1 .7 .3        -INF            5.0000        20.0000          .          
1 .8 .1        -INF             .            20.0000          .          
1 .8 .2        -INF             .            20.0000          .          
1 .8 .3        -INF            5.0000        20.0000          .          
1 .9 .1        -INF             .            20.0000          .          
1 .9 .2        -INF             .            20.0000          .          
1 .9 .3        -INF            3.0000        20.0000          .          
1 .10.1        -INF           -5.0000        20.0000          .          
1 .10.2        -INF             .            20.0000          .          
1 .10.3        -INF            5.0000        20.0000          .          
1 .11.1        -INF             .            20.0000          .          
1 .11.2        -INF             .            20.0000          .          
1 .11.3        -INF            1.0000        20.0000          .          
1 .12.1        -INF             .            20.0000          .          
1 .12.2        -INF             .            20.0000          .          
1 .12.3        -INF           20.0000        20.0000         EPS         
1 .13.1        -INF           -1.0000        20.0000          .          
1 .13.2        -INF             .            20.0000          .          
1 .13.3        -INF            5.0000        20.0000          .          
1 .14.1        -INF             .            20.0000          .          
1 .14.2        -INF           -5.0000        20.0000          .          
1 .14.3        -INF            5.0000        20.0000          .          
1 .15.1        -INF           -2.0000        20.0000          .          
1 .15.2        -INF             .            20.0000          .          
1 .15.3        -INF            5.0000        20.0000          .          
1 .16.1        -INF             .            20.0000          .          
1 .16.2        -INF             .            20.0000          .          
1 .16.3        -INF            5.0000        20.0000          .          
1 .17.1        -INF             .            20.0000          .          
1 .17.2        -INF             .            20.0000          .          
1 .17.3        -INF            5.0000        20.0000          .          
1 .18.1        -INF             .            20.0000          .          
1 .18.2        -INF           -2.0000        20.0000          .          
1 .18.3        -INF            5.0000        20.0000          .          
1 .19.1        -INF             .            20.0000          .          
1 .19.2        -INF             .            20.0000          .          
1 .19.3        -INF            2.0000        20.0000          .          
1 .20.1        -INF             .            20.0000          .          
1 .20.2        -INF           -6.0000        20.0000          .          
1 .20.3        -INF            5.0000        20.0000          .          
2 .1 .1        -INF            4.0000        20.0000          .          
2 .1 .2        -INF             .            20.0000          .          
2 .1 .3        -INF           -5.0000        20.0000          .          
2 .2 .1        -INF             .            20.0000          .          
2 .2 .2        -INF             .            20.0000          .          
2 .2 .3        -INF             .            20.0000          .          
2 .3 .1        -INF            4.0000        20.0000          .          
2 .3 .2        -INF           -1.0000        20.0000          .          
2 .3 .3        -INF             .            20.0000          .          
2 .4 .1        -INF            4.0000        20.0000          .          
2 .4 .2        -INF           -4.0000        20.0000          .          
2 .4 .3        -INF             .            20.0000          .          
2 .5 .1        -INF            4.0000        20.0000          .          
2 .5 .2        -INF           -3.0000        20.0000          .          
2 .5 .3        -INF             .            20.0000          .          
2 .6 .1        -INF            4.0000        20.0000          .          
2 .6 .2        -INF             .            20.0000          .          
2 .6 .3        -INF           -1.0000        20.0000          .          
2 .7 .1        -INF            1.0000        20.0000          .          
2 .7 .2        -INF             .            20.0000          .          
2 .7 .3        -INF             .            20.0000          .          
2 .8 .1        -INF            4.0000        20.0000          .          
2 .8 .2        -INF             .            20.0000          .          
2 .8 .3        -INF             .            20.0000          .          
2 .9 .1        -INF            4.0000        20.0000          .          
2 .9 .2        -INF             .            20.0000          .          
2 .9 .3        -INF           -2.0000        20.0000          .          
2 .10.1        -INF           20.0000        20.0000         EPS         
2 .10.2        -INF             .            20.0000          .          
2 .10.3        -INF             .            20.0000          .          
2 .11.1        -INF            4.0000        20.0000          .          
2 .11.2        -INF             .            20.0000          .          
2 .11.3        -INF           -4.0000        20.0000          .          
2 .12.1        -INF            4.0000        20.0000          .          
2 .12.2        -INF             .            20.0000          .          
2 .12.3        -INF           -6.0000        20.0000          .          
2 .13.1        -INF            3.0000        20.0000          .          
2 .13.2        -INF             .            20.0000          .          
2 .13.3        -INF             .            20.0000          .          
2 .14.1        -INF            4.0000        20.0000          .          
2 .14.2        -INF           -5.0000        20.0000          .          
2 .14.3        -INF             .            20.0000          .          
2 .15.1        -INF            2.0000        20.0000          .          
2 .15.2        -INF             .            20.0000          .          
2 .15.3        -INF             .            20.0000          .          
2 .16.1        -INF            4.0000        20.0000          .          
2 .16.2        -INF             .            20.0000          .          
2 .16.3        -INF             .            20.0000          .          
2 .17.1        -INF            4.0000        20.0000          .          
2 .17.2        -INF             .            20.0000          .          
2 .17.3        -INF             .            20.0000          .          
2 .18.1        -INF            4.0000        20.0000          .          
2 .18.2        -INF           -2.0000        20.0000          .          
2 .18.3        -INF             .            20.0000          .          
2 .19.1        -INF            4.0000        20.0000          .          
2 .19.2        -INF             .            20.0000          .          
2 .19.3        -INF           -3.0000        20.0000          .          
2 .20.1        -INF            4.0000        20.0000          .          
2 .20.2        -INF           -6.0000        20.0000          .          
2 .20.3        -INF             .            20.0000          .          
3 .1 .1        -INF             .            20.0000          .          
3 .1 .2        -INF            1.0000        20.0000          .          
3 .1 .3        -INF           -5.0000        20.0000          .          
3 .2 .1        -INF           -4.0000        20.0000          .          
3 .2 .2        -INF            1.0000        20.0000          .          
3 .2 .3        -INF             .            20.0000          .          
3 .3 .1        -INF             .            20.0000          .          
3 .3 .2        -INF             .            20.0000          .          
3 .3 .3        -INF             .            20.0000          .          
3 .4 .1        -INF             .            20.0000          .          
3 .4 .2        -INF           -3.0000        20.0000          .          
3 .4 .3        -INF             .            20.0000          .          
3 .5 .1        -INF             .            20.0000          .          
3 .5 .2        -INF           -2.0000        20.0000          .          
3 .5 .3        -INF             .            20.0000          .          
3 .6 .1        -INF             .            20.0000          .          
3 .6 .2        -INF            1.0000        20.0000          .          
3 .6 .3        -INF           -1.0000        20.0000          .          
3 .7 .1        -INF           -3.0000        20.0000          .          
3 .7 .2        -INF            1.0000        20.0000          .          
3 .7 .3        -INF             .            20.0000          .          
3 .8 .1        -INF             .            20.0000          .          
3 .8 .2        -INF            1.0000        20.0000          .          
3 .8 .3        -INF             .            20.0000          .          
3 .9 .1        -INF             .            20.0000          .          
3 .9 .2        -INF            1.0000        20.0000          .          
3 .9 .3        -INF           -2.0000        20.0000          .          
3 .10.1        -INF           -5.0000        20.0000          .          
3 .10.2        -INF            1.0000        20.0000          .          
3 .10.3        -INF             .            20.0000          .          
3 .11.1        -INF             .            20.0000          .          
3 .11.2        -INF            1.0000        20.0000          .          
3 .11.3        -INF           -4.0000        20.0000          .          
3 .12.1        -INF             .            20.0000          .          
3 .12.2        -INF            1.0000        20.0000          .          
3 .12.3        -INF           -6.0000        20.0000          .          
3 .13.1        -INF           -1.0000        20.0000          .          
3 .13.2        -INF            1.0000        20.0000          .          
3 .13.3        -INF             .            20.0000          .          
3 .14.1        -INF             .            20.0000          .          
3 .14.2        -INF           -4.0000        20.0000          .          
3 .14.3        -INF             .            20.0000          .          
3 .15.1        -INF           -2.0000        20.0000          .          
3 .15.2        -INF            1.0000        20.0000          .          
3 .15.3        -INF             .            20.0000          .          
3 .16.1        -INF             .            20.0000          .          
3 .16.2        -INF            1.0000        20.0000          .          
3 .16.3        -INF             .            20.0000          .          
3 .17.1        -INF             .            20.0000          .          
3 .17.2        -INF            1.0000        20.0000          .          
3 .17.3        -INF             .            20.0000          .          
3 .18.1        -INF             .            20.0000          .          
3 .18.2        -INF           20.0000        20.0000         EPS         
3 .18.3        -INF             .            20.0000          .          
3 .19.1        -INF             .            20.0000          .          
3 .19.2        -INF            1.0000        20.0000          .          
3 .19.3        -INF           -3.0000        20.0000          .          
3 .20.1        -INF             .            20.0000          .          
3 .20.2        -INF           -5.0000        20.0000          .          
3 .20.3        -INF             .            20.0000          .          
4 .1 .1        -INF             .            20.0000          .          
4 .1 .2        -INF            4.0000        20.0000          .          
4 .1 .3        -INF           -5.0000        20.0000          .          
4 .2 .1        -INF           -4.0000        20.0000          .          
4 .2 .2        -INF            4.0000        20.0000          .          
4 .2 .3        -INF             .            20.0000          .          
4 .3 .1        -INF             .            20.0000          .          
4 .3 .2        -INF            3.0000        20.0000          .          
4 .3 .3        -INF             .            20.0000          .          
4 .4 .1        -INF             .            20.0000          .          
4 .4 .2        -INF             .            20.0000          .          
4 .4 .3        -INF             .            20.0000          .          
4 .5 .1        -INF             .            20.0000          .          
4 .5 .2        -INF            1.0000        20.0000          .          
4 .5 .3        -INF             .            20.0000          .          
4 .6 .1        -INF             .            20.0000          .          
4 .6 .2        -INF            4.0000        20.0000          .          
4 .6 .3        -INF           -1.0000        20.0000          .          
4 .7 .1        -INF           -3.0000        20.0000          .          
4 .7 .2        -INF            4.0000        20.0000          .          
4 .7 .3        -INF             .            20.0000          .          
4 .8 .1        -INF             .            20.0000          .          
4 .8 .2        -INF            4.0000        20.0000          .          
4 .8 .3        -INF             .            20.0000          .          
4 .9 .1        -INF             .            20.0000          .          
4 .9 .2        -INF            4.0000        20.0000          .          
4 .9 .3        -INF           -2.0000        20.0000          .          
4 .10.1        -INF           -5.0000        20.0000          .          
4 .10.2        -INF            4.0000        20.0000          .          
4 .10.3        -INF             .            20.0000          .          
4 .11.1        -INF             .            20.0000          .          
4 .11.2        -INF            4.0000        20.0000          .          
4 .11.3        -INF           -4.0000        20.0000          .          
4 .12.1        -INF             .            20.0000          .          
4 .12.2        -INF            4.0000        20.0000          .          
4 .12.3        -INF           -6.0000        20.0000          .          
4 .13.1        -INF           -1.0000        20.0000          .          
4 .13.2        -INF            4.0000        20.0000          .          
4 .13.3        -INF             .            20.0000          .          
4 .14.1        -INF             .            20.0000          .          
4 .14.2        -INF           20.0000        20.0000         EPS         
4 .14.3        -INF             .            20.0000          .          
4 .15.1        -INF           -2.0000        20.0000          .          
4 .15.2        -INF            4.0000        20.0000          .          
4 .15.3        -INF             .            20.0000          .          
4 .16.1        -INF             .            20.0000          .          
4 .16.2        -INF            4.0000        20.0000          .          
4 .16.3        -INF             .            20.0000          .          
4 .17.1        -INF             .            20.0000          .          
4 .17.2        -INF            4.0000        20.0000          .          
4 .17.3        -INF             .            20.0000          .          
4 .18.1        -INF             .            20.0000          .          
4 .18.2        -INF            2.0000        20.0000          .          
4 .18.3        -INF             .            20.0000          .          
4 .19.1        -INF             .            20.0000          .          
4 .19.2        -INF            4.0000        20.0000          .          
4 .19.3        -INF           -3.0000        20.0000          .          
4 .20.1        -INF             .            20.0000          .          
4 .20.2        -INF           -2.0000        20.0000          .          
4 .20.3        -INF             .            20.0000          .          
5 .1 .1        -INF             .            20.0000          .          
5 .1 .2        -INF            3.0000        20.0000          .          
5 .1 .3        -INF           -5.0000        20.0000          .          
5 .2 .1        -INF           -4.0000        20.0000          .          
5 .2 .2        -INF            3.0000        20.0000          .          
5 .2 .3        -INF             .            20.0000          .          
5 .3 .1        -INF             .            20.0000          .          
5 .3 .2        -INF            2.0000        20.0000          .          
5 .3 .3        -INF             .            20.0000          .          
5 .4 .1        -INF             .            20.0000          .          
5 .4 .2        -INF           20.0000        20.0000         EPS         
5 .4 .3        -INF             .            20.0000          .          
5 .5 .1        -INF             .            20.0000          .          
5 .5 .2        -INF             .            20.0000          .          
5 .5 .3        -INF             .            20.0000          .          
5 .6 .1        -INF             .            20.0000          .          
5 .6 .2        -INF            3.0000        20.0000          .          
5 .6 .3        -INF           -1.0000        20.0000          .          
5 .7 .1        -INF           -3.0000        20.0000          .          
5 .7 .2        -INF            3.0000        20.0000          .          
5 .7 .3        -INF             .            20.0000          .          
5 .8 .1        -INF             .            20.0000          .          
5 .8 .2        -INF            3.0000        20.0000          .          
5 .8 .3        -INF             .            20.0000          .          
5 .9 .1        -INF             .            20.0000          .          
5 .9 .2        -INF            3.0000        20.0000          .          
5 .9 .3        -INF           -2.0000        20.0000          .          
5 .10.1        -INF           -5.0000        20.0000          .          
5 .10.2        -INF            3.0000        20.0000          .          
5 .10.3        -INF             .            20.0000          .          
5 .11.1        -INF             .            20.0000          .          
5 .11.2        -INF            3.0000        20.0000          .          
5 .11.3        -INF           -4.0000        20.0000          .          
5 .12.1        -INF             .            20.0000          .          
5 .12.2        -INF            3.0000        20.0000          .          
5 .12.3        -INF           -6.0000        20.0000          .          
5 .13.1        -INF           -1.0000        20.0000          .          
5 .13.2        -INF            3.0000        20.0000          .          
5 .13.3        -INF             .            20.0000          .          
5 .14.1        -INF             .            20.0000          .          
5 .14.2        -INF           -2.0000        20.0000          .          
5 .14.3        -INF             .            20.0000          .          
5 .15.1        -INF           -2.0000        20.0000          .          
5 .15.2        -INF            3.0000        20.0000          .          
5 .15.3        -INF             .            20.0000          .          
5 .16.1        -INF             .            20.0000          .          
5 .16.2        -INF            3.0000        20.0000          .          
5 .16.3        -INF             .            20.0000          .          
5 .17.1        -INF             .            20.0000          .          
5 .17.2        -INF            3.0000        20.0000          .          
5 .17.3        -INF             .            20.0000          .          
5 .18.1        -INF             .            20.0000          .          
5 .18.2        -INF            1.0000        20.0000          .          
5 .18.3        -INF             .            20.0000          .          
5 .19.1        -INF             .            20.0000          .          
5 .19.2        -INF            3.0000        20.0000          .          
5 .19.3        -INF           -3.0000        20.0000          .          
5 .20.1        -INF             .            20.0000          .          
5 .20.2        -INF           -3.0000        20.0000          .          
5 .20.3        -INF             .            20.0000          .          
6 .1 .1        -INF             .            20.0000          .          
6 .1 .2        -INF             .            20.0000          .          
6 .1 .3        -INF           -4.0000        20.0000          .          
6 .2 .1        -INF           -4.0000        20.0000          .          
6 .2 .2        -INF             .            20.0000          .          
6 .2 .3        -INF            1.0000        20.0000          .          
6 .3 .1        -INF             .            20.0000          .          
6 .3 .2        -INF           -1.0000        20.0000          .          
6 .3 .3        -INF            1.0000        20.0000          .          
6 .4 .1        -INF             .            20.0000          .          
6 .4 .2        -INF           -4.0000        20.0000          .          
6 .4 .3        -INF            1.0000        20.0000          .          
6 .5 .1        -INF             .            20.0000          .          
6 .5 .2        -INF           -3.0000        20.0000          .          
6 .5 .3        -INF            1.0000        20.0000          .          
6 .6 .1        -INF             .            20.0000          .          
6 .6 .2        -INF             .            20.0000          .          
6 .6 .3        -INF             .            20.0000          .          
6 .7 .1        -INF           -3.0000        20.0000          .          
6 .7 .2        -INF             .            20.0000          .          
6 .7 .3        -INF            1.0000        20.0000          .          
6 .8 .1        -INF             .            20.0000          .          
6 .8 .2        -INF             .            20.0000          .          
6 .8 .3        -INF            1.0000        20.0000          .          
6 .9 .1        -INF             .            20.0000          .          
6 .9 .2        -INF             .            20.0000          .          
6 .9 .3        -INF           20.0000        20.0000         EPS         
6 .10.1        -INF           -5.0000        20.0000          .          
6 .10.2        -INF             .            20.0000          .          
6 .10.3        -INF            1.0000        20.0000          .          
6 .11.1        -INF             .            20.0000          .          
6 .11.2        -INF             .            20.0000          .          
6 .11.3        -INF           -3.0000        20.0000          .          
6 .12.1        -INF             .            20.0000          .          
6 .12.2        -INF             .            20.0000          .          
6 .12.3        -INF           -5.0000        20.0000          .          
6 .13.1        -INF           -1.0000        20.0000          .          
6 .13.2        -INF             .            20.0000          .          
6 .13.3        -INF            1.0000        20.0000          .          
6 .14.1        -INF             .            20.0000          .          
6 .14.2        -INF           -5.0000        20.0000          .          
6 .14.3        -INF            1.0000        20.0000          .          
6 .15.1        -INF           -2.0000        20.0000          .          
6 .15.2        -INF             .            20.0000          .          
6 .15.3        -INF            1.0000        20.0000          .          
6 .16.1        -INF             .            20.0000          .          
6 .16.2        -INF             .            20.0000          .          
6 .16.3        -INF            1.0000        20.0000          .          
6 .17.1        -INF             .            20.0000          .          
6 .17.2        -INF             .            20.0000          .          
6 .17.3        -INF            1.0000        20.0000          .          
6 .18.1        -INF             .            20.0000          .          
6 .18.2        -INF           -2.0000        20.0000          .          
6 .18.3        -INF            1.0000        20.0000          .          
6 .19.1        -INF             .            20.0000          .          
6 .19.2        -INF             .            20.0000          .          
6 .19.3        -INF           -2.0000        20.0000          .          
6 .20.1        -INF             .            20.0000          .          
6 .20.2        -INF           -6.0000        20.0000          .          
6 .20.3        -INF            1.0000        20.0000          .          
7 .1 .1        -INF            3.0000        20.0000          .          
7 .1 .2        -INF             .            20.0000          .          
7 .1 .3        -INF           -5.0000        20.0000          .          
7 .2 .1        -INF           20.0000        20.0000         EPS         
7 .2 .2        -INF             .            20.0000          .          
7 .2 .3        -INF             .            20.0000          .          
7 .3 .1        -INF            3.0000        20.0000          .          
7 .3 .2        -INF           -1.0000        20.0000          .          
7 .3 .3        -INF             .            20.0000          .          
7 .4 .1        -INF            3.0000        20.0000          .          
7 .4 .2        -INF           -4.0000        20.0000          .          
7 .4 .3        -INF             .            20.0000          .          
7 .5 .1        -INF            3.0000        20.0000          .          
7 .5 .2        -INF           -3.0000        20.0000          .          
7 .5 .3        -INF             .            20.0000          .          
7 .6 .1        -INF            3.0000        20.0000          .          
7 .6 .2        -INF             .            20.0000          .          
7 .6 .3        -INF           -1.0000        20.0000          .          
7 .7 .1        -INF             .            20.0000          .          
7 .7 .2        -INF             .            20.0000          .          
7 .7 .3        -INF             .            20.0000          .          
7 .8 .1        -INF            3.0000        20.0000          .          
7 .8 .2        -INF             .            20.0000          .          
7 .8 .3        -INF             .            20.0000          .          
7 .9 .1        -INF            3.0000        20.0000          .          
7 .9 .2        -INF             .            20.0000          .          
7 .9 .3        -INF           -2.0000        20.0000          .          
7 .10.1        -INF           -2.0000        20.0000          .          
7 .10.2        -INF             .            20.0000          .          
7 .10.3        -INF             .            20.0000          .          
7 .11.1        -INF            3.0000        20.0000          .          
7 .11.2        -INF             .            20.0000          .          
7 .11.3        -INF           -4.0000        20.0000          .          
7 .12.1        -INF            3.0000        20.0000          .          
7 .12.2        -INF             .            20.0000          .          
7 .12.3        -INF           -6.0000        20.0000          .          
7 .13.1        -INF            2.0000        20.0000          .          
7 .13.2        -INF             .            20.0000          .          
7 .13.3        -INF             .            20.0000          .          
7 .14.1        -INF            3.0000        20.0000          .          
7 .14.2        -INF           -5.0000        20.0000          .          
7 .14.3        -INF             .            20.0000          .          
7 .15.1        -INF            1.0000        20.0000          .          
7 .15.2        -INF             .            20.0000          .          
7 .15.3        -INF             .            20.0000          .          
7 .16.1        -INF            3.0000        20.0000          .          
7 .16.2        -INF             .            20.0000          .          
7 .16.3        -INF             .            20.0000          .          
7 .17.1        -INF            3.0000        20.0000          .          
7 .17.2        -INF             .            20.0000          .          
7 .17.3        -INF             .            20.0000          .          
7 .18.1        -INF            3.0000        20.0000          .          
7 .18.2        -INF           -2.0000        20.0000          .          
7 .18.3        -INF             .            20.0000          .          
7 .19.1        -INF            3.0000        20.0000          .          
7 .19.2        -INF             .            20.0000          .          
7 .19.3        -INF           -3.0000        20.0000          .          
7 .20.1        -INF            3.0000        20.0000          .          
7 .20.2        -INF           -6.0000        20.0000          .          
7 .20.3        -INF             .            20.0000          .          
8 .1 .1        -INF             .            20.0000          .          
8 .1 .2        -INF             .            20.0000          .          
8 .1 .3        -INF           -5.0000        20.0000          .          
8 .2 .1        -INF           -4.0000        20.0000          .          
8 .2 .2        -INF             .            20.0000          .          
8 .2 .3        -INF             .            20.0000          .          
8 .3 .1        -INF             .            20.0000          .          
8 .3 .2        -INF           -1.0000        20.0000          .          
8 .3 .3        -INF             .            20.0000          .          
8 .4 .1        -INF             .            20.0000          .          
8 .4 .2        -INF           -4.0000        20.0000          .          
8 .4 .3        -INF             .            20.0000          .          
8 .5 .1        -INF             .            20.0000          .          
8 .5 .2        -INF           -3.0000        20.0000          .          
8 .5 .3        -INF             .            20.0000          .          
8 .6 .1        -INF             .            20.0000          .          
8 .6 .2        -INF             .            20.0000          .          
8 .6 .3        -INF           -1.0000        20.0000          .          
8 .7 .1        -INF           -3.0000        20.0000          .          
8 .7 .2        -INF             .            20.0000          .          
8 .7 .3        -INF             .            20.0000          .          
8 .8 .1        -INF             .            20.0000          .          
8 .8 .2        -INF             .            20.0000          .          
8 .8 .3        -INF             .            20.0000          .          
8 .9 .1        -INF             .            20.0000          .          
8 .9 .2        -INF             .            20.0000          .          
8 .9 .3        -INF           -2.0000        20.0000          .          
8 .10.1        -INF           -5.0000        20.0000          .          
8 .10.2        -INF             .            20.0000          .          
8 .10.3        -INF             .            20.0000          .          
8 .11.1        -INF             .            20.0000          .          
8 .11.2        -INF             .            20.0000          .          
8 .11.3        -INF           -4.0000        20.0000          .          
8 .12.1        -INF             .            20.0000          .          
8 .12.2        -INF             .            20.0000          .          
8 .12.3        -INF           -6.0000        20.0000          .          
8 .13.1        -INF           20.0000        20.0000         EPS         
8 .13.2        -INF             .            20.0000          .          
8 .13.3        -INF             .            20.0000          .          
8 .14.1        -INF             .            20.0000          .          
8 .14.2        -INF           -5.0000        20.0000          .          
8 .14.3        -INF             .            20.0000          .          
8 .15.1        -INF           -2.0000        20.0000          .          
8 .15.2        -INF             .            20.0000          .          
8 .15.3        -INF             .            20.0000          .          
8 .16.1        -INF             .            20.0000          .          
8 .16.2        -INF             .            20.0000          .          
8 .16.3        -INF             .            20.0000          .          
8 .17.1        -INF             .            20.0000          .          
8 .17.2        -INF             .            20.0000          .          
8 .17.3        -INF             .            20.0000          .          
8 .18.1        -INF             .            20.0000          .          
8 .18.2        -INF           -2.0000        20.0000          .          
8 .18.3        -INF             .            20.0000          .          
8 .19.1        -INF             .            20.0000          .          
8 .19.2        -INF             .            20.0000          .          
8 .19.3        -INF           -3.0000        20.0000          .          
8 .20.1        -INF             .            20.0000          .          
8 .20.2        -INF           -6.0000        20.0000          .          
8 .20.3        -INF             .            20.0000          .          
9 .1 .1        -INF             .            20.0000          .          
9 .1 .2        -INF             .            20.0000          .          
9 .1 .3        -INF           -3.0000        20.0000          .          
9 .2 .1        -INF           -4.0000        20.0000          .          
9 .2 .2        -INF             .            20.0000          .          
9 .2 .3        -INF            2.0000        20.0000          .          
9 .3 .1        -INF             .            20.0000          .          
9 .3 .2        -INF           -1.0000        20.0000          .          
9 .3 .3        -INF            2.0000        20.0000          .          
9 .4 .1        -INF             .            20.0000          .          
9 .4 .2        -INF           -4.0000        20.0000          .          
9 .4 .3        -INF            2.0000        20.0000          .          
9 .5 .1        -INF             .            20.0000          .          
9 .5 .2        -INF           -3.0000        20.0000          .          
9 .5 .3        -INF            2.0000        20.0000          .          
9 .6 .1        -INF             .            20.0000          .          
9 .6 .2        -INF             .            20.0000          .          
9 .6 .3        -INF            1.0000        20.0000          .          
9 .7 .1        -INF           -3.0000        20.0000          .          
9 .7 .2        -INF             .            20.0000          .          
9 .7 .3        -INF            2.0000        20.0000          .          
9 .8 .1        -INF             .            20.0000          .          
9 .8 .2        -INF             .            20.0000          .          
9 .8 .3        -INF            2.0000        20.0000          .          
9 .9 .1        -INF             .            20.0000          .          
9 .9 .2        -INF             .            20.0000          .          
9 .9 .3        -INF             .            20.0000          .          
9 .10.1        -INF           -5.0000        20.0000          .          
9 .10.2        -INF             .            20.0000          .          
9 .10.3        -INF            2.0000        20.0000          .          
9 .11.1        -INF             .            20.0000          .          
9 .11.2        -INF             .            20.0000          .          
9 .11.3        -INF           -2.0000        20.0000          .          
9 .12.1        -INF             .            20.0000          .          
9 .12.2        -INF             .            20.0000          .          
9 .12.3        -INF           -4.0000        20.0000          .          
9 .13.1        -INF           -1.0000        20.0000          .          
9 .13.2        -INF             .            20.0000          .          
9 .13.3        -INF            2.0000        20.0000          .          
9 .14.1        -INF             .            20.0000          .          
9 .14.2        -INF           -5.0000        20.0000          .          
9 .14.3        -INF            2.0000        20.0000          .          
9 .15.1        -INF           -2.0000        20.0000          .          
9 .15.2        -INF             .            20.0000          .          
9 .15.3        -INF            2.0000        20.0000          .          
9 .16.1        -INF             .            20.0000          .          
9 .16.2        -INF             .            20.0000          .          
9 .16.3        -INF            2.0000        20.0000          .          
9 .17.1        -INF             .            20.0000          .          
9 .17.2        -INF             .            20.0000          .          
9 .17.3        -INF            2.0000        20.0000          .          
9 .18.1        -INF             .            20.0000          .          
9 .18.2        -INF           -2.0000        20.0000          .          
9 .18.3        -INF            2.0000        20.0000          .          
9 .19.1        -INF             .            20.0000          .          
9 .19.2        -INF             .            20.0000          .          
9 .19.3        -INF           20.0000        20.0000         EPS         
9 .20.1        -INF             .            20.0000          .          
9 .20.2        -INF           -6.0000        20.0000          .          
9 .20.3        -INF            2.0000        20.0000          .          
10.1 .1        -INF            5.0000        20.0000          .          
10.1 .2        -INF             .            20.0000          .          
10.1 .3        -INF           -5.0000        20.0000          .          
10.2 .1        -INF            1.0000        20.0000          .          
10.2 .2        -INF             .            20.0000          .          
10.2 .3        -INF             .            20.0000          .          
10.3 .1        -INF            5.0000        20.0000          .          
10.3 .2        -INF           -1.0000        20.0000          .          
10.3 .3        -INF             .            20.0000          .          
10.4 .1        -INF            5.0000        20.0000          .          
10.4 .2        -INF           -4.0000        20.0000          .          
10.4 .3        -INF             .            20.0000          .          
10.5 .1        -INF            5.0000        20.0000          .          
10.5 .2        -INF           -3.0000        20.0000          .          
10.5 .3        -INF             .            20.0000          .          
10.6 .1        -INF            5.0000        20.0000          .          
10.6 .2        -INF             .            20.0000          .          
10.6 .3        -INF           -1.0000        20.0000          .          
10.7 .1        -INF            2.0000        20.0000          .          
10.7 .2        -INF             .            20.0000          .          
10.7 .3        -INF             .            20.0000          .          
10.8 .1        -INF            5.0000        20.0000          .          
10.8 .2        -INF             .            20.0000          .          
10.8 .3        -INF             .            20.0000          .          
10.9 .1        -INF            5.0000        20.0000          .          
10.9 .2        -INF             .            20.0000          .          
10.9 .3        -INF           -2.0000        20.0000          .          
10.10.1        -INF             .            20.0000          .          
10.10.2        -INF             .            20.0000          .          
10.10.3        -INF             .            20.0000          .          
10.11.1        -INF            5.0000        20.0000          .          
10.11.2        -INF             .            20.0000          .          
10.11.3        -INF           -4.0000        20.0000          .          
10.12.1        -INF            5.0000        20.0000          .          
10.12.2        -INF             .            20.0000          .          
10.12.3        -INF           -6.0000        20.0000          .          
10.13.1        -INF            4.0000        20.0000          .          
10.13.2        -INF             .            20.0000          .          
10.13.3        -INF             .            20.0000          .          
10.14.1        -INF            5.0000        20.0000          .          
10.14.2        -INF           -5.0000        20.0000          .          
10.14.3        -INF             .            20.0000          .          
10.15.1        -INF            3.0000        20.0000          .          
10.15.2        -INF             .            20.0000          .          
10.15.3        -INF             .            20.0000          .          
10.16.1        -INF            5.0000        20.0000          .          
10.16.2        -INF             .            20.0000          .          
10.16.3        -INF             .            20.0000          .          
10.17.1        -INF            5.0000        20.0000          .          
10.17.2        -INF             .            20.0000          .          
10.17.3        -INF             .            20.0000          .          
10.18.1        -INF            5.0000        20.0000          .          
10.18.2        -INF           -2.0000        20.0000          .          
10.18.3        -INF             .            20.0000          .          
10.19.1        -INF            5.0000        20.0000          .          
10.19.2        -INF             .            20.0000          .          
10.19.3        -INF           -3.0000        20.0000          .          
10.20.1        -INF            5.0000        20.0000          .          
10.20.2        -INF           -6.0000        20.0000          .          
10.20.3        -INF             .            20.0000          .          
11.1 .1        -INF             .            20.0000          .          
11.1 .2        -INF             .            20.0000          .          
11.1 .3        -INF           20.0000        20.0000         EPS         
11.2 .1        -INF           -4.0000        20.0000          .          
11.2 .2        -INF             .            20.0000          .          
11.2 .3        -INF            4.0000        20.0000          .          
11.3 .1        -INF             .            20.0000          .          
11.3 .2        -INF           -1.0000        20.0000          .          
11.3 .3        -INF            4.0000        20.0000          .          
11.4 .1        -INF             .            20.0000          .          
11.4 .2        -INF           -4.0000        20.0000          .          
11.4 .3        -INF            4.0000        20.0000          .          
11.5 .1        -INF             .            20.0000          .          
11.5 .2        -INF           -3.0000        20.0000          .          
11.5 .3        -INF            4.0000        20.0000          .          
11.6 .1        -INF             .            20.0000          .          
11.6 .2        -INF             .            20.0000          .          
11.6 .3        -INF            3.0000        20.0000          .          
11.7 .1        -INF           -3.0000        20.0000          .          
11.7 .2        -INF             .            20.0000          .          
11.7 .3        -INF            4.0000        20.0000          .          
11.8 .1        -INF             .            20.0000          .          
11.8 .2        -INF             .            20.0000          .          
11.8 .3        -INF            4.0000        20.0000          .          
11.9 .1        -INF             .            20.0000          .          
11.9 .2        -INF             .            20.0000          .          
11.9 .3        -INF            2.0000        20.0000          .          
11.10.1        -INF           -5.0000        20.0000          .          
11.10.2        -INF             .            20.0000          .          
11.10.3        -INF            4.0000        20.0000          .          
11.11.1        -INF             .            20.0000          .          
11.11.2        -INF             .            20.0000          .          
11.11.3        -INF             .            20.0000          .          
11.12.1        -INF             .            20.0000          .          
11.12.2        -INF             .            20.0000          .          
11.12.3        -INF           -2.0000        20.0000          .          
11.13.1        -INF           -1.0000        20.0000          .          
11.13.2        -INF             .            20.0000          .          
11.13.3        -INF            4.0000        20.0000          .          
11.14.1        -INF             .            20.0000          .          
11.14.2        -INF           -5.0000        20.0000          .          
11.14.3        -INF            4.0000        20.0000          .          
11.15.1        -INF           -2.0000        20.0000          .          
11.15.2        -INF             .            20.0000          .          
11.15.3        -INF            4.0000        20.0000          .          
11.16.1        -INF             .            20.0000          .          
11.16.2        -INF             .            20.0000          .          
11.16.3        -INF            4.0000        20.0000          .          
11.17.1        -INF             .            20.0000          .          
11.17.2        -INF             .            20.0000          .          
11.17.3        -INF            4.0000        20.0000          .          
11.18.1        -INF             .            20.0000          .          
11.18.2        -INF           -2.0000        20.0000          .          
11.18.3        -INF            4.0000        20.0000          .          
11.19.1        -INF             .            20.0000          .          
11.19.2        -INF             .            20.0000          .          
11.19.3        -INF            1.0000        20.0000          .          
11.20.1        -INF             .            20.0000          .          
11.20.2        -INF           -6.0000        20.0000          .          
11.20.3        -INF            4.0000        20.0000          .          
12.1 .1        -INF             .            20.0000          .          
12.1 .2        -INF             .            20.0000          .          
12.1 .3        -INF            1.0000        20.0000          .          
12.2 .1        -INF           -4.0000        20.0000          .          
12.2 .2        -INF             .            20.0000          .          
12.2 .3        -INF            6.0000        20.0000          .          
12.3 .1        -INF             .            20.0000          .          
12.3 .2        -INF           -1.0000        20.0000          .          
12.3 .3        -INF            6.0000        20.0000          .          
12.4 .1        -INF             .            20.0000          .          
12.4 .2        -INF           -4.0000        20.0000          .          
12.4 .3        -INF            6.0000        20.0000          .          
12.5 .1        -INF             .            20.0000          .          
12.5 .2        -INF           -3.0000        20.0000          .          
12.5 .3        -INF            6.0000        20.0000          .          
12.6 .1        -INF             .            20.0000          .          
12.6 .2        -INF             .            20.0000          .          
12.6 .3        -INF            5.0000        20.0000          .          
12.7 .1        -INF           -3.0000        20.0000          .          
12.7 .2        -INF             .            20.0000          .          
12.7 .3        -INF            6.0000        20.0000          .          
12.8 .1        -INF             .            20.0000          .          
12.8 .2        -INF             .            20.0000          .          
12.8 .3        -INF            6.0000        20.0000          .          
12.9 .1        -INF             .            20.0000          .          
12.9 .2        -INF             .            20.0000          .          
12.9 .3        -INF            4.0000        20.0000          .          
12.10.1        -INF           -5.0000        20.0000          .          
12.10.2        -INF             .            20.0000          .          
12.10.3        -INF            6.0000        20.0000          .          
12.11.1        -INF             .            20.0000          .          
12.11.2        -INF             .            20.0000          .          
12.11.3        -INF            2.0000        20.0000          .          
12.12.1        -INF             .            20.0000          .          
12.12.2        -INF             .            20.0000          .          
12.12.3        -INF             .            20.0000          .          
12.13.1        -INF           -1.0000        20.0000          .          
12.13.2        -INF             .            20.0000          .          
12.13.3        -INF            6.0000        20.0000          .          
12.14.1        -INF             .            20.0000          .          
12.14.2        -INF           -5.0000        20.0000          .          
12.14.3        -INF            6.0000        20.0000          .          
12.15.1        -INF           -2.0000        20.0000          .          
12.15.2        -INF             .            20.0000          .          
12.15.3        -INF            6.0000        20.0000          .          
12.16.1        -INF             .            20.0000          .          
12.16.2        -INF             .            20.0000          .          
12.16.3        -INF            6.0000        20.0000          .          
12.17.1        -INF             .            20.0000          .          
12.17.2        -INF             .            20.0000          .          
12.17.3        -INF            6.0000        20.0000          .          
12.18.1        -INF             .            20.0000          .          
12.18.2        -INF           -2.0000        20.0000          .          
12.18.3        -INF            6.0000        20.0000          .          
12.19.1        -INF             .            20.0000          .          
12.19.2        -INF             .            20.0000          .          
12.19.3        -INF            3.0000        20.0000          .          
12.20.1        -INF             .            20.0000          .          
12.20.2        -INF           -6.0000        20.0000          .          
12.20.3        -INF            6.0000        20.0000          .          
13.1 .1        -INF            1.0000        20.0000          .          
13.1 .2        -INF             .            20.0000          .          
13.1 .3        -INF           -5.0000        20.0000          .          
13.2 .1        -INF           -3.0000        20.0000          .          
13.2 .2        -INF             .            20.0000          .          
13.2 .3        -INF             .            20.0000          .          
13.3 .1        -INF            1.0000        20.0000          .          
13.3 .2        -INF           -1.0000        20.0000          .          
13.3 .3        -INF             .            20.0000          .          
13.4 .1        -INF            1.0000        20.0000          .          
13.4 .2        -INF           -4.0000        20.0000          .          
13.4 .3        -INF             .            20.0000          .          
13.5 .1        -INF            1.0000        20.0000          .          
13.5 .2        -INF           -3.0000        20.0000          .          
13.5 .3        -INF             .            20.0000          .          
13.6 .1        -INF            1.0000        20.0000          .          
13.6 .2        -INF             .            20.0000          .          
13.6 .3        -INF           -1.0000        20.0000          .          
13.7 .1        -INF           -2.0000        20.0000          .          
13.7 .2        -INF             .            20.0000          .          
13.7 .3        -INF             .            20.0000          .          
13.8 .1        -INF            1.0000        20.0000          .          
13.8 .2        -INF             .            20.0000          .          
13.8 .3        -INF             .            20.0000          .          
13.9 .1        -INF            1.0000        20.0000          .          
13.9 .2        -INF             .            20.0000          .          
13.9 .3        -INF           -2.0000        20.0000          .          
13.10.1        -INF           -4.0000        20.0000          .          
13.10.2        -INF             .            20.0000          .          
13.10.3        -INF             .            20.0000          .          
13.11.1        -INF            1.0000        20.0000          .          
13.11.2        -INF             .            20.0000          .          
13.11.3        -INF           -4.0000        20.0000          .          
13.12.1        -INF            1.0000        20.0000          .          
13.12.2        -INF             .            20.0000          .          
13.12.3        -INF           -6.0000        20.0000          .          
13.13.1        -INF             .            20.0000          .          
13.13.2        -INF             .            20.0000          .          
13.13.3        -INF             .            20.0000          .          
13.14.1        -INF            1.0000        20.0000          .          
13.14.2        -INF           -5.0000        20.0000          .          
13.14.3        -INF             .            20.0000          .          
13.15.1        -INF           20.0000        20.0000         EPS         
13.15.2        -INF             .            20.0000          .          
13.15.3        -INF             .            20.0000          .          
13.16.1        -INF            1.0000        20.0000          .          
13.16.2        -INF             .            20.0000          .          
13.16.3        -INF             .            20.0000          .          
13.17.1        -INF            1.0000        20.0000          .          
13.17.2        -INF             .            20.0000          .          
13.17.3        -INF             .            20.0000          .          
13.18.1        -INF            1.0000        20.0000          .          
13.18.2        -INF           -2.0000        20.0000          .          
13.18.3        -INF             .            20.0000          .          
13.19.1        -INF            1.0000        20.0000          .          
13.19.2        -INF             .            20.0000          .          
13.19.3        -INF           -3.0000        20.0000          .          
13.20.1        -INF            1.0000        20.0000          .          
13.20.2        -INF           -6.0000        20.0000          .          
13.20.3        -INF             .            20.0000          .          
14.1 .1        -INF             .            20.0000          .          
14.1 .2        -INF            5.0000        20.0000          .          
14.1 .3        -INF           -5.0000        20.0000          .          
14.2 .1        -INF           -4.0000        20.0000          .          
14.2 .2        -INF            5.0000        20.0000          .          
14.2 .3        -INF             .            20.0000          .          
14.3 .1        -INF             .            20.0000          .          
14.3 .2        -INF            4.0000        20.0000          .          
14.3 .3        -INF             .            20.0000          .          
14.4 .1        -INF             .            20.0000          .          
14.4 .2        -INF            1.0000        20.0000          .          
14.4 .3        -INF             .            20.0000          .          
14.5 .1        -INF             .            20.0000          .          
14.5 .2        -INF            2.0000        20.0000          .          
14.5 .3        -INF             .            20.0000          .          
14.6 .1        -INF             .            20.0000          .          
14.6 .2        -INF            5.0000        20.0000          .          
14.6 .3        -INF           -1.0000        20.0000          .          
14.7 .1        -INF           -3.0000        20.0000          .          
14.7 .2        -INF            5.0000        20.0000          .          
14.7 .3        -INF             .            20.0000          .          
14.8 .1        -INF             .            20.0000          .          
14.8 .2        -INF            5.0000        20.0000          .          
14.8 .3        -INF             .            20.0000          .          
14.9 .1        -INF             .            20.0000          .          
14.9 .2        -INF            5.0000        20.0000          .          
14.9 .3        -INF           -2.0000        20.0000          .          
14.10.1        -INF           -5.0000        20.0000          .          
14.10.2        -INF            5.0000        20.0000          .          
14.10.3        -INF             .            20.0000          .          
14.11.1        -INF             .            20.0000          .          
14.11.2        -INF            5.0000        20.0000          .          
14.11.3        -INF           -4.0000        20.0000          .          
14.12.1        -INF             .            20.0000          .          
14.12.2        -INF            5.0000        20.0000          .          
14.12.3        -INF           -6.0000        20.0000          .          
14.13.1        -INF           -1.0000        20.0000          .          
14.13.2        -INF            5.0000        20.0000          .          
14.13.3        -INF             .            20.0000          .          
14.14.1        -INF             .            20.0000          .          
14.14.2        -INF             .            20.0000          .          
14.14.3        -INF             .            20.0000          .          
14.15.1        -INF           -2.0000        20.0000          .          
14.15.2        -INF            5.0000        20.0000          .          
14.15.3        -INF             .            20.0000          .          
14.16.1        -INF             .            20.0000          .          
14.16.2        -INF            5.0000        20.0000          .          
14.16.3        -INF             .            20.0000          .          
14.17.1        -INF             .            20.0000          .          
14.17.2        -INF            5.0000        20.0000          .          
14.17.3        -INF             .            20.0000          .          
14.18.1        -INF             .            20.0000          .          
14.18.2        -INF            3.0000        20.0000          .          
14.18.3        -INF             .            20.0000          .          
14.19.1        -INF             .            20.0000          .          
14.19.2        -INF            5.0000        20.0000          .          
14.19.3        -INF           -3.0000        20.0000          .          
14.20.1        -INF             .            20.0000          .          
14.20.2        -INF           20.0000        20.0000         EPS         
14.20.3        -INF             .            20.0000          .          
15.1 .1        -INF            2.0000        20.0000          .          
15.1 .2        -INF             .            20.0000          .          
15.1 .3        -INF           -5.0000        20.0000          .          
15.2 .1        -INF           -2.0000        20.0000          .          
15.2 .2        -INF             .            20.0000          .          
15.2 .3        -INF             .            20.0000          .          
15.3 .1        -INF            2.0000        20.0000          .          
15.3 .2        -INF           -1.0000        20.0000          .          
15.3 .3        -INF             .            20.0000          .          
15.4 .1        -INF            2.0000        20.0000          .          
15.4 .2        -INF           -4.0000        20.0000          .          
15.4 .3        -INF             .            20.0000          .          
15.5 .1        -INF            2.0000        20.0000          .          
15.5 .2        -INF           -3.0000        20.0000          .          
15.5 .3        -INF             .            20.0000          .          
15.6 .1        -INF            2.0000        20.0000          .          
15.6 .2        -INF             .            20.0000          .          
15.6 .3        -INF           -1.0000        20.0000          .          
15.7 .1        -INF           20.0000        20.0000         EPS         
15.7 .2        -INF             .            20.0000          .          
15.7 .3        -INF             .            20.0000          .          
15.8 .1        -INF            2.0000        20.0000          .          
15.8 .2        -INF             .            20.0000          .          
15.8 .3        -INF             .            20.0000          .          
15.9 .1        -INF            2.0000        20.0000          .          
15.9 .2        -INF             .            20.0000          .          
15.9 .3        -INF           -2.0000        20.0000          .          
15.10.1        -INF           -3.0000        20.0000          .          
15.10.2        -INF             .            20.0000          .          
15.10.3        -INF             .            20.0000          .          
15.11.1        -INF            2.0000        20.0000          .          
15.11.2        -INF             .            20.0000          .          
15.11.3        -INF           -4.0000        20.0000          .          
15.12.1        -INF            2.0000        20.0000          .          
15.12.2        -INF             .            20.0000          .          
15.12.3        -INF           -6.0000        20.0000          .          
15.13.1        -INF            1.0000        20.0000          .          
15.13.2        -INF             .            20.0000          .          
15.13.3        -INF             .            20.0000          .          
15.14.1        -INF            2.0000        20.0000          .          
15.14.2        -INF           -5.0000        20.0000          .          
15.14.3        -INF             .            20.0000          .          
15.15.1        -INF             .            20.0000          .          
15.15.2        -INF             .            20.0000          .          
15.15.3        -INF             .            20.0000          .          
15.16.1        -INF            2.0000        20.0000          .          
15.16.2        -INF             .            20.0000          .          
15.16.3        -INF             .            20.0000          .          
15.17.1        -INF            2.0000        20.0000          .          
15.17.2        -INF             .            20.0000          .          
15.17.3        -INF             .            20.0000          .          
15.18.1        -INF            2.0000        20.0000          .          
15.18.2        -INF           -2.0000        20.0000          .          
15.18.3        -INF             .            20.0000          .          
15.19.1        -INF            2.0000        20.0000          .          
15.19.2        -INF             .            20.0000          .          
15.19.3        -INF           -3.0000        20.0000          .          
15.20.1        -INF            2.0000        20.0000          .          
15.20.2        -INF           -6.0000        20.0000          .          
15.20.3        -INF             .            20.0000          .          
16.1 .1        -INF             .            20.0000          .          
16.1 .2        -INF             .            20.0000          .          
16.1 .3        -INF           -5.0000        20.0000          .          
16.2 .1        -INF           -4.0000        20.0000          .          
16.2 .2        -INF             .            20.0000          .          
16.2 .3        -INF             .            20.0000          .          
16.3 .1        -INF             .            20.0000          .          
16.3 .2        -INF           -1.0000        20.0000          .          
16.3 .3        -INF             .            20.0000          .          
16.4 .1        -INF             .            20.0000          .          
16.4 .2        -INF           -4.0000        20.0000          .          
16.4 .3        -INF             .            20.0000          .          
16.5 .1        -INF             .            20.0000          .          
16.5 .2        -INF           -3.0000        20.0000          .          
16.5 .3        -INF             .            20.0000          .          
16.6 .1        -INF             .            20.0000          .          
16.6 .2        -INF             .            20.0000          .          
16.6 .3        -INF           20.0000        20.0000         EPS         
16.7 .1        -INF           -3.0000        20.0000          .          
16.7 .2        -INF             .            20.0000          .          
16.7 .3        -INF             .            20.0000          .          
16.8 .1        -INF             .            20.0000          .          
16.8 .2        -INF             .            20.0000          .          
16.8 .3        -INF             .            20.0000          .          
16.9 .1        -INF             .            20.0000          .          
16.9 .2        -INF             .            20.0000          .          
16.9 .3        -INF           -2.0000        20.0000          .          
16.10.1        -INF           -5.0000        20.0000          .          
16.10.2        -INF             .            20.0000          .          
16.10.3        -INF             .            20.0000          .          
16.11.1        -INF             .            20.0000          .          
16.11.2        -INF             .            20.0000          .          
16.11.3        -INF           -4.0000        20.0000          .          
16.12.1        -INF             .            20.0000          .          
16.12.2        -INF             .            20.0000          .          
16.12.3        -INF           -6.0000        20.0000          .          
16.13.1        -INF           -1.0000        20.0000          .          
16.13.2        -INF             .            20.0000          .          
16.13.3        -INF             .            20.0000          .          
16.14.1        -INF             .            20.0000          .          
16.14.2        -INF           -5.0000        20.0000          .          
16.14.3        -INF             .            20.0000          .          
16.15.1        -INF           -2.0000        20.0000          .          
16.15.2        -INF             .            20.0000          .          
16.15.3        -INF             .            20.0000          .          
16.16.1        -INF             .            20.0000          .          
16.16.2        -INF             .            20.0000          .          
16.16.3        -INF             .            20.0000          .          
16.17.1        -INF             .            20.0000          .          
16.17.2        -INF             .            20.0000          .          
16.17.3        -INF             .            20.0000          .          
16.18.1        -INF             .            20.0000          .          
16.18.2        -INF           -2.0000        20.0000          .          
16.18.3        -INF             .            20.0000          .          
16.19.1        -INF             .            20.0000          .          
16.19.2        -INF             .            20.0000          .          
16.19.3        -INF           -3.0000        20.0000          .          
16.20.1        -INF             .            20.0000          .          
16.20.2        -INF           -6.0000        20.0000          .          
16.20.3        -INF             .            20.0000          .          
17.1 .1        -INF             .            20.0000          .          
17.1 .2        -INF             .            20.0000          .          
17.1 .3        -INF           -5.0000        20.0000          .          
17.2 .1        -INF           -4.0000        20.0000          .          
17.2 .2        -INF             .            20.0000          .          
17.2 .3        -INF             .            20.0000          .          
17.3 .1        -INF             .            20.0000          .          
17.3 .2        -INF           20.0000        20.0000         EPS         
17.3 .3        -INF             .            20.0000          .          
17.4 .1        -INF             .            20.0000          .          
17.4 .2        -INF           -4.0000        20.0000          .          
17.4 .3        -INF             .            20.0000          .          
17.5 .1        -INF             .            20.0000          .          
17.5 .2        -INF           -3.0000        20.0000          .          
17.5 .3        -INF             .            20.0000          .          
17.6 .1        -INF             .            20.0000          .          
17.6 .2        -INF             .            20.0000          .          
17.6 .3        -INF           -1.0000        20.0000          .          
17.7 .1        -INF           -3.0000        20.0000          .          
17.7 .2        -INF             .            20.0000          .          
17.7 .3        -INF             .            20.0000          .          
17.8 .1        -INF             .            20.0000          .          
17.8 .2        -INF             .            20.0000          .          
17.8 .3        -INF             .            20.0000          .          
17.9 .1        -INF             .            20.0000          .          
17.9 .2        -INF             .            20.0000          .          
17.9 .3        -INF           -2.0000        20.0000          .          
17.10.1        -INF           -5.0000        20.0000          .          
17.10.2        -INF             .            20.0000          .          
17.10.3        -INF             .            20.0000          .          
17.11.1        -INF             .            20.0000          .          
17.11.2        -INF             .            20.0000          .          
17.11.3        -INF           -4.0000        20.0000          .          
17.12.1        -INF             .            20.0000          .          
17.12.2        -INF             .            20.0000          .          
17.12.3        -INF           -6.0000        20.0000          .          
17.13.1        -INF           -1.0000        20.0000          .          
17.13.2        -INF             .            20.0000          .          
17.13.3        -INF             .            20.0000          .          
17.14.1        -INF             .            20.0000          .          
17.14.2        -INF           -5.0000        20.0000          .          
17.14.3        -INF             .            20.0000          .          
17.15.1        -INF           -2.0000        20.0000          .          
17.15.2        -INF             .            20.0000          .          
17.15.3        -INF             .            20.0000          .          
17.16.1        -INF             .            20.0000          .          
17.16.2        -INF             .            20.0000          .          
17.16.3        -INF             .            20.0000          .          
17.17.1        -INF             .            20.0000          .          
17.17.2        -INF             .            20.0000          .          
17.17.3        -INF             .            20.0000          .          
17.18.1        -INF             .            20.0000          .          
17.18.2        -INF           -2.0000        20.0000          .          
17.18.3        -INF             .            20.0000          .          
17.19.1        -INF             .            20.0000          .          
17.19.2        -INF             .            20.0000          .          
17.19.3        -INF           -3.0000        20.0000          .          
17.20.1        -INF             .            20.0000          .          
17.20.2        -INF           -6.0000        20.0000          .          
17.20.3        -INF             .            20.0000          .          
18.1 .1        -INF             .            20.0000          .          
18.1 .2        -INF            2.0000        20.0000          .          
18.1 .3        -INF           -5.0000        20.0000          .          
18.2 .1        -INF           -4.0000        20.0000          .          
18.2 .2        -INF            2.0000        20.0000          .          
18.2 .3        -INF             .            20.0000          .          
18.3 .1        -INF             .            20.0000          .          
18.3 .2        -INF            1.0000        20.0000          .          
18.3 .3        -INF             .            20.0000          .          
18.4 .1        -INF             .            20.0000          .          
18.4 .2        -INF           -2.0000        20.0000          .          
18.4 .3        -INF             .            20.0000          .          
18.5 .1        -INF             .            20.0000          .          
18.5 .2        -INF           20.0000        20.0000         EPS         
18.5 .3        -INF             .            20.0000          .          
18.6 .1        -INF             .            20.0000          .          
18.6 .2        -INF            2.0000        20.0000          .          
18.6 .3        -INF           -1.0000        20.0000          .          
18.7 .1        -INF           -3.0000        20.0000          .          
18.7 .2        -INF            2.0000        20.0000          .          
18.7 .3        -INF             .            20.0000          .          
18.8 .1        -INF             .            20.0000          .          
18.8 .2        -INF            2.0000        20.0000          .          
18.8 .3        -INF             .            20.0000          .          
18.9 .1        -INF             .            20.0000          .          
18.9 .2        -INF            2.0000        20.0000          .          
18.9 .3        -INF           -2.0000        20.0000          .          
18.10.1        -INF           -5.0000        20.0000          .          
18.10.2        -INF            2.0000        20.0000          .          
18.10.3        -INF             .            20.0000          .          
18.11.1        -INF             .            20.0000          .          
18.11.2        -INF            2.0000        20.0000          .          
18.11.3        -INF           -4.0000        20.0000          .          
18.12.1        -INF             .            20.0000          .          
18.12.2        -INF            2.0000        20.0000          .          
18.12.3        -INF           -6.0000        20.0000          .          
18.13.1        -INF           -1.0000        20.0000          .          
18.13.2        -INF            2.0000        20.0000          .          
18.13.3        -INF             .            20.0000          .          
18.14.1        -INF             .            20.0000          .          
18.14.2        -INF           -3.0000        20.0000          .          
18.14.3        -INF             .            20.0000          .          
18.15.1        -INF           -2.0000        20.0000          .          
18.15.2        -INF            2.0000        20.0000          .          
18.15.3        -INF             .            20.0000          .          
18.16.1        -INF             .            20.0000          .          
18.16.2        -INF            2.0000        20.0000          .          
18.16.3        -INF             .            20.0000          .          
18.17.1        -INF             .            20.0000          .          
18.17.2        -INF            2.0000        20.0000          .          
18.17.3        -INF             .            20.0000          .          
18.18.1        -INF             .            20.0000          .          
18.18.2        -INF             .            20.0000          .          
18.18.3        -INF             .            20.0000          .          
18.19.1        -INF             .            20.0000          .          
18.19.2        -INF            2.0000        20.0000          .          
18.19.3        -INF           -3.0000        20.0000          .          
18.20.1        -INF             .            20.0000          .          
18.20.2        -INF           -4.0000        20.0000          .          
18.20.3        -INF             .            20.0000          .          
19.1 .1        -INF             .            20.0000          .          
19.1 .2        -INF             .            20.0000          .          
19.1 .3        -INF           -2.0000        20.0000          .          
19.2 .1        -INF           -4.0000        20.0000          .          
19.2 .2        -INF             .            20.0000          .          
19.2 .3        -INF            3.0000        20.0000          .          
19.3 .1        -INF             .            20.0000          .          
19.3 .2        -INF           -1.0000        20.0000          .          
19.3 .3        -INF            3.0000        20.0000          .          
19.4 .1        -INF             .            20.0000          .          
19.4 .2        -INF           -4.0000        20.0000          .          
19.4 .3        -INF            3.0000        20.0000          .          
19.5 .1        -INF             .            20.0000          .          
19.5 .2        -INF           -3.0000        20.0000          .          
19.5 .3        -INF            3.0000        20.0000          .          
19.6 .1        -INF             .            20.0000          .          
19.6 .2        -INF             .            20.0000          .          
19.6 .3        -INF            2.0000        20.0000          .          
19.7 .1        -INF           -3.0000        20.0000          .          
19.7 .2        -INF             .            20.0000          .          
19.7 .3        -INF            3.0000        20.0000          .          
19.8 .1        -INF             .            20.0000          .          
19.8 .2        -INF             .            20.0000          .          
19.8 .3        -INF            3.0000        20.0000          .          
19.9 .1        -INF             .            20.0000          .          
19.9 .2        -INF             .            20.0000          .          
19.9 .3        -INF            1.0000        20.0000          .          
19.10.1        -INF           -5.0000        20.0000          .          
19.10.2        -INF             .            20.0000          .          
19.10.3        -INF            3.0000        20.0000          .          
19.11.1        -INF             .            20.0000          .          
19.11.2        -INF             .            20.0000          .          
19.11.3        -INF           20.0000        20.0000         EPS         
19.12.1        -INF             .            20.0000          .          
19.12.2        -INF             .            20.0000          .          
19.12.3        -INF           -3.0000        20.0000          .          
19.13.1        -INF           -1.0000        20.0000          .          
19.13.2        -INF             .            20.0000          .          
19.13.3        -INF            3.0000        20.0000          .          
19.14.1        -INF             .            20.0000          .          
19.14.2        -INF           -5.0000        20.0000          .          
19.14.3        -INF            3.0000        20.0000          .          
19.15.1        -INF           -2.0000        20.0000          .          
19.15.2        -INF             .            20.0000          .          
19.15.3        -INF            3.0000        20.0000          .          
19.16.1        -INF             .            20.0000          .          
19.16.2        -INF             .            20.0000          .          
19.16.3        -INF            3.0000        20.0000          .          
19.17.1        -INF             .            20.0000          .          
19.17.2        -INF             .            20.0000          .          
19.17.3        -INF            3.0000        20.0000          .          
19.18.1        -INF             .            20.0000          .          
19.18.2        -INF           -2.0000        20.0000          .          
19.18.3        -INF            3.0000        20.0000          .          
19.19.1        -INF             .            20.0000          .          
19.19.2        -INF             .            20.0000          .          
19.19.3        -INF             .            20.0000          .          
19.20.1        -INF             .            20.0000          .          
19.20.2        -INF           -6.0000        20.0000          .          
19.20.3        -INF            3.0000        20.0000          .          
20.1 .1        -INF             .            20.0000          .          
20.1 .2        -INF            6.0000        20.0000          .          
20.1 .3        -INF           -5.0000        20.0000          .          
20.2 .1        -INF           -4.0000        20.0000          .          
20.2 .2        -INF            6.0000        20.0000          .          
20.2 .3        -INF             .            20.0000          .          
20.3 .1        -INF             .            20.0000          .          
20.3 .2        -INF            5.0000        20.0000          .          
20.3 .3        -INF             .            20.0000          .          
20.4 .1        -INF             .            20.0000          .          
20.4 .2        -INF            2.0000        20.0000          .          
20.4 .3        -INF             .            20.0000          .          
20.5 .1        -INF             .            20.0000          .          
20.5 .2        -INF            3.0000        20.0000          .          
20.5 .3        -INF             .            20.0000          .          
20.6 .1        -INF             .            20.0000          .          
20.6 .2        -INF            6.0000        20.0000          .          
20.6 .3        -INF           -1.0000        20.0000          .          
20.7 .1        -INF           -3.0000        20.0000          .          
20.7 .2        -INF            6.0000        20.0000          .          
20.7 .3        -INF             .            20.0000          .          
20.8 .1        -INF             .            20.0000          .          
20.8 .2        -INF            6.0000        20.0000          .          
20.8 .3        -INF             .            20.0000          .          
20.9 .1        -INF             .            20.0000          .          
20.9 .2        -INF            6.0000        20.0000          .          
20.9 .3        -INF           -2.0000        20.0000          .          
20.10.1        -INF           -5.0000        20.0000          .          
20.10.2        -INF            6.0000        20.0000          .          
20.10.3        -INF             .            20.0000          .          
20.11.1        -INF             .            20.0000          .          
20.11.2        -INF            6.0000        20.0000          .          
20.11.3        -INF           -4.0000        20.0000          .          
20.12.1        -INF             .            20.0000          .          
20.12.2        -INF            6.0000        20.0000          .          
20.12.3        -INF           -6.0000        20.0000          .          
20.13.1        -INF           -1.0000        20.0000          .          
20.13.2        -INF            6.0000        20.0000          .          
20.13.3        -INF             .            20.0000          .          
20.14.1        -INF             .            20.0000          .          
20.14.2        -INF            1.0000        20.0000          .          
20.14.3        -INF             .            20.0000          .          
20.15.1        -INF           -2.0000        20.0000          .          
20.15.2        -INF            6.0000        20.0000          .          
20.15.3        -INF             .            20.0000          .          
20.16.1        -INF             .            20.0000          .          
20.16.2        -INF            6.0000        20.0000          .          
20.16.3        -INF             .            20.0000          .          
20.17.1        -INF             .            20.0000          .          
20.17.2        -INF            6.0000        20.0000          .          
20.17.3        -INF             .            20.0000          .          
20.18.1        -INF             .            20.0000          .          
20.18.2        -INF            4.0000        20.0000          .          
20.18.3        -INF             .            20.0000          .          
20.19.1        -INF             .            20.0000          .          
20.19.2        -INF            6.0000        20.0000          .          
20.19.3        -INF           -3.0000        20.0000          .          
20.20.1        -INF             .            20.0000          .          
20.20.2        -INF             .            20.0000          .          
20.20.3        -INF             .            20.0000          .          

---- EQU tw1  Arrival time is within the time window

          LOWER          LEVEL          UPPER         MARGINAL

0         -INF             .              .              .          
1         -INF         -627.0000      -387.0000          .          
2         -INF         -841.5000      -768.0000          .          
3         -INF         -437.0000      -344.0000          .          
4         -INF         -739.0000      -499.0000          .          
5         -INF         -638.0000      -638.0000         EPS         
6         -INF         -346.0000      -106.0000          .          
7         -INF         -833.0000      -833.0000         EPS         
8         -INF         -218.0000      -218.0000         EPS         
9         -INF         -381.0000      -381.0000         EPS         
10        -INF        -1042.0000      -802.0000          .          
11        -INF         -413.0000      -322.0000          .          
12        -INF         -818.0000      -818.0000         EPS         
13        -INF         -546.0000      -546.0000         EPS         
14        -INF         -762.0000      -762.0000         EPS         
15        -INF         -801.0000      -801.0000         EPS         
16        -INF         -107.0000      -107.0000         EPS         
17        -INF         -376.0000      -376.0000         EPS         
18        -INF         -451.0000      -211.0000          .          
19        -INF         -396.0000      -396.0000         EPS         
20        -INF         -788.0000      -548.0000          .          

---- EQU tw2  Arrival time is within the time window

          LOWER          LEVEL          UPPER         MARGINAL

0         -INF             .          1440.0000          .          
1         -INF          627.0000       627.0000         EPS         
2         -INF          841.5000      1008.0000          .          
3         -INF          437.0000       584.0000          .          
4         -INF          739.0000       739.0000         EPS         
5         -INF          638.0000       878.0000          .          
6         -INF          346.0000       346.0000         EPS         
7         -INF          833.0000      1073.0000          .          
8         -INF          218.0000       458.0000          .          
9         -INF          381.0000       621.0000          .          
10        -INF         1042.0000      1042.0000         EPS         
11        -INF          413.0000       562.0000          .          
12        -INF          818.0000      1058.0000          .          
13        -INF          546.0000       786.0000          .          
14        -INF          762.0000      1002.0000          .          
15        -INF          801.0000      1041.0000          .          
16        -INF          107.0000       347.0000          .          
17        -INF          376.0000       616.0000          .          
18        -INF          451.0000       451.0000         EPS         
19        -INF          396.0000       636.0000          .          
20        -INF          788.0000       788.0000         EPS         

---- EQU Time  Arrival time calculation

               LOWER          LEVEL          UPPER         MARGINAL

1 .2 .1        -INF         -214.5000      9982.5000          .          
1 .2 .2        -INF         -214.5000      9982.5000          .          
1 .2 .3        -INF         -214.5000      9982.5000          .          
1 .3 .1        -INF          190.0000      9987.0000          .          
1 .3 .2        -INF          190.0000      9987.0000          .          
1 .3 .3        -INF          190.0000      9987.0000          .          
1 .4 .1        -INF         -112.0000      9968.0000          .          
1 .4 .2        -INF         -112.0000      9968.0000          .          
1 .4 .3        -INF         -112.0000      9968.0000          .          
1 .5 .1        -INF          -11.0000      9989.5000          .          
1 .5 .2        -INF          -11.0000      9989.5000          .          
1 .5 .3        -INF          -11.0000      9989.5000          .          
1 .6 .1        -INF          281.0000      9974.5000          .          
1 .6 .2        -INF          281.0000      9974.5000          .          
1 .6 .3        -INF          281.0000      9974.5000          .          
1 .7 .1        -INF         -206.0000      9991.0000          .          
1 .7 .2        -INF         -206.0000      9991.0000          .          
1 .7 .3        -INF         -206.0000      9991.0000          .          
1 .8 .1        -INF          409.0000      9980.0000          .          
1 .8 .2        -INF          409.0000      9980.0000          .          
1 .8 .3        -INF          409.0000      9980.0000          .          
1 .9 .1        -INF          246.0000      9975.5000          .          
1 .9 .2        -INF          246.0000      9975.5000          .          
1 .9 .3        -INF          246.0000      9975.5000          .          
1 .10.1        -INF         -415.0000      9976.0000          .          
1 .10.2        -INF         -415.0000      9976.0000          .          
1 .10.3        -INF         -415.0000      9976.0000          .          
1 .11.1        -INF          214.0000      9990.5000          .          
1 .11.2        -INF          214.0000      9990.5000          .          
1 .11.3        -INF          214.0000      9990.5000          .          
1 .12.1        -INF         -191.0000      9988.0000          .          
1 .12.2        -INF         -191.0000      9988.0000          .          
1 .12.3        -INF         9809.0000      9988.0000          .          
1 .13.1        -INF           81.0000      9986.0000          .          
1 .13.2        -INF           81.0000      9986.0000          .          
1 .13.3        -INF           81.0000      9986.0000          .          
1 .14.1        -INF         -135.0000      9985.0000          .          
1 .14.2        -INF         -135.0000      9985.0000          .          
1 .14.3        -INF         -135.0000      9985.0000          .          
1 .15.1        -INF         -174.0000      9990.0000          .          
1 .15.2        -INF         -174.0000      9990.0000          .          
1 .15.3        -INF         -174.0000      9990.0000          .          
1 .16.1        -INF          520.0000      9971.5000          .          
1 .16.2        -INF          520.0000      9971.5000          .          
1 .16.3        -INF          520.0000      9971.5000          .          
1 .17.1        -INF          251.0000      9979.5000          .          
1 .17.2        -INF          251.0000      9979.5000          .          
1 .17.3        -INF          251.0000      9979.5000          .          
1 .18.1        -INF          176.0000      9975.5000          .          
1 .18.2        -INF          176.0000      9975.5000          .          
1 .18.3        -INF          176.0000      9975.5000          .          
1 .19.1        -INF          231.0000      9989.0000          .          
1 .19.2        -INF          231.0000      9989.0000          .          
1 .19.3        -INF          231.0000      9989.0000          .          
1 .20.1        -INF         -161.0000      9990.5000          .          
1 .20.2        -INF         -161.0000      9990.5000          .          
1 .20.3        -INF         -161.0000      9990.5000          .          
2 .1 .1        -INF          214.5000      9977.5000          .          
2 .1 .2        -INF          214.5000      9977.5000          .          
2 .1 .3        -INF          214.5000      9977.5000          .          
2 .3 .1        -INF          404.5000      9977.0000          .          
2 .3 .2        -INF          404.5000      9977.0000          .          
2 .3 .3        -INF          404.5000      9977.0000          .          
2 .4 .1        -INF          102.5000      9967.5000          .          
2 .4 .2        -INF          102.5000      9967.5000          .          
2 .4 .3        -INF          102.5000      9967.5000          .          
2 .5 .1        -INF          203.5000      9985.0000          .          
2 .5 .2        -INF          203.5000      9985.0000          .          
2 .5 .3        -INF          203.5000      9985.0000          .          
2 .6 .1        -INF          495.5000      9967.5000          .          
2 .6 .2        -INF          495.5000      9967.5000          .          
2 .6 .3        -INF          495.5000      9967.5000          .          
2 .7 .1        -INF            8.5000      9985.5000          .          
2 .7 .2        -INF            8.5000      9985.5000          .          
2 .7 .3        -INF            8.5000      9985.5000          .          
2 .8 .1        -INF          623.5000      9968.5000          .          
2 .8 .2        -INF          623.5000      9968.5000          .          
2 .8 .3        -INF          623.5000      9968.5000          .          
2 .9 .1        -INF          460.5000      9967.5000          .          
2 .9 .2        -INF          460.5000      9967.5000          .          
2 .9 .3        -INF          460.5000      9967.5000          .          
2 .10.1        -INF         9799.5000      9986.5000          .          
2 .10.2        -INF         -200.5000      9986.5000          .          
2 .10.3        -INF         -200.5000      9986.5000          .          
2 .11.1        -INF          428.5000      9964.0000          .          
2 .11.2        -INF          428.5000      9964.0000          .          
2 .11.3        -INF          428.5000      9964.0000          .          
2 .12.1        -INF           23.5000      9975.0000          .          
2 .12.2        -INF           23.5000      9975.0000          .          
2 .12.3        -INF           23.5000      9975.0000          .          
2 .13.1        -INF          295.5000      9968.0000          .          
2 .13.2        -INF          295.5000      9968.0000          .          
2 .13.3        -INF          295.5000      9968.0000          .          
2 .14.1        -INF           79.5000      9969.0000          .          
2 .14.2        -INF           79.5000      9969.0000          .          
2 .14.3        -INF           79.5000      9969.0000          .          
2 .15.1        -INF           40.5000      9973.0000          .          
2 .15.2        -INF           40.5000      9973.0000          .          
2 .15.3        -INF           40.5000      9973.0000          .          
2 .16.1        -INF          734.5000      9987.5000          .          
2 .16.2        -INF          734.5000      9987.5000          .          
2 .16.3        -INF          734.5000      9987.5000          .          
2 .17.1        -INF          465.5000      9974.5000          .          
2 .17.2        -INF          465.5000      9974.5000          .          
2 .17.3        -INF          465.5000      9974.5000          .          
2 .18.1        -INF          390.5000      9979.0000          .          
2 .18.2        -INF          390.5000      9979.0000          .          
2 .18.3        -INF          390.5000      9979.0000          .          
2 .19.1        -INF          445.5000      9982.5000          .          
2 .19.2        -INF          445.5000      9982.5000          .          
2 .19.3        -INF          445.5000      9982.5000          .          
2 .20.1        -INF           53.5000      9973.0000          .          
2 .20.2        -INF           53.5000      9973.0000          .          
2 .20.3        -INF           53.5000      9973.0000          .          
3 .1 .1        -INF         -190.0000      9982.0000          .          
3 .1 .2        -INF         -190.0000      9982.0000          .          
3 .1 .3        -INF         -190.0000      9982.0000          .          
3 .2 .1        -INF         -404.5000      9977.0000          .          
3 .2 .2        -INF         -404.5000      9977.0000          .          
3 .2 .3        -INF         -404.5000      9977.0000          .          
3 .4 .1        -INF         -302.0000      9968.0000          .          
3 .4 .2        -INF         -302.0000      9968.0000          .          
3 .4 .3        -INF         -302.0000      9968.0000          .          
3 .5 .1        -INF         -201.0000      9984.0000          .          
3 .5 .2        -INF         -201.0000      9984.0000          .          
3 .5 .3        -INF         -201.0000      9984.0000          .          
3 .6 .1        -INF           91.0000      9975.0000          .          
3 .6 .2        -INF           91.0000      9975.0000          .          
3 .6 .3        -INF           91.0000      9975.0000          .          
3 .7 .1        -INF         -396.0000      9970.0000          .          
3 .7 .2        -INF         -396.0000      9970.0000          .          
3 .7 .3        -INF         -396.0000      9970.0000          .          
3 .8 .1        -INF          219.0000      9969.0000          .          
3 .8 .2        -INF          219.0000      9969.0000          .          
3 .8 .3        -INF          219.0000      9969.0000          .          
3 .9 .1        -INF           56.0000      9976.0000          .          
3 .9 .2        -INF           56.0000      9976.0000          .          
3 .9 .3        -INF           56.0000      9976.0000          .          
3 .10.1        -INF         -605.0000      9986.5000          .          
3 .10.2        -INF         -605.0000      9986.5000          .          
3 .10.3        -INF         -605.0000      9986.5000          .          
3 .11.1        -INF           24.0000      9968.5000          .          
3 .11.2        -INF           24.0000      9968.5000          .          
3 .11.3        -INF           24.0000      9968.5000          .          
3 .12.1        -INF         -381.0000      9973.0000          .          
3 .12.2        -INF         -381.0000      9973.0000          .          
3 .12.3        -INF         -381.0000      9973.0000          .          
3 .13.1        -INF         -109.0000      9980.0000          .          
3 .13.2        -INF         -109.0000      9980.0000          .          
3 .13.3        -INF         -109.0000      9980.0000          .          
3 .14.1        -INF         -325.0000      9985.0000          .          
3 .14.2        -INF         -325.0000      9985.0000          .          
3 .14.3        -INF         -325.0000      9985.0000          .          
3 .15.1        -INF         -364.0000      9974.0000          .          
3 .15.2        -INF         -364.0000      9974.0000          .          
3 .15.3        -INF         -364.0000      9974.0000          .          
3 .16.1        -INF          330.0000      9967.5000          .          
3 .16.2        -INF          330.0000      9967.5000          .          
3 .16.3        -INF          330.0000      9967.5000          .          
3 .17.1        -INF           61.0000      9988.0000          .          
3 .17.2        -INF           61.0000      9988.0000          .          
3 .17.3        -INF           61.0000      9988.0000          .          
3 .18.1        -INF          -14.0000      9986.0000          .          
3 .18.2        -INF         9986.0000      9986.0000         EPS         
3 .18.3        -INF          -14.0000      9986.0000          .          
3 .19.1        -INF           41.0000      9975.0000          .          
3 .19.2        -INF           41.0000      9975.0000          .          
3 .19.3        -INF           41.0000      9975.0000          .          
3 .20.1        -INF         -351.0000      9979.0000          .          
3 .20.2        -INF         -351.0000      9979.0000          .          
3 .20.3        -INF         -351.0000      9979.0000          .          
4 .1 .1        -INF          112.0000      9968.0000          .          
4 .1 .2        -INF          112.0000      9968.0000          .          
4 .1 .3        -INF          112.0000      9968.0000          .          
4 .2 .1        -INF         -102.5000      9972.5000          .          
4 .2 .2        -INF         -102.5000      9972.5000          .          
4 .2 .3        -INF         -102.5000      9972.5000          .          
4 .3 .1        -INF          302.0000      9973.0000          .          
4 .3 .2        -INF          302.0000      9973.0000          .          
4 .3 .3        -INF          302.0000      9973.0000          .          
4 .5 .1        -INF          101.0000      9990.0000          .          
4 .5 .2        -INF          101.0000      9990.0000          .          
4 .5 .3        -INF          101.0000      9990.0000          .          
4 .6 .1        -INF          393.0000      9984.0000          .          
4 .6 .2        -INF          393.0000      9984.0000          .          
4 .6 .3        -INF          393.0000      9984.0000          .          
4 .7 .1        -INF          -94.0000      9982.0000          .          
4 .7 .2        -INF          -94.0000      9982.0000          .          
4 .7 .3        -INF          -94.0000      9982.0000          .          
4 .8 .1        -INF          521.0000      9982.5000          .          
4 .8 .2        -INF          521.0000      9982.5000          .          
4 .8 .3        -INF          521.0000      9982.5000          .          
4 .9 .1        -INF          358.0000      9987.0000          .          
4 .9 .2        -INF          358.0000      9987.0000          .          
4 .9 .3        -INF          358.0000      9987.0000          .          
4 .10.1        -INF         -303.0000      9981.5000          .          
4 .10.2        -INF         -303.0000      9981.5000          .          
4 .10.3        -INF         -303.0000      9981.5000          .          
4 .11.1        -INF          326.0000      9972.0000          .          
4 .11.2        -INF          326.0000      9972.0000          .          
4 .11.3        -INF          326.0000      9972.0000          .          
4 .12.1        -INF          -79.0000      9979.0000          .          
4 .12.2        -INF          -79.0000      9979.0000          .          
4 .12.3        -INF          -79.0000      9979.0000          .          
4 .13.1        -INF          193.0000      9982.5000          .          
4 .13.2        -INF          193.0000      9982.5000          .          
4 .13.3        -INF          193.0000      9982.5000          .          
4 .14.1        -INF          -23.0000      9988.5000          .          
4 .14.2        -INF         9977.0000      9988.5000          .          
4 .14.3        -INF          -23.0000      9988.5000          .          
4 .15.1        -INF          -62.0000      9968.5000          .          
4 .15.2        -INF          -62.0000      9968.5000          .          
4 .15.3        -INF          -62.0000      9968.5000          .          
4 .16.1        -INF          632.0000      9984.0000          .          
4 .16.2        -INF          632.0000      9984.0000          .          
4 .16.3        -INF          632.0000      9984.0000          .          
4 .17.1        -INF          363.0000      9990.0000          .          
4 .17.2        -INF          363.0000      9990.0000          .          
4 .17.3        -INF          363.0000      9990.0000          .          
4 .18.1        -INF          288.0000      9987.5000          .          
4 .18.2        -INF          288.0000      9987.5000          .          
4 .18.3        -INF          288.0000      9987.5000          .          
4 .19.1        -INF          343.0000      9980.0000          .          
4 .19.2        -INF          343.0000      9980.0000          .          
4 .19.3        -INF          343.0000      9980.0000          .          
4 .20.1        -INF          -49.0000      9969.5000          .          
4 .20.2        -INF          -49.0000      9969.5000          .          
4 .20.3        -INF          -49.0000      9969.5000          .          
5 .1 .1        -INF           11.0000      9990.5000          .          
5 .1 .2        -INF           11.0000      9990.5000          .          
5 .1 .3        -INF           11.0000      9990.5000          .          
5 .2 .1        -INF         -203.5000      9991.0000          .          
5 .2 .2        -INF         -203.5000      9991.0000          .          
5 .2 .3        -INF         -203.5000      9991.0000          .          
5 .3 .1        -INF          201.0000      9990.0000          .          
5 .3 .2        -INF          201.0000      9990.0000          .          
5 .3 .3        -INF          201.0000      9990.0000          .          
5 .4 .1        -INF         -101.0000      9991.0000          .          
5 .4 .2        -INF         9899.0000      9991.0000          .          
5 .4 .3        -INF         -101.0000      9991.0000          .          
5 .6 .1        -INF          292.0000      9982.0000          .          
5 .6 .2        -INF          292.0000      9982.0000          .          
5 .6 .3        -INF          292.0000      9982.0000          .          
5 .7 .1        -INF         -195.0000      9977.5000          .          
5 .7 .2        -INF         -195.0000      9977.5000          .          
5 .7 .3        -INF         -195.0000      9977.5000          .          
5 .8 .1        -INF          420.0000      9979.0000          .          
5 .8 .2        -INF          420.0000      9979.0000          .          
5 .8 .3        -INF          420.0000      9979.0000          .          
5 .9 .1        -INF          257.0000      9976.0000          .          
5 .9 .2        -INF          257.0000      9976.0000          .          
5 .9 .3        -INF          257.0000      9976.0000          .          
5 .10.1        -INF         -404.0000      9971.5000          .          
5 .10.2        -INF         -404.0000      9971.5000          .          
5 .10.3        -INF         -404.0000      9971.5000          .          
5 .11.1        -INF          225.0000      9972.0000          .          
5 .11.2        -INF          225.0000      9972.0000          .          
5 .11.3        -INF          225.0000      9972.0000          .          
5 .12.1        -INF         -180.0000      9981.5000          .          
5 .12.2        -INF         -180.0000      9981.5000          .          
5 .12.3        -INF         -180.0000      9981.5000          .          
5 .13.1        -INF           92.0000      9984.5000          .          
5 .13.2        -INF           92.0000      9984.5000          .          
5 .13.3        -INF           92.0000      9984.5000          .          
5 .14.1        -INF         -124.0000      9993.0000          .          
5 .14.2        -INF         -124.0000      9993.0000          .          
5 .14.3        -INF         -124.0000      9993.0000          .          
5 .15.1        -INF         -163.0000      9990.5000          .          
5 .15.2        -INF         -163.0000      9990.5000          .          
5 .15.3        -INF         -163.0000      9990.5000          .          
5 .16.1        -INF          531.0000      9978.0000          .          
5 .16.2        -INF          531.0000      9978.0000          .          
5 .16.3        -INF          531.0000      9978.0000          .          
5 .17.1        -INF          262.0000      9992.0000          .          
5 .17.2        -INF          262.0000      9992.0000          .          
5 .17.3        -INF          262.0000      9992.0000          .          
5 .18.1        -INF          187.0000      9993.0000          .          
5 .18.2        -INF          187.0000      9993.0000          .          
5 .18.3        -INF          187.0000      9993.0000          .          
5 .19.1        -INF          242.0000      9984.5000          .          
5 .19.2        -INF          242.0000      9984.5000          .          
5 .19.3        -INF          242.0000      9984.5000          .          
5 .20.1        -INF         -150.0000      9990.0000          .          
5 .20.2        -INF         -150.0000      9990.0000          .          
5 .20.3        -INF         -150.0000      9990.0000          .          
6 .1 .1        -INF         -281.0000      9966.5000          .          
6 .1 .2        -INF         -281.0000      9966.5000          .          
6 .1 .3        -INF         -281.0000      9966.5000          .          
6 .2 .1        -INF         -495.5000      9964.5000          .          
6 .2 .2        -INF         -495.5000      9964.5000          .          
6 .2 .3        -INF         -495.5000      9964.5000          .          
6 .3 .1        -INF          -91.0000      9972.0000          .          
6 .3 .2        -INF          -91.0000      9972.0000          .          
6 .3 .3        -INF          -91.0000      9972.0000          .          
6 .4 .1        -INF         -393.0000      9976.0000          .          
6 .4 .2        -INF         -393.0000      9976.0000          .          
6 .4 .3        -INF         -393.0000      9976.0000          .          
6 .5 .1        -INF         -292.0000      9973.0000          .          
6 .5 .2        -INF         -292.0000      9973.0000          .          
6 .5 .3        -INF         -292.0000      9973.0000          .          
6 .7 .1        -INF         -487.0000      9966.5000          .          
6 .7 .2        -INF         -487.0000      9966.5000          .          
6 .7 .3        -INF         -487.0000      9966.5000          .          
6 .8 .1        -INF          128.0000      9962.0000          .          
6 .8 .2        -INF          128.0000      9962.0000          .          
6 .8 .3        -INF          128.0000      9962.0000          .          
6 .9 .1        -INF          -35.0000      9980.0000          .          
6 .9 .2        -INF          -35.0000      9980.0000          .          
6 .9 .3        -INF         9965.0000      9980.0000          .          
6 .10.1        -INF         -696.0000      9975.5000          .          
6 .10.2        -INF         -696.0000      9975.5000          .          
6 .10.3        -INF         -696.0000      9975.5000          .          
6 .11.1        -INF          -67.0000      9964.0000          .          
6 .11.2        -INF          -67.0000      9964.0000          .          
6 .11.3        -INF          -67.0000      9964.0000          .          
6 .12.1        -INF         -472.0000      9961.0000          .          
6 .12.2        -INF         -472.0000      9961.0000          .          
6 .12.3        -INF         -472.0000      9961.0000          .          
6 .13.1        -INF         -200.0000      9969.5000          .          
6 .13.2        -INF         -200.0000      9969.5000          .          
6 .13.3        -INF         -200.0000      9969.5000          .          
6 .14.1        -INF         -416.0000      9976.5000          .          
6 .14.2        -INF         -416.0000      9976.5000          .          
6 .14.3        -INF         -416.0000      9976.5000          .          
6 .15.1        -INF         -455.0000      9982.5000          .          
6 .15.2        -INF         -455.0000      9982.5000          .          
6 .15.3        -INF         -455.0000      9982.5000          .          
6 .16.1        -INF          239.0000      9983.5000          .          
6 .16.2        -INF          239.0000      9983.5000          .          
6 .16.3        -INF          239.0000      9983.5000          .          
6 .17.1        -INF          -30.0000      9980.0000          .          
6 .17.2        -INF          -30.0000      9980.0000          .          
6 .17.3        -INF          -30.0000      9980.0000          .          
6 .18.1        -INF         -105.0000      9977.0000          .          
6 .18.2        -INF         -105.0000      9977.0000          .          
6 .18.3        -INF         -105.0000      9977.0000          .          
6 .19.1        -INF          -50.0000      9967.5000          .          
6 .19.2        -INF          -50.0000      9967.5000          .          
6 .19.3        -INF          -50.0000      9967.5000          .          
6 .20.1        -INF         -442.0000      9971.0000          .          
6 .20.2        -INF         -442.0000      9971.0000          .          
6 .20.3        -INF         -442.0000      9971.0000          .          
7 .1 .1        -INF          206.0000      9992.0000          .          
7 .1 .2        -INF          206.0000      9992.0000          .          
7 .1 .3        -INF          206.0000      9992.0000          .          
7 .2 .1        -INF         9991.5000      9991.5000         EPS         
7 .2 .2        -INF           -8.5000      9991.5000          .          
7 .2 .3        -INF           -8.5000      9991.5000          .          
7 .3 .1        -INF          396.0000      9976.0000          .          
7 .3 .2        -INF          396.0000      9976.0000          .          
7 .3 .3        -INF          396.0000      9976.0000          .          
7 .4 .1        -INF           94.0000      9983.0000          .          
7 .4 .2        -INF           94.0000      9983.0000          .          
7 .4 .3        -INF           94.0000      9983.0000          .          
7 .5 .1        -INF          195.0000      9977.5000          .          
7 .5 .2        -INF          195.0000      9977.5000          .          
7 .5 .3        -INF          195.0000      9977.5000          .          
7 .6 .1        -INF          487.0000      9975.5000          .          
7 .6 .2        -INF          487.0000      9975.5000          .          
7 .6 .3        -INF          487.0000      9975.5000          .          
7 .8 .1        -INF          615.0000      9984.5000          .          
7 .8 .2        -INF          615.0000      9984.5000          .          
7 .8 .3        -INF          615.0000      9984.5000          .          
7 .9 .1        -INF          452.0000      9979.0000          .          
7 .9 .2        -INF          452.0000      9979.0000          .          
7 .9 .3        -INF          452.0000      9979.0000          .          
7 .10.1        -INF         -209.0000      9987.0000          .          
7 .10.2        -INF         -209.0000      9987.0000          .          
7 .10.3        -INF         -209.0000      9987.0000          .          
7 .11.1        -INF          420.0000      9973.0000          .          
7 .11.2        -INF          420.0000      9973.0000          .          
7 .11.3        -INF          420.0000      9973.0000          .          
7 .12.1        -INF           15.0000      9982.5000          .          
7 .12.2        -INF           15.0000      9982.5000          .          
7 .12.3        -INF           15.0000      9982.5000          .          
7 .13.1        -INF          287.0000      9969.5000          .          
7 .13.2        -INF          287.0000      9969.5000          .          
7 .13.3        -INF          287.0000      9969.5000          .          
7 .14.1        -INF           71.0000      9975.0000          .          
7 .14.2        -INF           71.0000      9975.0000          .          
7 .14.3        -INF           71.0000      9975.0000          .          
7 .15.1        -INF           32.0000      9992.5000          .          
7 .15.2        -INF           32.0000      9992.5000          .          
7 .15.3        -INF           32.0000      9992.5000          .          
7 .16.1        -INF          726.0000      9975.0000          .          
7 .16.2        -INF          726.0000      9975.0000          .          
7 .16.3        -INF          726.0000      9975.0000          .          
7 .17.1        -INF          457.0000      9981.5000          .          
7 .17.2        -INF          457.0000      9981.5000          .          
7 .17.3        -INF          457.0000      9981.5000          .          
7 .18.1        -INF          382.0000      9990.0000          .          
7 .18.2        -INF          382.0000      9990.0000          .          
7 .18.3        -INF          382.0000      9990.0000          .          
7 .19.1        -INF          437.0000      9985.0000          .          
7 .19.2        -INF          437.0000      9985.0000          .          
7 .19.3        -INF          437.0000      9985.0000          .          
7 .20.1        -INF           45.0000      9991.5000          .          
7 .20.2        -INF           45.0000      9991.5000          .          
7 .20.3        -INF           45.0000      9991.5000          .          
8 .1 .1        -INF         -409.0000      9979.0000          .          
8 .1 .2        -INF         -409.0000      9979.0000          .          
8 .1 .3        -INF         -409.0000      9979.0000          .          
8 .2 .1        -INF         -623.5000      9972.5000          .          
8 .2 .2        -INF         -623.5000      9972.5000          .          
8 .2 .3        -INF         -623.5000      9972.5000          .          
8 .3 .1        -INF         -219.0000      9973.0000          .          
8 .3 .2        -INF         -219.0000      9973.0000          .          
8 .3 .3        -INF         -219.0000      9973.0000          .          
8 .4 .1        -INF         -521.0000      9981.5000          .          
8 .4 .2        -INF         -521.0000      9981.5000          .          
8 .4 .3        -INF         -521.0000      9981.5000          .          
8 .5 .1        -INF         -420.0000      9977.0000          .          
8 .5 .2        -INF         -420.0000      9977.0000          .          
8 .5 .3        -INF         -420.0000      9977.0000          .          
8 .6 .1        -INF         -128.0000      9969.0000          .          
8 .6 .2        -INF         -128.0000      9969.0000          .          
8 .6 .3        -INF         -128.0000      9969.0000          .          
8 .7 .1        -INF         -615.0000      9982.5000          .          
8 .7 .2        -INF         -615.0000      9982.5000          .          
8 .7 .3        -INF         -615.0000      9982.5000          .          
8 .9 .1        -INF         -163.0000      9975.5000          .          
8 .9 .2        -INF         -163.0000      9975.5000          .          
8 .9 .3        -INF         -163.0000      9975.5000          .          
8 .10.1        -INF         -824.0000      9978.5000          .          
8 .10.2        -INF         -824.0000      9978.5000          .          
8 .10.3        -INF         -824.0000      9978.5000          .          
8 .11.1        -INF         -195.0000      9973.5000          .          
8 .11.2        -INF         -195.0000      9973.5000          .          
8 .11.3        -INF         -195.0000      9973.5000          .          
8 .12.1        -INF         -600.0000      9985.5000          .          
8 .12.2        -INF         -600.0000      9985.5000          .          
8 .12.3        -INF         -600.0000      9985.5000          .          
8 .13.1        -INF         9672.0000      9992.0000          .          
8 .13.2        -INF         -328.0000      9992.0000          .          
8 .13.3        -INF         -328.0000      9992.0000          .          
8 .14.1        -INF         -544.0000      9970.5000          .          
8 .14.2        -INF         -544.0000      9970.5000          .          
8 .14.3        -INF         -544.0000      9970.5000          .          
8 .15.1        -INF         -583.0000      9973.0000          .          
8 .15.2        -INF         -583.0000      9973.0000          .          
8 .15.3        -INF         -583.0000      9973.0000          .          
8 .16.1        -INF          111.0000      9968.5000          .          
8 .16.2        -INF          111.0000      9968.5000          .          
8 .16.3        -INF          111.0000      9968.5000          .          
8 .17.1        -INF         -158.0000      9990.5000          .          
8 .17.2        -INF         -158.0000      9990.5000          .          
8 .17.3        -INF         -158.0000      9990.5000          .          
8 .18.1        -INF         -233.0000      9974.0000          .          
8 .18.2        -INF         -233.0000      9974.0000          .          
8 .18.3        -INF         -233.0000      9974.0000          .          
8 .19.1        -INF         -178.0000      9976.5000          .          
8 .19.2        -INF         -178.0000      9976.5000          .          
8 .19.3        -INF         -178.0000      9976.5000          .          
8 .20.1        -INF         -570.0000      9978.0000          .          
8 .20.2        -INF         -570.0000      9978.0000          .          
8 .20.3        -INF         -570.0000      9978.0000          .          
9 .1 .1        -INF         -246.0000      9969.5000          .          
9 .1 .2        -INF         -246.0000      9969.5000          .          
9 .1 .3        -INF         -246.0000      9969.5000          .          
9 .2 .1        -INF         -460.5000      9966.5000          .          
9 .2 .2        -INF         -460.5000      9966.5000          .          
9 .2 .3        -INF         -460.5000      9966.5000          .          
9 .3 .1        -INF          -56.0000      9975.0000          .          
9 .3 .2        -INF          -56.0000      9975.0000          .          
9 .3 .3        -INF          -56.0000      9975.0000          .          
9 .4 .1        -INF         -358.0000      9981.0000          .          
9 .4 .2        -INF         -358.0000      9981.0000          .          
9 .4 .3        -INF         -358.0000      9981.0000          .          
9 .5 .1        -INF         -257.0000      9969.0000          .          
9 .5 .2        -INF         -257.0000      9969.0000          .          
9 .5 .3        -INF         -257.0000      9969.0000          .          
9 .6 .1        -INF           35.0000      9982.0000          .          
9 .6 .2        -INF           35.0000      9982.0000          .          
9 .6 .3        -INF           35.0000      9982.0000          .          
9 .7 .1        -INF         -452.0000      9972.0000          .          
9 .7 .2        -INF         -452.0000      9972.0000          .          
9 .7 .3        -INF         -452.0000      9972.0000          .          
9 .8 .1        -INF          163.0000      9970.5000          .          
9 .8 .2        -INF          163.0000      9970.5000          .          
9 .8 .3        -INF          163.0000      9970.5000          .          
9 .10.1        -INF         -661.0000      9968.0000          .          
9 .10.2        -INF         -661.0000      9968.0000          .          
9 .10.3        -INF         -661.0000      9968.0000          .          
9 .11.1        -INF          -32.0000      9970.0000          .          
9 .11.2        -INF          -32.0000      9970.0000          .          
9 .11.3        -INF          -32.0000      9970.0000          .          
9 .12.1        -INF         -437.0000      9975.5000          .          
9 .12.2        -INF         -437.0000      9975.5000          .          
9 .12.3        -INF         -437.0000      9975.5000          .          
9 .13.1        -INF         -165.0000      9985.5000          .          
9 .13.2        -INF         -165.0000      9985.5000          .          
9 .13.3        -INF         -165.0000      9985.5000          .          
9 .14.1        -INF         -381.0000      9985.5000          .          
9 .14.2        -INF         -381.0000      9985.5000          .          
9 .14.3        -INF         -381.0000      9985.5000          .          
9 .15.1        -INF         -420.0000      9972.0000          .          
9 .15.2        -INF         -420.0000      9972.0000          .          
9 .15.3        -INF         -420.0000      9972.0000          .          
9 .16.1        -INF          274.0000      9970.5000          .          
9 .16.2        -INF          274.0000      9970.5000          .          
9 .16.3        -INF          274.0000      9970.5000          .          
9 .17.1        -INF            5.0000      9964.5000          .          
9 .17.2        -INF            5.0000      9964.5000          .          
9 .17.3        -INF            5.0000      9964.5000          .          
9 .18.1        -INF          -70.0000      9962.0000          .          
9 .18.2        -INF          -70.0000      9962.0000          .          
9 .18.3        -INF          -70.0000      9962.0000          .          
9 .19.1        -INF          -15.0000      9985.0000          .          
9 .19.2        -INF          -15.0000      9985.0000          .          
9 .19.3        -INF         9985.0000      9985.0000          .          
9 .20.1        -INF         -407.0000      9964.0000          .          
9 .20.2        -INF         -407.0000      9964.0000          .          
9 .20.3        -INF         -407.0000      9964.0000          .          
10.1 .1        -INF          415.0000      9970.0000          .          
10.1 .2        -INF          415.0000      9970.0000          .          
10.1 .3        -INF          415.0000      9970.0000          .          
10.2 .1        -INF          200.5000      9985.5000          .          
10.2 .2        -INF          200.5000      9985.5000          .          
10.2 .3        -INF          200.5000      9985.5000          .          
10.3 .1        -INF          605.0000      9985.5000          .          
10.3 .2        -INF          605.0000      9985.5000          .          
10.3 .3        -INF          605.0000      9985.5000          .          
10.4 .1        -INF          303.0000      9975.5000          .          
10.4 .2        -INF          303.0000      9975.5000          .          
10.4 .3        -INF          303.0000      9975.5000          .          
10.5 .1        -INF          404.0000      9964.5000          .          
10.5 .2        -INF          404.0000      9964.5000          .          
10.5 .3        -INF          404.0000      9964.5000          .          
10.6 .1        -INF          696.0000      9977.5000          .          
10.6 .2        -INF          696.0000      9977.5000          .          
10.6 .3        -INF          696.0000      9977.5000          .          
10.7 .1        -INF          209.0000      9980.0000          .          
10.7 .2        -INF          209.0000      9980.0000          .          
10.7 .3        -INF          209.0000      9980.0000          .          
10.8 .1        -INF          824.0000      9973.5000          .          
10.8 .2        -INF          824.0000      9973.5000          .          
10.8 .3        -INF          824.0000      9973.5000          .          
10.9 .1        -INF          661.0000      9968.0000          .          
10.9 .2        -INF          661.0000      9968.0000          .          
10.9 .3        -INF          661.0000      9968.0000          .          
10.11.1        -INF          629.0000      9982.0000          .          
10.11.2        -INF          629.0000      9982.0000          .          
10.11.3        -INF          629.0000      9982.0000          .          
10.12.1        -INF          224.0000      9967.5000          .          
10.12.2        -INF          224.0000      9967.5000          .          
10.12.3        -INF          224.0000      9967.5000          .          
10.13.1        -INF          496.0000      9980.5000          .          
10.13.2        -INF          496.0000      9980.5000          .          
10.13.3        -INF          496.0000      9980.5000          .          
10.14.1        -INF          280.0000      9964.0000          .          
10.14.2        -INF          280.0000      9964.0000          .          
10.14.3        -INF          280.0000      9964.0000          .          
10.15.1        -INF          241.0000      9969.0000          .          
10.15.2        -INF          241.0000      9969.0000          .          
10.15.3        -INF          241.0000      9969.0000          .          
10.16.1        -INF          935.0000      9985.0000          .          
10.16.2        -INF          935.0000      9985.0000          .          
10.16.3        -INF          935.0000      9985.0000          .          
10.17.1        -INF          666.0000      9974.0000          .          
10.17.2        -INF          666.0000      9974.0000          .          
10.17.3        -INF          666.0000      9974.0000          .          
10.18.1        -INF          591.0000      9978.5000          .          
10.18.2        -INF          591.0000      9978.5000          .          
10.18.3        -INF          591.0000      9978.5000          .          
10.19.1        -INF          646.0000      9966.5000          .          
10.19.2        -INF          646.0000      9966.5000          .          
10.19.3        -INF          646.0000      9966.5000          .          
10.20.1        -INF          254.0000      9987.0000          .          
10.20.2        -INF          254.0000      9987.0000          .          
10.20.3        -INF          254.0000      9987.0000          .          
11.1 .1        -INF         -214.0000      9985.5000          .          
11.1 .2        -INF         -214.0000      9985.5000          .          
11.1 .3        -INF         9786.0000      9985.5000          .          
11.2 .1        -INF         -428.5000      9964.0000          .          
11.2 .2        -INF         -428.5000      9964.0000          .          
11.2 .3        -INF         -428.5000      9964.0000          .          
11.3 .1        -INF          -24.0000      9968.5000          .          
11.3 .2        -INF          -24.0000      9968.5000          .          
11.3 .3        -INF          -24.0000      9968.5000          .          
11.4 .1        -INF         -326.0000      9967.0000          .          
11.4 .2        -INF         -326.0000      9967.0000          .          
11.4 .3        -INF         -326.0000      9967.0000          .          
11.5 .1        -INF         -225.0000      9966.0000          .          
11.5 .2        -INF         -225.0000      9966.0000          .          
11.5 .3        -INF         -225.0000      9966.0000          .          
11.6 .1        -INF           67.0000      9967.0000          .          
11.6 .2        -INF           67.0000      9967.0000          .          
11.6 .3        -INF           67.0000      9967.0000          .          
11.7 .1        -INF         -420.0000      9967.0000          .          
11.7 .2        -INF         -420.0000      9967.0000          .          
11.7 .3        -INF         -420.0000      9967.0000          .          
11.8 .1        -INF          195.0000      9969.5000          .          
11.8 .2        -INF          195.0000      9969.5000          .          
11.8 .3        -INF          195.0000      9969.5000          .          
11.9 .1        -INF           32.0000      9971.0000          .          
11.9 .2        -INF           32.0000      9971.0000          .          
11.9 .3        -INF           32.0000      9971.0000          .          
11.10.1        -INF         -629.0000      9983.0000          .          
11.10.2        -INF         -629.0000      9983.0000          .          
11.10.3        -INF         -629.0000      9983.0000          .          
11.12.1        -INF         -405.0000      9963.5000          .          
11.12.2        -INF         -405.0000      9963.5000          .          
11.12.3        -INF         -405.0000      9963.5000          .          
11.13.1        -INF         -133.0000      9968.5000          .          
11.13.2        -INF         -133.0000      9968.5000          .          
11.13.3        -INF         -133.0000      9968.5000          .          
11.14.1        -INF         -349.0000      9985.5000          .          
11.14.2        -INF         -349.0000      9985.5000          .          
11.14.3        -INF         -349.0000      9985.5000          .          
11.15.1        -INF         -388.0000      9971.0000          .          
11.15.2        -INF         -388.0000      9971.0000          .          
11.15.3        -INF         -388.0000      9971.0000          .          
11.16.1        -INF          306.0000      9979.5000          .          
11.16.2        -INF          306.0000      9979.5000          .          
11.16.3        -INF          306.0000      9979.5000          .          
11.17.1        -INF           37.0000      9976.0000          .          
11.17.2        -INF           37.0000      9976.0000          .          
11.17.3        -INF           37.0000      9976.0000          .          
11.18.1        -INF          -38.0000      9971.0000          .          
11.18.2        -INF          -38.0000      9971.0000          .          
11.18.3        -INF          -38.0000      9971.0000          .          
11.19.1        -INF           17.0000      9982.0000          .          
11.19.2        -INF           17.0000      9982.0000          .          
11.19.3        -INF           17.0000      9982.0000          .          
11.20.1        -INF         -375.0000      9985.5000          .          
11.20.2        -INF         -375.0000      9985.5000          .          
11.20.3        -INF         -375.0000      9985.5000          .          
12.1 .1        -INF          191.0000      9980.0000          .          
12.1 .2        -INF          191.0000      9980.0000          .          
12.1 .3        -INF          191.0000      9980.0000          .          
12.2 .1        -INF          -23.5000      9972.0000          .          
12.2 .2        -INF          -23.5000      9972.0000          .          
12.2 .3        -INF          -23.5000      9972.0000          .          
12.3 .1        -INF          381.0000      9970.0000          .          
12.3 .2        -INF          381.0000      9970.0000          .          
12.3 .3        -INF          381.0000      9970.0000          .          
12.4 .1        -INF           79.0000      9971.0000          .          
12.4 .2        -INF           79.0000      9971.0000          .          
12.4 .3        -INF           79.0000      9971.0000          .          
12.5 .1        -INF          180.0000      9972.5000          .          
12.5 .2        -INF          180.0000      9972.5000          .          
12.5 .3        -INF          180.0000      9972.5000          .          
12.6 .1        -INF          472.0000      9961.0000          .          
12.6 .2        -INF          472.0000      9961.0000          .          
12.6 .3        -INF          472.0000      9961.0000          .          
12.7 .1        -INF          -15.0000      9973.5000          .          
12.7 .2        -INF          -15.0000      9973.5000          .          
12.7 .3        -INF          -15.0000      9973.5000          .          
12.8 .1        -INF          600.0000      9978.5000          .          
12.8 .2        -INF          600.0000      9978.5000          .          
12.8 .3        -INF          600.0000      9978.5000          .          
12.9 .1        -INF          437.0000      9973.5000          .          
12.9 .2        -INF          437.0000      9973.5000          .          
12.9 .3        -INF          437.0000      9973.5000          .          
12.10.1        -INF         -224.0000      9965.5000          .          
12.10.2        -INF         -224.0000      9965.5000          .          
12.10.3        -INF         -224.0000      9965.5000          .          
12.11.1        -INF          405.0000      9960.5000          .          
12.11.2        -INF          405.0000      9960.5000          .          
12.11.3        -INF          405.0000      9960.5000          .          
12.13.1        -INF          272.0000      9964.0000          .          
12.13.2        -INF          272.0000      9964.0000          .          
12.13.3        -INF          272.0000      9964.0000          .          
12.14.1        -INF           56.0000      9975.0000          .          
12.14.2        -INF           56.0000      9975.0000          .          
12.14.3        -INF           56.0000      9975.0000          .          
12.15.1        -INF           17.0000      9980.5000          .          
12.15.2        -INF           17.0000      9980.5000          .          
12.15.3        -INF           17.0000      9980.5000          .          
12.16.1        -INF          711.0000      9969.0000          .          
12.16.2        -INF          711.0000      9969.0000          .          
12.16.3        -INF          711.0000      9969.0000          .          
12.17.1        -INF          442.0000      9969.5000          .          
12.17.2        -INF          442.0000      9969.5000          .          
12.17.3        -INF          442.0000      9969.5000          .          
12.18.1        -INF          367.0000      9962.0000          .          
12.18.2        -INF          367.0000      9962.0000          .          
12.18.3        -INF          367.0000      9962.0000          .          
12.19.1        -INF          422.0000      9972.5000          .          
12.19.2        -INF          422.0000      9972.5000          .          
12.19.3        -INF          422.0000      9972.5000          .          
12.20.1        -INF           30.0000      9979.5000          .          
12.20.2        -INF           30.0000      9979.5000          .          
12.20.3        -INF           30.0000      9979.5000          .          
13.1 .1        -INF          -81.0000      9978.0000          .          
13.1 .2        -INF          -81.0000      9978.0000          .          
13.1 .3        -INF          -81.0000      9978.0000          .          
13.2 .1        -INF         -295.5000      9965.0000          .          
13.2 .2        -INF         -295.5000      9965.0000          .          
13.2 .3        -INF         -295.5000      9965.0000          .          
13.3 .1        -INF          109.0000      9977.0000          .          
13.3 .2        -INF          109.0000      9977.0000          .          
13.3 .3        -INF          109.0000      9977.0000          .          
13.4 .1        -INF         -193.0000      9974.5000          .          
13.4 .2        -INF         -193.0000      9974.5000          .          
13.4 .3        -INF         -193.0000      9974.5000          .          
13.5 .1        -INF          -92.0000      9975.5000          .          
13.5 .2        -INF          -92.0000      9975.5000          .          
13.5 .3        -INF          -92.0000      9975.5000          .          
13.6 .1        -INF          200.0000      9969.5000          .          
13.6 .2        -INF          200.0000      9969.5000          .          
13.6 .3        -INF          200.0000      9969.5000          .          
13.7 .1        -INF         -287.0000      9960.5000          .          
13.7 .2        -INF         -287.0000      9960.5000          .          
13.7 .3        -INF         -287.0000      9960.5000          .          
13.8 .1        -INF          328.0000      9985.0000          .          
13.8 .2        -INF          328.0000      9985.0000          .          
13.8 .3        -INF          328.0000      9985.0000          .          
13.9 .1        -INF          165.0000      9983.5000          .          
13.9 .2        -INF          165.0000      9983.5000          .          
13.9 .3        -INF          165.0000      9983.5000          .          
13.10.1        -INF         -496.0000      9978.5000          .          
13.10.2        -INF         -496.0000      9978.5000          .          
13.10.3        -INF         -496.0000      9978.5000          .          
13.11.1        -INF          133.0000      9965.5000          .          
13.11.2        -INF          133.0000      9965.5000          .          
13.11.3        -INF          133.0000      9965.5000          .          
13.12.1        -INF         -272.0000      9964.0000          .          
13.12.2        -INF         -272.0000      9964.0000          .          
13.12.3        -INF         -272.0000      9964.0000          .          
13.14.1        -INF         -216.0000      9975.0000          .          
13.14.2        -INF         -216.0000      9975.0000          .          
13.14.3        -INF         -216.0000      9975.0000          .          
13.15.1        -INF         9745.0000      9985.0000          .          
13.15.2        -INF         -255.0000      9985.0000          .          
13.15.3        -INF         -255.0000      9985.0000          .          
13.16.1        -INF          439.0000      9967.0000          .          
13.16.2        -INF          439.0000      9967.0000          .          
13.16.3        -INF          439.0000      9967.0000          .          
13.17.1        -INF          170.0000      9978.5000          .          
13.17.2        -INF          170.0000      9978.5000          .          
13.17.3        -INF          170.0000      9978.5000          .          
13.18.1        -INF           95.0000      9967.5000          .          
13.18.2        -INF           95.0000      9967.5000          .          
13.18.3        -INF           95.0000      9967.5000          .          
13.19.1        -INF          150.0000      9970.5000          .          
13.19.2        -INF          150.0000      9970.5000          .          
13.19.3        -INF          150.0000      9970.5000          .          
13.20.1        -INF         -242.0000      9977.5000          .          
13.20.2        -INF         -242.0000      9977.5000          .          
13.20.3        -INF         -242.0000      9977.5000          .          
14.1 .1        -INF          135.0000      9986.0000          .          
14.1 .2        -INF          135.0000      9986.0000          .          
14.1 .3        -INF          135.0000      9986.0000          .          
14.2 .1        -INF          -79.5000      9975.0000          .          
14.2 .2        -INF          -79.5000      9975.0000          .          
14.2 .3        -INF          -79.5000      9975.0000          .          
14.3 .1        -INF          325.0000      9991.0000          .          
14.3 .2        -INF          325.0000      9991.0000          .          
14.3 .3        -INF          325.0000      9991.0000          .          
14.4 .1        -INF           23.0000      9989.5000          .          
14.4 .2        -INF           23.0000      9989.5000          .          
14.4 .3        -INF           23.0000      9989.5000          .          
14.5 .1        -INF          124.0000      9993.0000          .          
14.5 .2        -INF          124.0000      9993.0000          .          
14.5 .3        -INF          124.0000      9993.0000          .          
14.6 .1        -INF          416.0000      9985.5000          .          
14.6 .2        -INF          416.0000      9985.5000          .          
14.6 .3        -INF          416.0000      9985.5000          .          
14.7 .1        -INF          -71.0000      9975.0000          .          
14.7 .2        -INF          -71.0000      9975.0000          .          
14.7 .3        -INF          -71.0000      9975.0000          .          
14.8 .1        -INF          544.0000      9972.5000          .          
14.8 .2        -INF          544.0000      9972.5000          .          
14.8 .3        -INF          544.0000      9972.5000          .          
14.9 .1        -INF          381.0000      9992.5000          .          
14.9 .2        -INF          381.0000      9992.5000          .          
14.9 .3        -INF          381.0000      9992.5000          .          
14.10.1        -INF         -280.0000      9971.0000          .          
14.10.2        -INF         -280.0000      9971.0000          .          
14.10.3        -INF         -280.0000      9971.0000          .          
14.11.1        -INF          349.0000      9991.5000          .          
14.11.2        -INF          349.0000      9991.5000          .          
14.11.3        -INF          349.0000      9991.5000          .          
14.12.1        -INF          -56.0000      9984.0000          .          
14.12.2        -INF          -56.0000      9984.0000          .          
14.12.3        -INF          -56.0000      9984.0000          .          
14.13.1        -INF          216.0000      9984.0000          .          
14.13.2        -INF          216.0000      9984.0000          .          
14.13.3        -INF          216.0000      9984.0000          .          
14.15.1        -INF          -39.0000      9984.0000          .          
14.15.2        -INF          -39.0000      9984.0000          .          
14.15.3        -INF          -39.0000      9984.0000          .          
14.16.1        -INF          655.0000      9993.5000          .          
14.16.2        -INF          655.0000      9993.5000          .          
14.16.3        -INF          655.0000      9993.5000          .          
14.17.1        -INF          386.0000      9991.0000          .          
14.17.2        -INF          386.0000      9991.0000          .          
14.17.3        -INF          386.0000      9991.0000          .          
14.18.1        -INF          311.0000      9987.0000          .          
14.18.2        -INF          311.0000      9987.0000          .          
14.18.3        -INF          311.0000      9987.0000          .          
14.19.1        -INF          366.0000      9987.5000          .          
14.19.2        -INF          366.0000      9987.5000          .          
14.19.3        -INF          366.0000      9987.5000          .          
14.20.1        -INF          -26.0000      9990.5000          .          
14.20.2        -INF         9974.0000      9990.5000          .          
14.20.3        -INF          -26.0000      9990.5000          .          
15.1 .1        -INF          174.0000      9984.0000          .          
15.1 .2        -INF          174.0000      9984.0000          .          
15.1 .3        -INF          174.0000      9984.0000          .          
15.2 .1        -INF          -40.5000      9972.0000          .          
15.2 .2        -INF          -40.5000      9972.0000          .          
15.2 .3        -INF          -40.5000      9972.0000          .          
15.3 .1        -INF          364.0000      9973.0000          .          
15.3 .2        -INF          364.0000      9973.0000          .          
15.3 .3        -INF          364.0000      9973.0000          .          
15.4 .1        -INF           62.0000      9962.5000          .          
15.4 .2        -INF           62.0000      9962.5000          .          
15.4 .3        -INF           62.0000      9962.5000          .          
15.5 .1        -INF          163.0000      9983.5000          .          
15.5 .2        -INF          163.0000      9983.5000          .          
15.5 .3        -INF          163.0000      9983.5000          .          
15.6 .1        -INF          455.0000      9984.5000          .          
15.6 .2        -INF          455.0000      9984.5000          .          
15.6 .3        -INF          455.0000      9984.5000          .          
15.7 .1        -INF         9968.0000      9985.5000          .          
15.7 .2        -INF          -32.0000      9985.5000          .          
15.7 .3        -INF          -32.0000      9985.5000          .          
15.8 .1        -INF          583.0000      9968.0000          .          
15.8 .2        -INF          583.0000      9968.0000          .          
15.8 .3        -INF          583.0000      9968.0000          .          
15.9 .1        -INF          420.0000      9972.0000          .          
15.9 .2        -INF          420.0000      9972.0000          .          
15.9 .3        -INF          420.0000      9972.0000          .          
15.10.1        -INF         -241.0000      9969.0000          .          
15.10.2        -INF         -241.0000      9969.0000          .          
15.10.3        -INF         -241.0000      9969.0000          .          
15.11.1        -INF          388.0000      9970.0000          .          
15.11.2        -INF          388.0000      9970.0000          .          
15.11.3        -INF          388.0000      9970.0000          .          
15.12.1        -INF          -17.0000      9982.5000          .          
15.12.2        -INF          -17.0000      9982.5000          .          
15.12.3        -INF          -17.0000      9982.5000          .          
15.13.1        -INF          255.0000      9987.0000          .          
15.13.2        -INF          255.0000      9987.0000          .          
15.13.3        -INF          255.0000      9987.0000          .          
15.14.1        -INF           39.0000      9977.0000          .          
15.14.2        -INF           39.0000      9977.0000          .          
15.14.3        -INF           39.0000      9977.0000          .          
15.16.1        -INF          694.0000      9965.5000          .          
15.16.2        -INF          694.0000      9965.5000          .          
15.16.3        -INF          694.0000      9965.5000          .          
15.17.1        -INF          425.0000      9980.0000          .          
15.17.2        -INF          425.0000      9980.0000          .          
15.17.3        -INF          425.0000      9980.0000          .          
15.18.1        -INF          350.0000      9980.0000          .          
15.18.2        -INF          350.0000      9980.0000          .          
15.18.3        -INF          350.0000      9980.0000          .          
15.19.1        -INF          405.0000      9965.5000          .          
15.19.2        -INF          405.0000      9965.5000          .          
15.19.3        -INF          405.0000      9965.5000          .          
15.20.1        -INF           13.0000      9970.5000          .          
15.20.2        -INF           13.0000      9970.5000          .          
15.20.3        -INF           13.0000      9970.5000          .          
16.1 .1        -INF         -520.0000      9970.5000          .          
16.1 .2        -INF         -520.0000      9970.5000          .          
16.1 .3        -INF         -520.0000      9970.5000          .          
16.2 .1        -INF         -734.5000      9991.5000          .          
16.2 .2        -INF         -734.5000      9991.5000          .          
16.2 .3        -INF         -734.5000      9991.5000          .          
16.3 .1        -INF         -330.0000      9971.5000          .          
16.3 .2        -INF         -330.0000      9971.5000          .          
16.3 .3        -INF         -330.0000      9971.5000          .          
16.4 .1        -INF         -632.0000      9983.0000          .          
16.4 .2        -INF         -632.0000      9983.0000          .          
16.4 .3        -INF         -632.0000      9983.0000          .          
16.5 .1        -INF         -531.0000      9976.0000          .          
16.5 .2        -INF         -531.0000      9976.0000          .          
16.5 .3        -INF         -531.0000      9976.0000          .          
16.6 .1        -INF         -239.0000      9990.5000          .          
16.6 .2        -INF         -239.0000      9990.5000          .          
16.6 .3        -INF         9761.0000      9990.5000          .          
16.7 .1        -INF         -726.0000      9973.0000          .          
16.7 .2        -INF         -726.0000      9973.0000          .          
16.7 .3        -INF         -726.0000      9973.0000          .          
16.8 .1        -INF         -111.0000      9968.5000          .          
16.8 .2        -INF         -111.0000      9968.5000          .          
16.8 .3        -INF         -111.0000      9968.5000          .          
16.9 .1        -INF         -274.0000      9975.5000          .          
16.9 .2        -INF         -274.0000      9975.5000          .          
16.9 .3        -INF         -274.0000      9975.5000          .          
16.10.1        -INF         -935.0000      9990.0000          .          
16.10.2        -INF         -935.0000      9990.0000          .          
16.10.3        -INF         -935.0000      9990.0000          .          
16.11.1        -INF         -306.0000      9983.5000          .          
16.11.2        -INF         -306.0000      9983.5000          .          
16.11.3        -INF         -306.0000      9983.5000          .          
16.12.1        -INF         -711.0000      9976.0000          .          
16.12.2        -INF         -711.0000      9976.0000          .          
16.12.3        -INF         -711.0000      9976.0000          .          
16.13.1        -INF         -439.0000      9974.0000          .          
16.13.2        -INF         -439.0000      9974.0000          .          
16.13.3        -INF         -439.0000      9974.0000          .          
16.14.1        -INF         -655.0000      9991.5000          .          
16.14.2        -INF         -655.0000      9991.5000          .          
16.14.3        -INF         -655.0000      9991.5000          .          
16.15.1        -INF         -694.0000      9970.5000          .          
16.15.2        -INF         -694.0000      9970.5000          .          
16.15.3        -INF         -694.0000      9970.5000          .          
16.17.1        -INF         -269.0000      9978.0000          .          
16.17.2        -INF         -269.0000      9978.0000          .          
16.17.3        -INF         -269.0000      9978.0000          .          
16.18.1        -INF         -344.0000      9991.0000          .          
16.18.2        -INF         -344.0000      9991.0000          .          
16.18.3        -INF         -344.0000      9991.0000          .          
16.19.1        -INF         -289.0000      9968.0000          .          
16.19.2        -INF         -289.0000      9968.0000          .          
16.19.3        -INF         -289.0000      9968.0000          .          
16.20.1        -INF         -681.0000      9990.5000          .          
16.20.2        -INF         -681.0000      9990.5000          .          
16.20.3        -INF         -681.0000      9990.5000          .          
17.1 .1        -INF         -251.0000      9974.5000          .          
17.1 .2        -INF         -251.0000      9974.5000          .          
17.1 .3        -INF         -251.0000      9974.5000          .          
17.2 .1        -INF         -465.5000      9974.5000          .          
17.2 .2        -INF         -465.5000      9974.5000          .          
17.2 .3        -INF         -465.5000      9974.5000          .          
17.3 .1        -INF          -61.0000      9988.0000          .          
17.3 .2        -INF         9939.0000      9988.0000          .          
17.3 .3        -INF          -61.0000      9988.0000          .          
17.4 .1        -INF         -363.0000      9985.0000          .          
17.4 .2        -INF         -363.0000      9985.0000          .          
17.4 .3        -INF         -363.0000      9985.0000          .          
17.5 .1        -INF         -262.0000      9986.0000          .          
17.5 .2        -INF         -262.0000      9986.0000          .          
17.5 .3        -INF         -262.0000      9986.0000          .          
17.6 .1        -INF           30.0000      9983.0000          .          
17.6 .2        -INF           30.0000      9983.0000          .          
17.6 .3        -INF           30.0000      9983.0000          .          
17.7 .1        -INF         -457.0000      9975.5000          .          
17.7 .2        -INF         -457.0000      9975.5000          .          
17.7 .3        -INF         -457.0000      9975.5000          .          
17.8 .1        -INF          158.0000      9986.5000          .          
17.8 .2        -INF          158.0000      9986.5000          .          
17.8 .3        -INF          158.0000      9986.5000          .          
17.9 .1        -INF           -5.0000      9965.5000          .          
17.9 .2        -INF           -5.0000      9965.5000          .          
17.9 .3        -INF           -5.0000      9965.5000          .          
17.10.1        -INF         -666.0000      9975.0000          .          
17.10.2        -INF         -666.0000      9975.0000          .          
17.10.3        -INF         -666.0000      9975.0000          .          
17.11.1        -INF          -37.0000      9976.0000          .          
17.11.2        -INF          -37.0000      9976.0000          .          
17.11.3        -INF          -37.0000      9976.0000          .          
17.12.1        -INF         -442.0000      9972.5000          .          
17.12.2        -INF         -442.0000      9972.5000          .          
17.12.3        -INF         -442.0000      9972.5000          .          
17.13.1        -INF         -170.0000      9981.5000          .          
17.13.2        -INF         -170.0000      9981.5000          .          
17.13.3        -INF         -170.0000      9981.5000          .          
17.14.1        -INF         -386.0000      9985.0000          .          
17.14.2        -INF         -386.0000      9985.0000          .          
17.14.3        -INF         -386.0000      9985.0000          .          
17.15.1        -INF         -425.0000      9981.0000          .          
17.15.2        -INF         -425.0000      9981.0000          .          
17.15.3        -INF         -425.0000      9981.0000          .          
17.16.1        -INF          269.0000      9974.0000          .          
17.16.2        -INF          269.0000      9974.0000          .          
17.16.3        -INF          269.0000      9974.0000          .          
17.18.1        -INF          -75.0000      9969.5000          .          
17.18.2        -INF          -75.0000      9969.5000          .          
17.18.3        -INF          -75.0000      9969.5000          .          
17.19.1        -INF          -20.0000      9974.5000          .          
17.19.2        -INF          -20.0000      9974.5000          .          
17.19.3        -INF          -20.0000      9974.5000          .          
17.20.1        -INF         -412.0000      9981.0000          .          
17.20.2        -INF         -412.0000      9981.0000          .          
17.20.3        -INF         -412.0000      9981.0000          .          
18.1 .1        -INF         -176.0000      9970.5000          .          
18.1 .2        -INF         -176.0000      9970.5000          .          
18.1 .3        -INF         -176.0000      9970.5000          .          
18.2 .1        -INF         -390.5000      9979.0000          .          
18.2 .2        -INF         -390.5000      9979.0000          .          
18.2 .3        -INF         -390.5000      9979.0000          .          
18.3 .1        -INF           14.0000      9986.0000          .          
18.3 .2        -INF           14.0000      9986.0000          .          
18.3 .3        -INF           14.0000      9986.0000          .          
18.4 .1        -INF         -288.0000      9982.5000          .          
18.4 .2        -INF         -288.0000      9982.5000          .          
18.4 .3        -INF         -288.0000      9982.5000          .          
18.5 .1        -INF         -187.0000      9987.0000          .          
18.5 .2        -INF         9813.0000      9987.0000          .          
18.5 .3        -INF         -187.0000      9987.0000          .          
18.6 .1        -INF          105.0000      9980.0000          .          
18.6 .2        -INF          105.0000      9980.0000          .          
18.6 .3        -INF          105.0000      9980.0000          .          
18.7 .1        -INF         -382.0000      9984.0000          .          
18.7 .2        -INF         -382.0000      9984.0000          .          
18.7 .3        -INF         -382.0000      9984.0000          .          
18.8 .1        -INF          233.0000      9970.0000          .          
18.8 .2        -INF          233.0000      9970.0000          .          
18.8 .3        -INF          233.0000      9970.0000          .          
18.9 .1        -INF           70.0000      9963.0000          .          
18.9 .2        -INF           70.0000      9963.0000          .          
18.9 .3        -INF           70.0000      9963.0000          .          
18.10.1        -INF         -591.0000      9979.5000          .          
18.10.2        -INF         -591.0000      9979.5000          .          
18.10.3        -INF         -591.0000      9979.5000          .          
18.11.1        -INF           38.0000      9971.0000          .          
18.11.2        -INF           38.0000      9971.0000          .          
18.11.3        -INF           38.0000      9971.0000          .          
18.12.1        -INF         -367.0000      9965.0000          .          
18.12.2        -INF         -367.0000      9965.0000          .          
18.12.3        -INF         -367.0000      9965.0000          .          
18.13.1        -INF          -95.0000      9970.5000          .          
18.13.2        -INF          -95.0000      9970.5000          .          
18.13.3        -INF          -95.0000      9970.5000          .          
18.14.1        -INF         -311.0000      9981.0000          .          
18.14.2        -INF         -311.0000      9981.0000          .          
18.14.3        -INF         -311.0000      9981.0000          .          
18.15.1        -INF         -350.0000      9981.0000          .          
18.15.2        -INF         -350.0000      9981.0000          .          
18.15.3        -INF         -350.0000      9981.0000          .          
18.16.1        -INF          344.0000      9987.0000          .          
18.16.2        -INF          344.0000      9987.0000          .          
18.16.3        -INF          344.0000      9987.0000          .          
18.17.1        -INF           75.0000      9969.5000          .          
18.17.2        -INF           75.0000      9969.5000          .          
18.17.3        -INF           75.0000      9969.5000          .          
18.19.1        -INF           55.0000      9971.0000          .          
18.19.2        -INF           55.0000      9971.0000          .          
18.19.3        -INF           55.0000      9971.0000          .          
18.20.1        -INF         -337.0000      9976.5000          .          
18.20.2        -INF         -337.0000      9976.5000          .          
18.20.3        -INF         -337.0000      9976.5000          .          
19.1 .1        -INF         -231.0000      9985.0000          .          
19.1 .2        -INF         -231.0000      9985.0000          .          
19.1 .3        -INF         -231.0000      9985.0000          .          
19.2 .1        -INF         -445.5000      9983.5000          .          
19.2 .2        -INF         -445.5000      9983.5000          .          
19.2 .3        -INF         -445.5000      9983.5000          .          
19.3 .1        -INF          -41.0000      9976.0000          .          
19.3 .2        -INF          -41.0000      9976.0000          .          
19.3 .3        -INF          -41.0000      9976.0000          .          
19.4 .1        -INF         -343.0000      9976.0000          .          
19.4 .2        -INF         -343.0000      9976.0000          .          
19.4 .3        -INF         -343.0000      9976.0000          .          
19.5 .1        -INF         -242.0000      9979.5000          .          
19.5 .2        -INF         -242.0000      9979.5000          .          
19.5 .3        -INF         -242.0000      9979.5000          .          
19.6 .1        -INF           50.0000      9971.5000          .          
19.6 .2        -INF           50.0000      9971.5000          .          
19.6 .3        -INF           50.0000      9971.5000          .          
19.7 .1        -INF         -437.0000      9980.0000          .          
19.7 .2        -INF         -437.0000      9980.0000          .          
19.7 .3        -INF         -437.0000      9980.0000          .          
19.8 .1        -INF          178.0000      9973.5000          .          
19.8 .2        -INF          178.0000      9973.5000          .          
19.8 .3        -INF          178.0000      9973.5000          .          
19.9 .1        -INF           15.0000      9987.0000          .          
19.9 .2        -INF           15.0000      9987.0000          .          
19.9 .3        -INF           15.0000      9987.0000          .          
19.10.1        -INF         -646.0000      9968.5000          .          
19.10.2        -INF         -646.0000      9968.5000          .          
19.10.3        -INF         -646.0000      9968.5000          .          
19.11.1        -INF          -17.0000      9983.0000          .          
19.11.2        -INF          -17.0000      9983.0000          .          
19.11.3        -INF         9983.0000      9983.0000         EPS         
19.12.1        -INF         -422.0000      9976.5000          .          
19.12.2        -INF         -422.0000      9976.5000          .          
19.12.3        -INF         -422.0000      9976.5000          .          
19.13.1        -INF         -150.0000      9974.5000          .          
19.13.2        -INF         -150.0000      9974.5000          .          
19.13.3        -INF         -150.0000      9974.5000          .          
19.14.1        -INF         -366.0000      9982.5000          .          
19.14.2        -INF         -366.0000      9982.5000          .          
19.14.3        -INF         -366.0000      9982.5000          .          
19.15.1        -INF         -405.0000      9967.5000          .          
19.15.2        -INF         -405.0000      9967.5000          .          
19.15.3        -INF         -405.0000      9967.5000          .          
19.16.1        -INF          289.0000      9965.0000          .          
19.16.2        -INF          289.0000      9965.0000          .          
19.16.3        -INF          289.0000      9965.0000          .          
19.17.1        -INF           20.0000      9975.5000          .          
19.17.2        -INF           20.0000      9975.5000          .          
19.17.3        -INF           20.0000      9975.5000          .          
19.18.1        -INF          -55.0000      9972.0000          .          
19.18.2        -INF          -55.0000      9972.0000          .          
19.18.3        -INF          -55.0000      9972.0000          .          
19.20.1        -INF         -392.0000      9987.0000          .          
19.20.2        -INF         -392.0000      9987.0000          .          
19.20.3        -INF         -392.0000      9987.0000          .          
20.1 .1        -INF          161.0000      9983.5000          .          
20.1 .2        -INF          161.0000      9983.5000          .          
20.1 .3        -INF          161.0000      9983.5000          .          
20.2 .1        -INF          -53.5000      9971.0000          .          
20.2 .2        -INF          -53.5000      9971.0000          .          
20.2 .3        -INF          -53.5000      9971.0000          .          
20.3 .1        -INF          351.0000      9977.0000          .          
20.3 .2        -INF          351.0000      9977.0000          .          
20.3 .3        -INF          351.0000      9977.0000          .          
20.4 .1        -INF           49.0000      9962.5000          .          
20.4 .2        -INF           49.0000      9962.5000          .          
20.4 .3        -INF           49.0000      9962.5000          .          
20.5 .1        -INF          150.0000      9982.0000          .          
20.5 .2        -INF          150.0000      9982.0000          .          
20.5 .3        -INF          150.0000      9982.0000          .          
20.6 .1        -INF          442.0000      9972.0000          .          
20.6 .2        -INF          442.0000      9972.0000          .          
20.6 .3        -INF          442.0000      9972.0000          .          
20.7 .1        -INF          -45.0000      9983.5000          .          
20.7 .2        -INF          -45.0000      9983.5000          .          
20.7 .3        -INF          -45.0000      9983.5000          .          
20.8 .1        -INF          570.0000      9972.0000          .          
20.8 .2        -INF          570.0000      9972.0000          .          
20.8 .3        -INF          570.0000      9972.0000          .          
20.9 .1        -INF          407.0000      9963.0000          .          
20.9 .2        -INF          407.0000      9963.0000          .          
20.9 .3        -INF          407.0000      9963.0000          .          
20.10.1        -INF         -254.0000      9986.0000          .          
20.10.2        -INF         -254.0000      9986.0000          .          
20.10.3        -INF         -254.0000      9986.0000          .          
20.11.1        -INF          375.0000      9983.5000          .          
20.11.2        -INF          375.0000      9983.5000          .          
20.11.3        -INF          375.0000      9983.5000          .          
20.12.1        -INF          -30.0000      9980.5000          .          
20.12.2        -INF          -30.0000      9980.5000          .          
20.12.3        -INF          -30.0000      9980.5000          .          
20.13.1        -INF          242.0000      9978.5000          .          
20.13.2        -INF          242.0000      9978.5000          .          
20.13.3        -INF          242.0000      9978.5000          .          
20.14.1        -INF           26.0000      9982.5000          .          
20.14.2        -INF           26.0000      9982.5000          .          
20.14.3        -INF           26.0000      9982.5000          .          
20.15.1        -INF          -13.0000      9969.5000          .          
20.15.2        -INF          -13.0000      9969.5000          .          
20.15.3        -INF          -13.0000      9969.5000          .          
20.16.1        -INF          681.0000      9984.5000          .          
20.16.2        -INF          681.0000      9984.5000          .          
20.16.3        -INF          681.0000      9984.5000          .          
20.17.1        -INF          412.0000      9979.0000          .          
20.17.2        -INF          412.0000      9979.0000          .          
20.17.3        -INF          412.0000      9979.0000          .          
20.18.1        -INF          337.0000      9974.5000          .          
20.18.2        -INF          337.0000      9974.5000          .          
20.18.3        -INF          337.0000      9974.5000          .          
20.19.1        -INF          392.0000      9984.0000          .          
20.19.2        -INF          392.0000      9984.0000          .          
20.19.3        -INF          392.0000      9984.0000          .          

---- VAR x  is 1 if vehicle k drives directly from node i to node j (0 otherwise)

               LOWER          LEVEL          UPPER         MARGINAL

0 .0 .1          .              .              .          1000.0000      
0 .0 .2          .              .              .          1000.0000      
0 .0 .3          .              .              .          1000.0000      
0 .1 .1          .              .             1.0000        15.5000      
0 .1 .2          .              .             1.0000        15.5000      
0 .1 .3          .              .             1.0000        15.5000      
0 .2 .1          .              .             1.0000        19.5000      
0 .2 .2          .              .             1.0000        19.5000      
0 .2 .3          .              .             1.0000        19.5000      
0 .3 .1          .              .             1.0000        26.0000      
0 .3 .2          .              .             1.0000        26.0000      
0 .3 .3          .              .             1.0000        26.0000      
0 .4 .1          .              .             1.0000        26.0000      
0 .4 .2          .              .             1.0000        26.0000      
0 .4 .3          .              .             1.0000        26.0000      
0 .5 .1          .              .             1.0000        27.5000      
0 .5 .2          .              .             1.0000        27.5000      
0 .5 .3          .              .             1.0000        27.5000      
0 .6 .1          .              .             1.0000        35.0000      
0 .6 .2          .              .             1.0000        35.0000      
0 .6 .3          .              .             1.0000        35.0000      
0 .7 .1          .              .             1.0000        32.0000      
0 .7 .2          .              .             1.0000        32.0000      
0 .7 .3          .              .             1.0000        32.0000      
0 .8 .1          .             1.0000         1.0000        13.0000      
0 .8 .2          .              .             1.0000        13.0000      
0 .8 .3          .              .             1.0000        13.0000      
0 .9 .1          .              .             1.0000        22.5000      
0 .9 .2          .              .             1.0000        22.5000      
0 .9 .3          .              .             1.0000        22.5000      
0 .10.1          .              .             1.0000        13.0000      
0 .10.2          .              .             1.0000        13.0000      
0 .10.3          .              .             1.0000        13.0000      
0 .11.1          .              .             1.0000        19.5000      
0 .11.2          .              .             1.0000        19.5000      
0 .11.3          .              .             1.0000        19.5000      
0 .12.1          .              .             1.0000        10.5000      
0 .12.2          .              .             1.0000        10.5000      
0 .12.3          .              .             1.0000        10.5000      
0 .13.1          .              .             1.0000        14.5000      
0 .13.2          .              .             1.0000        14.5000      
0 .13.3          .              .             1.0000        14.5000      
0 .14.1          .              .             1.0000        26.5000      
0 .14.2          .              .             1.0000        26.5000      
0 .14.3          .              .             1.0000        26.5000      
0 .15.1          .              .             1.0000        34.0000      
0 .15.2          .              .             1.0000        34.0000      
0 .15.3          .              .             1.0000        34.0000      
0 .16.1          .              .             1.0000        15.5000      
0 .16.2          .              .             1.0000        15.5000      
0 .16.3          .             1.0000         1.0000        15.5000      
0 .17.1          .              .             1.0000        12.5000      
0 .17.2          .             1.0000         1.0000        12.5000      
0 .17.3          .              .             1.0000        12.5000      
0 .18.1          .              .             1.0000        15.0000      
0 .18.2          .              .             1.0000        15.0000      
0 .18.3          .              .             1.0000        15.0000      
0 .19.1          .              .             1.0000        20.5000      
0 .19.2          .              .             1.0000        20.5000      
0 .19.3          .              .             1.0000        20.5000      
0 .20.1          .              .             1.0000        10.0000      
0 .20.2          .              .             1.0000        10.0000      
0 .20.3          .              .             1.0000        10.0000      
1 .0 .1          .              .             1.0000        15.5000      
1 .0 .2          .              .             1.0000        15.5000      
1 .0 .3          .              .             1.0000        15.5000      
1 .1 .1          .              .              .          1000.0000      
1 .1 .2          .              .              .          1000.0000      
1 .1 .3          .              .              .          1000.0000      
1 .2 .1          .              .             1.0000        15.5000      
1 .2 .2          .              .             1.0000        15.5000      
1 .2 .3          .              .             1.0000        15.5000      
1 .3 .1          .              .             1.0000        11.0000      
1 .3 .2          .              .             1.0000        11.0000      
1 .3 .3          .              .             1.0000        11.0000      
1 .4 .1          .              .             1.0000        30.0000      
1 .4 .2          .              .             1.0000        30.0000      
1 .4 .3          .              .             1.0000        30.0000      
1 .5 .1          .              .             1.0000         8.5000      
1 .5 .2          .              .             1.0000         8.5000      
1 .5 .3          .              .             1.0000         8.5000      
1 .6 .1          .              .             1.0000        23.5000      
1 .6 .2          .              .             1.0000        23.5000      
1 .6 .3          .              .             1.0000        23.5000      
1 .7 .1          .              .             1.0000         7.0000      
1 .7 .2          .              .             1.0000         7.0000      
1 .7 .3          .              .             1.0000         7.0000      
1 .8 .1          .              .             1.0000        18.0000      
1 .8 .2          .              .             1.0000        18.0000      
1 .8 .3          .              .             1.0000        18.0000      
1 .9 .1          .              .             1.0000        22.5000      
1 .9 .2          .              .             1.0000        22.5000      
1 .9 .3          .              .             1.0000        22.5000      
1 .10.1          .              .             1.0000        22.0000      
1 .10.2          .              .             1.0000        22.0000      
1 .10.3          .              .             1.0000        22.0000      
1 .11.1          .              .             1.0000         7.5000      
1 .11.2          .              .             1.0000         7.5000      
1 .11.3          .              .             1.0000         7.5000      
1 .12.1          .              .             1.0000        10.0000      
1 .12.2          .              .             1.0000        10.0000      
1 .12.3          .             1.0000         1.0000        10.0000      
1 .13.1          .              .             1.0000        12.0000      
1 .13.2          .              .             1.0000        12.0000      
1 .13.3          .              .             1.0000        12.0000      
1 .14.1          .              .             1.0000        13.0000      
1 .14.2          .              .             1.0000        13.0000      
1 .14.3          .              .             1.0000        13.0000      
1 .15.1          .              .             1.0000         8.0000      
1 .15.2          .              .             1.0000         8.0000      
1 .15.3          .              .             1.0000         8.0000      
1 .16.1          .              .             1.0000        26.5000      
1 .16.2          .              .             1.0000        26.5000      
1 .16.3          .              .             1.0000        26.5000      
1 .17.1          .              .             1.0000        18.5000      
1 .17.2          .              .             1.0000        18.5000      
1 .17.3          .              .             1.0000        18.5000      
1 .18.1          .              .             1.0000        22.5000      
1 .18.2          .              .             1.0000        22.5000      
1 .18.3          .              .             1.0000        22.5000      
1 .19.1          .              .             1.0000         9.0000      
1 .19.2          .              .             1.0000         9.0000      
1 .19.3          .              .             1.0000         9.0000      
1 .20.1          .              .             1.0000         7.5000      
1 .20.2          .              .             1.0000         7.5000      
1 .20.3          .              .             1.0000         7.5000      
2 .0 .1          .              .             1.0000        19.5000      
2 .0 .2          .              .             1.0000        19.5000      
2 .0 .3          .              .             1.0000        19.5000      
2 .1 .1          .              .             1.0000        15.5000      
2 .1 .2          .              .             1.0000        15.5000      
2 .1 .3          .              .             1.0000        15.5000      
2 .2 .1          .              .              .          1000.0000      
2 .2 .2          .              .              .          1000.0000      
2 .2 .3          .              .              .          1000.0000      
2 .3 .1          .              .             1.0000        16.0000      
2 .3 .2          .              .             1.0000        16.0000      
2 .3 .3          .              .             1.0000        16.0000      
2 .4 .1          .              .             1.0000        25.5000      
2 .4 .2          .              .             1.0000        25.5000      
2 .4 .3          .              .             1.0000        25.5000      
2 .5 .1          .              .             1.0000         8.0000      
2 .5 .2          .              .             1.0000         8.0000      
2 .5 .3          .              .             1.0000         8.0000      
2 .6 .1          .              .             1.0000        25.5000      
2 .6 .2          .              .             1.0000        25.5000      
2 .6 .3          .              .             1.0000        25.5000      
2 .7 .1          .              .             1.0000         7.5000      
2 .7 .2          .              .             1.0000         7.5000      
2 .7 .3          .              .             1.0000         7.5000      
2 .8 .1          .              .             1.0000        24.5000      
2 .8 .2          .              .             1.0000        24.5000      
2 .8 .3          .              .             1.0000        24.5000      
2 .9 .1          .              .             1.0000        25.5000      
2 .9 .2          .              .             1.0000        25.5000      
2 .9 .3          .              .             1.0000        25.5000      
2 .10.1          .             1.0000         1.0000         6.5000      
2 .10.2          .              .             1.0000         6.5000      
2 .10.3          .              .             1.0000         6.5000      
2 .11.1          .              .             1.0000        29.0000      
2 .11.2          .              .             1.0000        29.0000      
2 .11.3          .              .             1.0000        29.0000      
2 .12.1          .              .             1.0000        18.0000      
2 .12.2          .              .             1.0000        18.0000      
2 .12.3          .              .             1.0000        18.0000      
2 .13.1          .              .             1.0000        25.0000      
2 .13.2          .              .             1.0000        25.0000      
2 .13.3          .              .             1.0000        25.0000      
2 .14.1          .              .             1.0000        24.0000      
2 .14.2          .              .             1.0000        24.0000      
2 .14.3          .              .             1.0000        24.0000      
2 .15.1          .              .             1.0000        20.0000      
2 .15.2          .              .             1.0000        20.0000      
2 .15.3          .              .             1.0000        20.0000      
2 .16.1          .              .             1.0000         5.5000      
2 .16.2          .              .             1.0000         5.5000      
2 .16.3          .              .             1.0000         5.5000      
2 .17.1          .              .             1.0000        18.5000      
2 .17.2          .              .             1.0000        18.5000      
2 .17.3          .              .             1.0000        18.5000      
2 .18.1          .              .             1.0000        14.0000      
2 .18.2          .              .             1.0000        14.0000      
2 .18.3          .              .             1.0000        14.0000      
2 .19.1          .              .             1.0000        10.5000      
2 .19.2          .              .             1.0000        10.5000      
2 .19.3          .              .             1.0000        10.5000      
2 .20.1          .              .             1.0000        20.0000      
2 .20.2          .              .             1.0000        20.0000      
2 .20.3          .              .             1.0000        20.0000      
3 .0 .1          .              .             1.0000        26.0000      
3 .0 .2          .              .             1.0000        26.0000      
3 .0 .3          .              .             1.0000        26.0000      
3 .1 .1          .              .             1.0000        11.0000      
3 .1 .2          .              .             1.0000        11.0000      
3 .1 .3          .              .             1.0000        11.0000      
3 .2 .1          .              .             1.0000        16.0000      
3 .2 .2          .              .             1.0000        16.0000      
3 .2 .3          .              .             1.0000        16.0000      
3 .3 .1          .              .              .          1000.0000      
3 .3 .2          .              .              .          1000.0000      
3 .3 .3          .              .              .          1000.0000      
3 .4 .1          .              .             1.0000        25.0000      
3 .4 .2          .              .             1.0000        25.0000      
3 .4 .3          .              .             1.0000        25.0000      
3 .5 .1          .              .             1.0000         9.0000      
3 .5 .2          .              .             1.0000         9.0000      
3 .5 .3          .              .             1.0000         9.0000      
3 .6 .1          .              .             1.0000        18.0000      
3 .6 .2          .              .             1.0000        18.0000      
3 .6 .3          .              .             1.0000        18.0000      
3 .7 .1          .              .             1.0000        23.0000      
3 .7 .2          .              .             1.0000        23.0000      
3 .7 .3          .              .             1.0000        23.0000      
3 .8 .1          .              .             1.0000        24.0000      
3 .8 .2          .              .             1.0000        24.0000      
3 .8 .3          .              .             1.0000        24.0000      
3 .9 .1          .              .             1.0000        17.0000      
3 .9 .2          .              .             1.0000        17.0000      
3 .9 .3          .              .             1.0000        17.0000      
3 .10.1          .              .             1.0000         6.5000      
3 .10.2          .              .             1.0000         6.5000      
3 .10.3          .              .             1.0000         6.5000      
3 .11.1          .              .             1.0000        24.5000      
3 .11.2          .              .             1.0000        24.5000      
3 .11.3          .              .             1.0000        24.5000      
3 .12.1          .              .             1.0000        20.0000      
3 .12.2          .              .             1.0000        20.0000      
3 .12.3          .              .             1.0000        20.0000      
3 .13.1          .              .             1.0000        13.0000      
3 .13.2          .              .             1.0000        13.0000      
3 .13.3          .              .             1.0000        13.0000      
3 .14.1          .              .             1.0000         8.0000      
3 .14.2          .              .             1.0000         8.0000      
3 .14.3          .              .             1.0000         8.0000      
3 .15.1          .              .             1.0000        19.0000      
3 .15.2          .              .             1.0000        19.0000      
3 .15.3          .              .             1.0000        19.0000      
3 .16.1          .              .             1.0000        25.5000      
3 .16.2          .              .             1.0000        25.5000      
3 .16.3          .              .             1.0000        25.5000      
3 .17.1          .              .             1.0000         5.0000      
3 .17.2          .              .             1.0000         5.0000      
3 .17.3          .              .             1.0000         5.0000      
3 .18.1          .              .             1.0000         7.0000      
3 .18.2          .             1.0000         1.0000         7.0000      
3 .18.3          .              .             1.0000         7.0000      
3 .19.1          .              .             1.0000        18.0000      
3 .19.2          .              .             1.0000        18.0000      
3 .19.3          .              .             1.0000        18.0000      
3 .20.1          .              .             1.0000        14.0000      
3 .20.2          .              .             1.0000        14.0000      
3 .20.3          .              .             1.0000        14.0000      
4 .0 .1          .              .             1.0000        26.0000      
4 .0 .2          .              .             1.0000        26.0000      
4 .0 .3          .              .             1.0000        26.0000      
4 .1 .1          .              .             1.0000        30.0000      
4 .1 .2          .              .             1.0000        30.0000      
4 .1 .3          .              .             1.0000        30.0000      
4 .2 .1          .              .             1.0000        25.5000      
4 .2 .2          .              .             1.0000        25.5000      
4 .2 .3          .              .             1.0000        25.5000      
4 .3 .1          .              .             1.0000        25.0000      
4 .3 .2          .              .             1.0000        25.0000      
4 .3 .3          .              .             1.0000        25.0000      
4 .4 .1          .              .              .          1000.0000      
4 .4 .2          .              .              .          1000.0000      
4 .4 .3          .              .              .          1000.0000      
4 .5 .1          .              .             1.0000         8.0000      
4 .5 .2          .              .             1.0000         8.0000      
4 .5 .3          .              .             1.0000         8.0000      
4 .6 .1          .              .             1.0000        14.0000      
4 .6 .2          .              .             1.0000        14.0000      
4 .6 .3          .              .             1.0000        14.0000      
4 .7 .1          .              .             1.0000        16.0000      
4 .7 .2          .              .             1.0000        16.0000      
4 .7 .3          .              .             1.0000        16.0000      
4 .8 .1          .              .             1.0000        15.5000      
4 .8 .2          .              .             1.0000        15.5000      
4 .8 .3          .              .             1.0000        15.5000      
4 .9 .1          .              .             1.0000        11.0000      
4 .9 .2          .              .             1.0000        11.0000      
4 .9 .3          .              .             1.0000        11.0000      
4 .10.1          .              .             1.0000        16.5000      
4 .10.2          .              .             1.0000        16.5000      
4 .10.3          .              .             1.0000        16.5000      
4 .11.1          .              .             1.0000        26.0000      
4 .11.2          .              .             1.0000        26.0000      
4 .11.3          .              .             1.0000        26.0000      
4 .12.1          .              .             1.0000        19.0000      
4 .12.2          .              .             1.0000        19.0000      
4 .12.3          .              .             1.0000        19.0000      
4 .13.1          .              .             1.0000        15.5000      
4 .13.2          .              .             1.0000        15.5000      
4 .13.3          .              .             1.0000        15.5000      
4 .14.1          .              .             1.0000         9.5000      
4 .14.2          .             1.0000         1.0000         9.5000      
4 .14.3          .              .             1.0000         9.5000      
4 .15.1          .              .             1.0000        29.5000      
4 .15.2          .              .             1.0000        29.5000      
4 .15.3          .              .             1.0000        29.5000      
4 .16.1          .              .             1.0000        14.0000      
4 .16.2          .              .             1.0000        14.0000      
4 .16.3          .              .             1.0000        14.0000      
4 .17.1          .              .             1.0000         8.0000      
4 .17.2          .              .             1.0000         8.0000      
4 .17.3          .              .             1.0000         8.0000      
4 .18.1          .              .             1.0000        10.5000      
4 .18.2          .              .             1.0000        10.5000      
4 .18.3          .              .             1.0000        10.5000      
4 .19.1          .              .             1.0000        18.0000      
4 .19.2          .              .             1.0000        18.0000      
4 .19.3          .              .             1.0000        18.0000      
4 .20.1          .              .             1.0000        28.5000      
4 .20.2          .              .             1.0000        28.5000      
4 .20.3          .              .             1.0000        28.5000      
5 .0 .1          .              .             1.0000        27.5000      
5 .0 .2          .              .             1.0000        27.5000      
5 .0 .3          .              .             1.0000        27.5000      
5 .1 .1          .              .             1.0000         8.5000      
5 .1 .2          .              .             1.0000         8.5000      
5 .1 .3          .              .             1.0000         8.5000      
5 .2 .1          .              .             1.0000         8.0000      
5 .2 .2          .              .             1.0000         8.0000      
5 .2 .3          .              .             1.0000         8.0000      
5 .3 .1          .              .             1.0000         9.0000      
5 .3 .2          .              .             1.0000         9.0000      
5 .3 .3          .              .             1.0000         9.0000      
5 .4 .1          .              .             1.0000         8.0000      
5 .4 .2          .             1.0000         1.0000         8.0000      
5 .4 .3          .              .             1.0000         8.0000      
5 .5 .1          .              .              .          1000.0000      
5 .5 .2          .              .              .          1000.0000      
5 .5 .3          .              .              .          1000.0000      
5 .6 .1          .              .             1.0000        17.0000      
5 .6 .2          .              .             1.0000        17.0000      
5 .6 .3          .              .             1.0000        17.0000      
5 .7 .1          .              .             1.0000        21.5000      
5 .7 .2          .              .             1.0000        21.5000      
5 .7 .3          .              .             1.0000        21.5000      
5 .8 .1          .              .             1.0000        20.0000      
5 .8 .2          .              .             1.0000        20.0000      
5 .8 .3          .              .             1.0000        20.0000      
5 .9 .1          .              .             1.0000        23.0000      
5 .9 .2          .              .             1.0000        23.0000      
5 .9 .3          .              .             1.0000        23.0000      
5 .10.1          .              .             1.0000        27.5000      
5 .10.2          .              .             1.0000        27.5000      
5 .10.3          .              .             1.0000        27.5000      
5 .11.1          .              .             1.0000        27.0000      
5 .11.2          .              .             1.0000        27.0000      
5 .11.3          .              .             1.0000        27.0000      
5 .12.1          .              .             1.0000        17.5000      
5 .12.2          .              .             1.0000        17.5000      
5 .12.3          .              .             1.0000        17.5000      
5 .13.1          .              .             1.0000        14.5000      
5 .13.2          .              .             1.0000        14.5000      
5 .13.3          .              .             1.0000        14.5000      
5 .14.1          .              .             1.0000         6.0000      
5 .14.2          .              .             1.0000         6.0000      
5 .14.3          .              .             1.0000         6.0000      
5 .15.1          .              .             1.0000         8.5000      
5 .15.2          .              .             1.0000         8.5000      
5 .15.3          .              .             1.0000         8.5000      
5 .16.1          .              .             1.0000        21.0000      
5 .16.2          .              .             1.0000        21.0000      
5 .16.3          .              .             1.0000        21.0000      
5 .17.1          .              .             1.0000         7.0000      
5 .17.2          .              .             1.0000         7.0000      
5 .17.3          .              .             1.0000         7.0000      
5 .18.1          .              .             1.0000         6.0000      
5 .18.2          .              .             1.0000         6.0000      
5 .18.3          .              .             1.0000         6.0000      
5 .19.1          .              .             1.0000        14.5000      
5 .19.2          .              .             1.0000        14.5000      
5 .19.3          .              .             1.0000        14.5000      
5 .20.1          .              .             1.0000         9.0000      
5 .20.2          .              .             1.0000         9.0000      
5 .20.3          .              .             1.0000         9.0000      
6 .0 .1          .              .             1.0000        35.0000      
6 .0 .2          .              .             1.0000        35.0000      
6 .0 .3          .              .             1.0000        35.0000      
6 .1 .1          .              .             1.0000        23.5000      
6 .1 .2          .              .             1.0000        23.5000      
6 .1 .3          .              .             1.0000        23.5000      
6 .2 .1          .              .             1.0000        25.5000      
6 .2 .2          .              .             1.0000        25.5000      
6 .2 .3          .              .             1.0000        25.5000      
6 .3 .1          .              .             1.0000        18.0000      
6 .3 .2          .              .             1.0000        18.0000      
6 .3 .3          .              .             1.0000        18.0000      
6 .4 .1          .              .             1.0000        14.0000      
6 .4 .2          .              .             1.0000        14.0000      
6 .4 .3          .              .             1.0000        14.0000      
6 .5 .1          .              .             1.0000        17.0000      
6 .5 .2          .              .             1.0000        17.0000      
6 .5 .3          .              .             1.0000        17.0000      
6 .6 .1          .              .              .          1000.0000      
6 .6 .2          .              .              .          1000.0000      
6 .6 .3          .              .              .          1000.0000      
6 .7 .1          .              .             1.0000        23.5000      
6 .7 .2          .              .             1.0000        23.5000      
6 .7 .3          .              .             1.0000        23.5000      
6 .8 .1          .              .             1.0000        28.0000      
6 .8 .2          .              .             1.0000        28.0000      
6 .8 .3          .              .             1.0000        28.0000      
6 .9 .1          .              .             1.0000        10.0000      
6 .9 .2          .              .             1.0000        10.0000      
6 .9 .3          .             1.0000         1.0000        10.0000      
6 .10.1          .              .             1.0000        14.5000      
6 .10.2          .              .             1.0000        14.5000      
6 .10.3          .              .             1.0000        14.5000      
6 .11.1          .              .             1.0000        26.0000      
6 .11.2          .              .             1.0000        26.0000      
6 .11.3          .              .             1.0000        26.0000      
6 .12.1          .              .             1.0000        29.0000      
6 .12.2          .              .             1.0000        29.0000      
6 .12.3          .              .             1.0000        29.0000      
6 .13.1          .              .             1.0000        20.5000      
6 .13.2          .              .             1.0000        20.5000      
6 .13.3          .              .             1.0000        20.5000      
6 .14.1          .              .             1.0000        13.5000      
6 .14.2          .              .             1.0000        13.5000      
6 .14.3          .              .             1.0000        13.5000      
6 .15.1          .              .             1.0000         7.5000      
6 .15.2          .              .             1.0000         7.5000      
6 .15.3          .              .             1.0000         7.5000      
6 .16.1          .              .             1.0000         6.5000      
6 .16.2          .              .             1.0000         6.5000      
6 .16.3          .              .             1.0000         6.5000      
6 .17.1          .              .             1.0000        10.0000      
6 .17.2          .              .             1.0000        10.0000      
6 .17.3          .              .             1.0000        10.0000      
6 .18.1          .              .             1.0000        13.0000      
6 .18.2          .              .             1.0000        13.0000      
6 .18.3          .              .             1.0000        13.0000      
6 .19.1          .              .             1.0000        22.5000      
6 .19.2          .              .             1.0000        22.5000      
6 .19.3          .              .             1.0000        22.5000      
6 .20.1          .              .             1.0000        19.0000      
6 .20.2          .              .             1.0000        19.0000      
6 .20.3          .              .             1.0000        19.0000      
7 .0 .1          .              .             1.0000        32.0000      
7 .0 .2          .              .             1.0000        32.0000      
7 .0 .3          .              .             1.0000        32.0000      
7 .1 .1          .              .             1.0000         7.0000      
7 .1 .2          .              .             1.0000         7.0000      
7 .1 .3          .              .             1.0000         7.0000      
7 .2 .1          .             1.0000         1.0000         7.5000      
7 .2 .2          .              .             1.0000         7.5000      
7 .2 .3          .              .             1.0000         7.5000      
7 .3 .1          .              .             1.0000        23.0000      
7 .3 .2          .              .             1.0000        23.0000      
7 .3 .3          .              .             1.0000        23.0000      
7 .4 .1          .              .             1.0000        16.0000      
7 .4 .2          .              .             1.0000        16.0000      
7 .4 .3          .              .             1.0000        16.0000      
7 .5 .1          .              .             1.0000        21.5000      
7 .5 .2          .              .             1.0000        21.5000      
7 .5 .3          .              .             1.0000        21.5000      
7 .6 .1          .              .             1.0000        23.5000      
7 .6 .2          .              .             1.0000        23.5000      
7 .6 .3          .              .             1.0000        23.5000      
7 .7 .1          .              .              .          1000.0000      
7 .7 .2          .              .              .          1000.0000      
7 .7 .3          .              .              .          1000.0000      
7 .8 .1          .              .             1.0000        14.5000      
7 .8 .2          .              .             1.0000        14.5000      
7 .8 .3          .              .             1.0000        14.5000      
7 .9 .1          .              .             1.0000        20.0000      
7 .9 .2          .              .             1.0000        20.0000      
7 .9 .3          .              .             1.0000        20.0000      
7 .10.1          .              .             1.0000        12.0000      
7 .10.2          .              .             1.0000        12.0000      
7 .10.3          .              .             1.0000        12.0000      
7 .11.1          .              .             1.0000        26.0000      
7 .11.2          .              .             1.0000        26.0000      
7 .11.3          .              .             1.0000        26.0000      
7 .12.1          .              .             1.0000        16.5000      
7 .12.2          .              .             1.0000        16.5000      
7 .12.3          .              .             1.0000        16.5000      
7 .13.1          .              .             1.0000        29.5000      
7 .13.2          .              .             1.0000        29.5000      
7 .13.3          .              .             1.0000        29.5000      
7 .14.1          .              .             1.0000        24.0000      
7 .14.2          .              .             1.0000        24.0000      
7 .14.3          .              .             1.0000        24.0000      
7 .15.1          .              .             1.0000         6.5000      
7 .15.2          .              .             1.0000         6.5000      
7 .15.3          .              .             1.0000         6.5000      
7 .16.1          .              .             1.0000        24.0000      
7 .16.2          .              .             1.0000        24.0000      
7 .16.3          .              .             1.0000        24.0000      
7 .17.1          .              .             1.0000        17.5000      
7 .17.2          .              .             1.0000        17.5000      
7 .17.3          .              .             1.0000        17.5000      
7 .18.1          .              .             1.0000         9.0000      
7 .18.2          .              .             1.0000         9.0000      
7 .18.3          .              .             1.0000         9.0000      
7 .19.1          .              .             1.0000        14.0000      
7 .19.2          .              .             1.0000        14.0000      
7 .19.3          .              .             1.0000        14.0000      
7 .20.1          .              .             1.0000         7.5000      
7 .20.2          .              .             1.0000         7.5000      
7 .20.3          .              .             1.0000         7.5000      
8 .0 .1          .              .             1.0000        13.0000      
8 .0 .2          .              .             1.0000        13.0000      
8 .0 .3          .              .             1.0000        13.0000      
8 .1 .1          .              .             1.0000        18.0000      
8 .1 .2          .              .             1.0000        18.0000      
8 .1 .3          .              .             1.0000        18.0000      
8 .2 .1          .              .             1.0000        24.5000      
8 .2 .2          .              .             1.0000        24.5000      
8 .2 .3          .              .             1.0000        24.5000      
8 .3 .1          .              .             1.0000        24.0000      
8 .3 .2          .              .             1.0000        24.0000      
8 .3 .3          .              .             1.0000        24.0000      
8 .4 .1          .              .             1.0000        15.5000      
8 .4 .2          .              .             1.0000        15.5000      
8 .4 .3          .              .             1.0000        15.5000      
8 .5 .1          .              .             1.0000        20.0000      
8 .5 .2          .              .             1.0000        20.0000      
8 .5 .3          .              .             1.0000        20.0000      
8 .6 .1          .              .             1.0000        28.0000      
8 .6 .2          .              .             1.0000        28.0000      
8 .6 .3          .              .             1.0000        28.0000      
8 .7 .1          .              .             1.0000        14.5000      
8 .7 .2          .              .             1.0000        14.5000      
8 .7 .3          .              .             1.0000        14.5000      
8 .8 .1          .              .              .          1000.0000      
8 .8 .2          .              .              .          1000.0000      
8 .8 .3          .              .              .          1000.0000      
8 .9 .1          .              .             1.0000        21.5000      
8 .9 .2          .              .             1.0000        21.5000      
8 .9 .3          .              .             1.0000        21.5000      
8 .10.1          .              .             1.0000        18.5000      
8 .10.2          .              .             1.0000        18.5000      
8 .10.3          .              .             1.0000        18.5000      
8 .11.1          .              .             1.0000        23.5000      
8 .11.2          .              .             1.0000        23.5000      
8 .11.3          .              .             1.0000        23.5000      
8 .12.1          .              .             1.0000        11.5000      
8 .12.2          .              .             1.0000        11.5000      
8 .12.3          .              .             1.0000        11.5000      
8 .13.1          .             1.0000         1.0000         5.0000      
8 .13.2          .              .             1.0000         5.0000      
8 .13.3          .              .             1.0000         5.0000      
8 .14.1          .              .             1.0000        26.5000      
8 .14.2          .              .             1.0000        26.5000      
8 .14.3          .              .             1.0000        26.5000      
8 .15.1          .              .             1.0000        24.0000      
8 .15.2          .              .             1.0000        24.0000      
8 .15.3          .              .             1.0000        24.0000      
8 .16.1          .              .             1.0000        28.5000      
8 .16.2          .              .             1.0000        28.5000      
8 .16.3          .              .             1.0000        28.5000      
8 .17.1          .              .             1.0000         6.5000      
8 .17.2          .              .             1.0000         6.5000      
8 .17.3          .              .             1.0000         6.5000      
8 .18.1          .              .             1.0000        23.0000      
8 .18.2          .              .             1.0000        23.0000      
8 .18.3          .              .             1.0000        23.0000      
8 .19.1          .              .             1.0000        20.5000      
8 .19.2          .              .             1.0000        20.5000      
8 .19.3          .              .             1.0000        20.5000      
8 .20.1          .              .             1.0000        19.0000      
8 .20.2          .              .             1.0000        19.0000      
8 .20.3          .              .             1.0000        19.0000      
9 .0 .1          .              .             1.0000        22.5000      
9 .0 .2          .              .             1.0000        22.5000      
9 .0 .3          .              .             1.0000        22.5000      
9 .1 .1          .              .             1.0000        22.5000      
9 .1 .2          .              .             1.0000        22.5000      
9 .1 .3          .              .             1.0000        22.5000      
9 .2 .1          .              .             1.0000        25.5000      
9 .2 .2          .              .             1.0000        25.5000      
9 .2 .3          .              .             1.0000        25.5000      
9 .3 .1          .              .             1.0000        17.0000      
9 .3 .2          .              .             1.0000        17.0000      
9 .3 .3          .              .             1.0000        17.0000      
9 .4 .1          .              .             1.0000        11.0000      
9 .4 .2          .              .             1.0000        11.0000      
9 .4 .3          .              .             1.0000        11.0000      
9 .5 .1          .              .             1.0000        23.0000      
9 .5 .2          .              .             1.0000        23.0000      
9 .5 .3          .              .             1.0000        23.0000      
9 .6 .1          .              .             1.0000        10.0000      
9 .6 .2          .              .             1.0000        10.0000      
9 .6 .3          .              .             1.0000        10.0000      
9 .7 .1          .              .             1.0000        20.0000      
9 .7 .2          .              .             1.0000        20.0000      
9 .7 .3          .              .             1.0000        20.0000      
9 .8 .1          .              .             1.0000        21.5000      
9 .8 .2          .              .             1.0000        21.5000      
9 .8 .3          .              .             1.0000        21.5000      
9 .9 .1          .              .              .          1000.0000      
9 .9 .2          .              .              .          1000.0000      
9 .9 .3          .              .              .          1000.0000      
9 .10.1          .              .             1.0000        24.0000      
9 .10.2          .              .             1.0000        24.0000      
9 .10.3          .              .             1.0000        24.0000      
9 .11.1          .              .             1.0000        22.0000      
9 .11.2          .              .             1.0000        22.0000      
9 .11.3          .              .             1.0000        22.0000      
9 .12.1          .              .             1.0000        16.5000      
9 .12.2          .              .             1.0000        16.5000      
9 .12.3          .              .             1.0000        16.5000      
9 .13.1          .              .             1.0000         6.5000      
9 .13.2          .              .             1.0000         6.5000      
9 .13.3          .              .             1.0000         6.5000      
9 .14.1          .              .             1.0000         6.5000      
9 .14.2          .              .             1.0000         6.5000      
9 .14.3          .              .             1.0000         6.5000      
9 .15.1          .              .             1.0000        20.0000      
9 .15.2          .              .             1.0000        20.0000      
9 .15.3          .              .             1.0000        20.0000      
9 .16.1          .              .             1.0000        21.5000      
9 .16.2          .              .             1.0000        21.5000      
9 .16.3          .              .             1.0000        21.5000      
9 .17.1          .              .             1.0000        27.5000      
9 .17.2          .              .             1.0000        27.5000      
9 .17.3          .              .             1.0000        27.5000      
9 .18.1          .              .             1.0000        30.0000      
9 .18.2          .              .             1.0000        30.0000      
9 .18.3          .              .             1.0000        30.0000      
9 .19.1          .              .             1.0000         7.0000      
9 .19.2          .              .             1.0000         7.0000      
9 .19.3          .             1.0000         1.0000         7.0000      
9 .20.1          .              .             1.0000        28.0000      
9 .20.2          .              .             1.0000        28.0000      
9 .20.3          .              .             1.0000        28.0000      
10.0 .1          .             1.0000         1.0000        13.0000      
10.0 .2          .              .             1.0000        13.0000      
10.0 .3          .              .             1.0000        13.0000      
10.1 .1          .              .             1.0000        22.0000      
10.1 .2          .              .             1.0000        22.0000      
10.1 .3          .              .             1.0000        22.0000      
10.2 .1          .              .             1.0000         6.5000      
10.2 .2          .              .             1.0000         6.5000      
10.2 .3          .              .             1.0000         6.5000      
10.3 .1          .              .             1.0000         6.5000      
10.3 .2          .              .             1.0000         6.5000      
10.3 .3          .              .             1.0000         6.5000      
10.4 .1          .              .             1.0000        16.5000      
10.4 .2          .              .             1.0000        16.5000      
10.4 .3          .              .             1.0000        16.5000      
10.5 .1          .              .             1.0000        27.5000      
10.5 .2          .              .             1.0000        27.5000      
10.5 .3          .              .             1.0000        27.5000      
10.6 .1          .              .             1.0000        14.5000      
10.6 .2          .              .             1.0000        14.5000      
10.6 .3          .              .             1.0000        14.5000      
10.7 .1          .              .             1.0000        12.0000      
10.7 .2          .              .             1.0000        12.0000      
10.7 .3          .              .             1.0000        12.0000      
10.8 .1          .              .             1.0000        18.5000      
10.8 .2          .              .             1.0000        18.5000      
10.8 .3          .              .             1.0000        18.5000      
10.9 .1          .              .             1.0000        24.0000      
10.9 .2          .              .             1.0000        24.0000      
10.9 .3          .              .             1.0000        24.0000      
10.10.1          .              .              .          1000.0000      
10.10.2          .              .              .          1000.0000      
10.10.3          .              .              .          1000.0000      
10.11.1          .              .             1.0000        10.0000      
10.11.2          .              .             1.0000        10.0000      
10.11.3          .              .             1.0000        10.0000      
10.12.1          .              .             1.0000        24.5000      
10.12.2          .              .             1.0000        24.5000      
10.12.3          .              .             1.0000        24.5000      
10.13.1          .              .             1.0000        11.5000      
10.13.2          .              .             1.0000        11.5000      
10.13.3          .              .             1.0000        11.5000      
10.14.1          .              .             1.0000        28.0000      
10.14.2          .              .             1.0000        28.0000      
10.14.3          .              .             1.0000        28.0000      
10.15.1          .              .             1.0000        23.0000      
10.15.2          .              .             1.0000        23.0000      
10.15.3          .              .             1.0000        23.0000      
10.16.1          .              .             1.0000         7.0000      
10.16.2          .              .             1.0000         7.0000      
10.16.3          .              .             1.0000         7.0000      
10.17.1          .              .             1.0000        18.0000      
10.17.2          .              .             1.0000        18.0000      
10.17.3          .              .             1.0000        18.0000      
10.18.1          .              .             1.0000        13.5000      
10.18.2          .              .             1.0000        13.5000      
10.18.3          .              .             1.0000        13.5000      
10.19.1          .              .             1.0000        25.5000      
10.19.2          .              .             1.0000        25.5000      
10.19.3          .              .             1.0000        25.5000      
10.20.1          .              .             1.0000         5.0000      
10.20.2          .              .             1.0000         5.0000      
10.20.3          .              .             1.0000         5.0000      
11.0 .1          .              .             1.0000        19.5000      
11.0 .2          .              .             1.0000        19.5000      
11.0 .3          .              .             1.0000        19.5000      
11.1 .1          .              .             1.0000         7.5000      
11.1 .2          .              .             1.0000         7.5000      
11.1 .3          .             1.0000         1.0000         7.5000      
11.2 .1          .              .             1.0000        29.0000      
11.2 .2          .              .             1.0000        29.0000      
11.2 .3          .              .             1.0000        29.0000      
11.3 .1          .              .             1.0000        24.5000      
11.3 .2          .              .             1.0000        24.5000      
11.3 .3          .              .             1.0000        24.5000      
11.4 .1          .              .             1.0000        26.0000      
11.4 .2          .              .             1.0000        26.0000      
11.4 .3          .              .             1.0000        26.0000      
11.5 .1          .              .             1.0000        27.0000      
11.5 .2          .              .             1.0000        27.0000      
11.5 .3          .              .             1.0000        27.0000      
11.6 .1          .              .             1.0000        26.0000      
11.6 .2          .              .             1.0000        26.0000      
11.6 .3          .              .             1.0000        26.0000      
11.7 .1          .              .             1.0000        26.0000      
11.7 .2          .              .             1.0000        26.0000      
11.7 .3          .              .             1.0000        26.0000      
11.8 .1          .              .             1.0000        23.5000      
11.8 .2          .              .             1.0000        23.5000      
11.8 .3          .              .             1.0000        23.5000      
11.9 .1          .              .             1.0000        22.0000      
11.9 .2          .              .             1.0000        22.0000      
11.9 .3          .              .             1.0000        22.0000      
11.10.1          .              .             1.0000        10.0000      
11.10.2          .              .             1.0000        10.0000      
11.10.3          .              .             1.0000        10.0000      
11.11.1          .              .              .          1000.0000      
11.11.2          .              .              .          1000.0000      
11.11.3          .              .              .          1000.0000      
11.12.1          .              .             1.0000        29.5000      
11.12.2          .              .             1.0000        29.5000      
11.12.3          .              .             1.0000        29.5000      
11.13.1          .              .             1.0000        24.5000      
11.13.2          .              .             1.0000        24.5000      
11.13.3          .              .             1.0000        24.5000      
11.14.1          .              .             1.0000         7.5000      
11.14.2          .              .             1.0000         7.5000      
11.14.3          .              .             1.0000         7.5000      
11.15.1          .              .             1.0000        22.0000      
11.15.2          .              .             1.0000        22.0000      
11.15.3          .              .             1.0000        22.0000      
11.16.1          .              .             1.0000        13.5000      
11.16.2          .              .             1.0000        13.5000      
11.16.3          .              .             1.0000        13.5000      
11.17.1          .              .             1.0000        17.0000      
11.17.2          .              .             1.0000        17.0000      
11.17.3          .              .             1.0000        17.0000      
11.18.1          .              .             1.0000        22.0000      
11.18.2          .              .             1.0000        22.0000      
11.18.3          .              .             1.0000        22.0000      
11.19.1          .              .             1.0000        11.0000      
11.19.2          .              .             1.0000        11.0000      
11.19.3          .              .             1.0000        11.0000      
11.20.1          .              .             1.0000         7.5000      
11.20.2          .              .             1.0000         7.5000      
11.20.3          .              .             1.0000         7.5000      
12.0 .1          .              .             1.0000        10.5000      
12.0 .2          .              .             1.0000        10.5000      
12.0 .3          .             1.0000         1.0000        10.5000      
12.1 .1          .              .             1.0000        10.0000      
12.1 .2          .              .             1.0000        10.0000      
12.1 .3          .              .             1.0000        10.0000      
12.2 .1          .              .             1.0000        18.0000      
12.2 .2          .              .             1.0000        18.0000      
12.2 .3          .              .             1.0000        18.0000      
12.3 .1          .              .             1.0000        20.0000      
12.3 .2          .              .             1.0000        20.0000      
12.3 .3          .              .             1.0000        20.0000      
12.4 .1          .              .             1.0000        19.0000      
12.4 .2          .              .             1.0000        19.0000      
12.4 .3          .              .             1.0000        19.0000      
12.5 .1          .              .             1.0000        17.5000      
12.5 .2          .              .             1.0000        17.5000      
12.5 .3          .              .             1.0000        17.5000      
12.6 .1          .              .             1.0000        29.0000      
12.6 .2          .              .             1.0000        29.0000      
12.6 .3          .              .             1.0000        29.0000      
12.7 .1          .              .             1.0000        16.5000      
12.7 .2          .              .             1.0000        16.5000      
12.7 .3          .              .             1.0000        16.5000      
12.8 .1          .              .             1.0000        11.5000      
12.8 .2          .              .             1.0000        11.5000      
12.8 .3          .              .             1.0000        11.5000      
12.9 .1          .              .             1.0000        16.5000      
12.9 .2          .              .             1.0000        16.5000      
12.9 .3          .              .             1.0000        16.5000      
12.10.1          .              .             1.0000        24.5000      
12.10.2          .              .             1.0000        24.5000      
12.10.3          .              .             1.0000        24.5000      
12.11.1          .              .             1.0000        29.5000      
12.11.2          .              .             1.0000        29.5000      
12.11.3          .              .             1.0000        29.5000      
12.12.1          .              .              .          1000.0000      
12.12.2          .              .              .          1000.0000      
12.12.3          .              .              .          1000.0000      
12.13.1          .              .             1.0000        26.0000      
12.13.2          .              .             1.0000        26.0000      
12.13.3          .              .             1.0000        26.0000      
12.14.1          .              .             1.0000        15.0000      
12.14.2          .              .             1.0000        15.0000      
12.14.3          .              .             1.0000        15.0000      
12.15.1          .              .             1.0000         9.5000      
12.15.2          .              .             1.0000         9.5000      
12.15.3          .              .             1.0000         9.5000      
12.16.1          .              .             1.0000        21.0000      
12.16.2          .              .             1.0000        21.0000      
12.16.3          .              .             1.0000        21.0000      
12.17.1          .              .             1.0000        20.5000      
12.17.2          .              .             1.0000        20.5000      
12.17.3          .              .             1.0000        20.5000      
12.18.1          .              .             1.0000        28.0000      
12.18.2          .              .             1.0000        28.0000      
12.18.3          .              .             1.0000        28.0000      
12.19.1          .              .             1.0000        17.5000      
12.19.2          .              .             1.0000        17.5000      
12.19.3          .              .             1.0000        17.5000      
12.20.1          .              .             1.0000        10.5000      
12.20.2          .              .             1.0000        10.5000      
12.20.3          .              .             1.0000        10.5000      
13.0 .1          .              .             1.0000        14.5000      
13.0 .2          .              .             1.0000        14.5000      
13.0 .3          .              .             1.0000        14.5000      
13.1 .1          .              .             1.0000        12.0000      
13.1 .2          .              .             1.0000        12.0000      
13.1 .3          .              .             1.0000        12.0000      
13.2 .1          .              .             1.0000        25.0000      
13.2 .2          .              .             1.0000        25.0000      
13.2 .3          .              .             1.0000        25.0000      
13.3 .1          .              .             1.0000        13.0000      
13.3 .2          .              .             1.0000        13.0000      
13.3 .3          .              .             1.0000        13.0000      
13.4 .1          .              .             1.0000        15.5000      
13.4 .2          .              .             1.0000        15.5000      
13.4 .3          .              .             1.0000        15.5000      
13.5 .1          .              .             1.0000        14.5000      
13.5 .2          .              .             1.0000        14.5000      
13.5 .3          .              .             1.0000        14.5000      
13.6 .1          .              .             1.0000        20.5000      
13.6 .2          .              .             1.0000        20.5000      
13.6 .3          .              .             1.0000        20.5000      
13.7 .1          .              .             1.0000        29.5000      
13.7 .2          .              .             1.0000        29.5000      
13.7 .3          .              .             1.0000        29.5000      
13.8 .1          .              .             1.0000         5.0000      
13.8 .2          .              .             1.0000         5.0000      
13.8 .3          .              .             1.0000         5.0000      
13.9 .1          .              .             1.0000         6.5000      
13.9 .2          .              .             1.0000         6.5000      
13.9 .3          .              .             1.0000         6.5000      
13.10.1          .              .             1.0000        11.5000      
13.10.2          .              .             1.0000        11.5000      
13.10.3          .              .             1.0000        11.5000      
13.11.1          .              .             1.0000        24.5000      
13.11.2          .              .             1.0000        24.5000      
13.11.3          .              .             1.0000        24.5000      
13.12.1          .              .             1.0000        26.0000      
13.12.2          .              .             1.0000        26.0000      
13.12.3          .              .             1.0000        26.0000      
13.13.1          .              .              .          1000.0000      
13.13.2          .              .              .          1000.0000      
13.13.3          .              .              .          1000.0000      
13.14.1          .              .             1.0000        15.0000      
13.14.2          .              .             1.0000        15.0000      
13.14.3          .              .             1.0000        15.0000      
13.15.1          .             1.0000         1.0000         5.0000      
13.15.2          .              .             1.0000         5.0000      
13.15.3          .              .             1.0000         5.0000      
13.16.1          .              .             1.0000        23.0000      
13.16.2          .              .             1.0000        23.0000      
13.16.3          .              .             1.0000        23.0000      
13.17.1          .              .             1.0000        11.5000      
13.17.2          .              .             1.0000        11.5000      
13.17.3          .              .             1.0000        11.5000      
13.18.1          .              .             1.0000        22.5000      
13.18.2          .              .             1.0000        22.5000      
13.18.3          .              .             1.0000        22.5000      
13.19.1          .              .             1.0000        19.5000      
13.19.2          .              .             1.0000        19.5000      
13.19.3          .              .             1.0000        19.5000      
13.20.1          .              .             1.0000        12.5000      
13.20.2          .              .             1.0000        12.5000      
13.20.3          .              .             1.0000        12.5000      
14.0 .1          .              .             1.0000        26.5000      
14.0 .2          .              .             1.0000        26.5000      
14.0 .3          .              .             1.0000        26.5000      
14.1 .1          .              .             1.0000        13.0000      
14.1 .2          .              .             1.0000        13.0000      
14.1 .3          .              .             1.0000        13.0000      
14.2 .1          .              .             1.0000        24.0000      
14.2 .2          .              .             1.0000        24.0000      
14.2 .3          .              .             1.0000        24.0000      
14.3 .1          .              .             1.0000         8.0000      
14.3 .2          .              .             1.0000         8.0000      
14.3 .3          .              .             1.0000         8.0000      
14.4 .1          .              .             1.0000         9.5000      
14.4 .2          .              .             1.0000         9.5000      
14.4 .3          .              .             1.0000         9.5000      
14.5 .1          .              .             1.0000         6.0000      
14.5 .2          .              .             1.0000         6.0000      
14.5 .3          .              .             1.0000         6.0000      
14.6 .1          .              .             1.0000        13.5000      
14.6 .2          .              .             1.0000        13.5000      
14.6 .3          .              .             1.0000        13.5000      
14.7 .1          .              .             1.0000        24.0000      
14.7 .2          .              .             1.0000        24.0000      
14.7 .3          .              .             1.0000        24.0000      
14.8 .1          .              .             1.0000        26.5000      
14.8 .2          .              .             1.0000        26.5000      
14.8 .3          .              .             1.0000        26.5000      
14.9 .1          .              .             1.0000         6.5000      
14.9 .2          .              .             1.0000         6.5000      
14.9 .3          .              .             1.0000         6.5000      
14.10.1          .              .             1.0000        28.0000      
14.10.2          .              .             1.0000        28.0000      
14.10.3          .              .             1.0000        28.0000      
14.11.1          .              .             1.0000         7.5000      
14.11.2          .              .             1.0000         7.5000      
14.11.3          .              .             1.0000         7.5000      
14.12.1          .              .             1.0000        15.0000      
14.12.2          .              .             1.0000        15.0000      
14.12.3          .              .             1.0000        15.0000      
14.13.1          .              .             1.0000        15.0000      
14.13.2          .              .             1.0000        15.0000      
14.13.3          .              .             1.0000        15.0000      
14.14.1          .              .              .          1000.0000      
14.14.2          .              .              .          1000.0000      
14.14.3          .              .              .          1000.0000      
14.15.1          .              .             1.0000        15.0000      
14.15.2          .              .             1.0000        15.0000      
14.15.3          .              .             1.0000        15.0000      
14.16.1          .              .             1.0000         5.5000      
14.16.2          .              .             1.0000         5.5000      
14.16.3          .              .             1.0000         5.5000      
14.17.1          .              .             1.0000         8.0000      
14.17.2          .              .             1.0000         8.0000      
14.17.3          .              .             1.0000         8.0000      
14.18.1          .              .             1.0000        12.0000      
14.18.2          .              .             1.0000        12.0000      
14.18.3          .              .             1.0000        12.0000      
14.19.1          .              .             1.0000        11.5000      
14.19.2          .              .             1.0000        11.5000      
14.19.3          .              .             1.0000        11.5000      
14.20.1          .              .             1.0000         8.5000      
14.20.2          .             1.0000         1.0000         8.5000      
14.20.3          .              .             1.0000         8.5000      
15.0 .1          .              .             1.0000        34.0000      
15.0 .2          .              .             1.0000        34.0000      
15.0 .3          .              .             1.0000        34.0000      
15.1 .1          .              .             1.0000         8.0000      
15.1 .2          .              .             1.0000         8.0000      
15.1 .3          .              .             1.0000         8.0000      
15.2 .1          .              .             1.0000        20.0000      
15.2 .2          .              .             1.0000        20.0000      
15.2 .3          .              .             1.0000        20.0000      
15.3 .1          .              .             1.0000        19.0000      
15.3 .2          .              .             1.0000        19.0000      
15.3 .3          .              .             1.0000        19.0000      
15.4 .1          .              .             1.0000        29.5000      
15.4 .2          .              .             1.0000        29.5000      
15.4 .3          .              .             1.0000        29.5000      
15.5 .1          .              .             1.0000         8.5000      
15.5 .2          .              .             1.0000         8.5000      
15.5 .3          .              .             1.0000         8.5000      
15.6 .1          .              .             1.0000         7.5000      
15.6 .2          .              .             1.0000         7.5000      
15.6 .3          .              .             1.0000         7.5000      
15.7 .1          .             1.0000         1.0000         6.5000      
15.7 .2          .              .             1.0000         6.5000      
15.7 .3          .              .             1.0000         6.5000      
15.8 .1          .              .             1.0000        24.0000      
15.8 .2          .              .             1.0000        24.0000      
15.8 .3          .              .             1.0000        24.0000      
15.9 .1          .              .             1.0000        20.0000      
15.9 .2          .              .             1.0000        20.0000      
15.9 .3          .              .             1.0000        20.0000      
15.10.1          .              .             1.0000        23.0000      
15.10.2          .              .             1.0000        23.0000      
15.10.3          .              .             1.0000        23.0000      
15.11.1          .              .             1.0000        22.0000      
15.11.2          .              .             1.0000        22.0000      
15.11.3          .              .             1.0000        22.0000      
15.12.1          .              .             1.0000         9.5000      
15.12.2          .              .             1.0000         9.5000      
15.12.3          .              .             1.0000         9.5000      
15.13.1          .              .             1.0000         5.0000      
15.13.2          .              .             1.0000         5.0000      
15.13.3          .              .             1.0000         5.0000      
15.14.1          .              .             1.0000        15.0000      
15.14.2          .              .             1.0000        15.0000      
15.14.3          .              .             1.0000        15.0000      
15.15.1          .              .              .          1000.0000      
15.15.2          .              .              .          1000.0000      
15.15.3          .              .              .          1000.0000      
15.16.1          .              .             1.0000        26.5000      
15.16.2          .              .             1.0000        26.5000      
15.16.3          .              .             1.0000        26.5000      
15.17.1          .              .             1.0000        12.0000      
15.17.2          .              .             1.0000        12.0000      
15.17.3          .              .             1.0000        12.0000      
15.18.1          .              .             1.0000        12.0000      
15.18.2          .              .             1.0000        12.0000      
15.18.3          .              .             1.0000        12.0000      
15.19.1          .              .             1.0000        26.5000      
15.19.2          .              .             1.0000        26.5000      
15.19.3          .              .             1.0000        26.5000      
15.20.1          .              .             1.0000        21.5000      
15.20.2          .              .             1.0000        21.5000      
15.20.3          .              .             1.0000        21.5000      
16.0 .1          .              .             1.0000        15.5000      
16.0 .2          .              .             1.0000        15.5000      
16.0 .3          .              .             1.0000        15.5000      
16.1 .1          .              .             1.0000        26.5000      
16.1 .2          .              .             1.0000        26.5000      
16.1 .3          .              .             1.0000        26.5000      
16.2 .1          .              .             1.0000         5.5000      
16.2 .2          .              .             1.0000         5.5000      
16.2 .3          .              .             1.0000         5.5000      
16.3 .1          .              .             1.0000        25.5000      
16.3 .2          .              .             1.0000        25.5000      
16.3 .3          .              .             1.0000        25.5000      
16.4 .1          .              .             1.0000        14.0000      
16.4 .2          .              .             1.0000        14.0000      
16.4 .3          .              .             1.0000        14.0000      
16.5 .1          .              .             1.0000        21.0000      
16.5 .2          .              .             1.0000        21.0000      
16.5 .3          .              .             1.0000        21.0000      
16.6 .1          .              .             1.0000         6.5000      
16.6 .2          .              .             1.0000         6.5000      
16.6 .3          .             1.0000         1.0000         6.5000      
16.7 .1          .              .             1.0000        24.0000      
16.7 .2          .              .             1.0000        24.0000      
16.7 .3          .              .             1.0000        24.0000      
16.8 .1          .              .             1.0000        28.5000      
16.8 .2          .              .             1.0000        28.5000      
16.8 .3          .              .             1.0000        28.5000      
16.9 .1          .              .             1.0000        21.5000      
16.9 .2          .              .             1.0000        21.5000      
16.9 .3          .              .             1.0000        21.5000      
16.10.1          .              .             1.0000         7.0000      
16.10.2          .              .             1.0000         7.0000      
16.10.3          .              .             1.0000         7.0000      
16.11.1          .              .             1.0000        13.5000      
16.11.2          .              .             1.0000        13.5000      
16.11.3          .              .             1.0000        13.5000      
16.12.1          .              .             1.0000        21.0000      
16.12.2          .              .             1.0000        21.0000      
16.12.3          .              .             1.0000        21.0000      
16.13.1          .              .             1.0000        23.0000      
16.13.2          .              .             1.0000        23.0000      
16.13.3          .              .             1.0000        23.0000      
16.14.1          .              .             1.0000         5.5000      
16.14.2          .              .             1.0000         5.5000      
16.14.3          .              .             1.0000         5.5000      
16.15.1          .              .             1.0000        26.5000      
16.15.2          .              .             1.0000        26.5000      
16.15.3          .              .             1.0000        26.5000      
16.16.1          .              .              .          1000.0000      
16.16.2          .              .              .          1000.0000      
16.16.3          .              .              .          1000.0000      
16.17.1          .              .             1.0000        19.0000      
16.17.2          .              .             1.0000        19.0000      
16.17.3          .              .             1.0000        19.0000      
16.18.1          .              .             1.0000         6.0000      
16.18.2          .              .             1.0000         6.0000      
16.18.3          .              .             1.0000         6.0000      
16.19.1          .              .             1.0000        29.0000      
16.19.2          .              .             1.0000        29.0000      
16.19.3          .              .             1.0000        29.0000      
16.20.1          .              .             1.0000         6.5000      
16.20.2          .              .             1.0000         6.5000      
16.20.3          .              .             1.0000         6.5000      
17.0 .1          .              .             1.0000        12.5000      
17.0 .2          .              .             1.0000        12.5000      
17.0 .3          .              .             1.0000        12.5000      
17.1 .1          .              .             1.0000        18.5000      
17.1 .2          .              .             1.0000        18.5000      
17.1 .3          .              .             1.0000        18.5000      
17.2 .1          .              .             1.0000        18.5000      
17.2 .2          .              .             1.0000        18.5000      
17.2 .3          .              .             1.0000        18.5000      
17.3 .1          .              .             1.0000         5.0000      
17.3 .2          .             1.0000         1.0000         5.0000      
17.3 .3          .              .             1.0000         5.0000      
17.4 .1          .              .             1.0000         8.0000      
17.4 .2          .              .             1.0000         8.0000      
17.4 .3          .              .             1.0000         8.0000      
17.5 .1          .              .             1.0000         7.0000      
17.5 .2          .              .             1.0000         7.0000      
17.5 .3          .              .             1.0000         7.0000      
17.6 .1          .              .             1.0000        10.0000      
17.6 .2          .              .             1.0000        10.0000      
17.6 .3          .              .             1.0000        10.0000      
17.7 .1          .              .             1.0000        17.5000      
17.7 .2          .              .             1.0000        17.5000      
17.7 .3          .              .             1.0000        17.5000      
17.8 .1          .              .             1.0000         6.5000      
17.8 .2          .              .             1.0000         6.5000      
17.8 .3          .              .             1.0000         6.5000      
17.9 .1          .              .             1.0000        27.5000      
17.9 .2          .              .             1.0000        27.5000      
17.9 .3          .              .             1.0000        27.5000      
17.10.1          .              .             1.0000        18.0000      
17.10.2          .              .             1.0000        18.0000      
17.10.3          .              .             1.0000        18.0000      
17.11.1          .              .             1.0000        17.0000      
17.11.2          .              .             1.0000        17.0000      
17.11.3          .              .             1.0000        17.0000      
17.12.1          .              .             1.0000        20.5000      
17.12.2          .              .             1.0000        20.5000      
17.12.3          .              .             1.0000        20.5000      
17.13.1          .              .             1.0000        11.5000      
17.13.2          .              .             1.0000        11.5000      
17.13.3          .              .             1.0000        11.5000      
17.14.1          .              .             1.0000         8.0000      
17.14.2          .              .             1.0000         8.0000      
17.14.3          .              .             1.0000         8.0000      
17.15.1          .              .             1.0000        12.0000      
17.15.2          .              .             1.0000        12.0000      
17.15.3          .              .             1.0000        12.0000      
17.16.1          .              .             1.0000        19.0000      
17.16.2          .              .             1.0000        19.0000      
17.16.3          .              .             1.0000        19.0000      
17.17.1          .              .              .          1000.0000      
17.17.2          .              .              .          1000.0000      
17.17.3          .              .              .          1000.0000      
17.18.1          .              .             1.0000        23.5000      
17.18.2          .              .             1.0000        23.5000      
17.18.3          .              .             1.0000        23.5000      
17.19.1          .              .             1.0000        18.5000      
17.19.2          .              .             1.0000        18.5000      
17.19.3          .              .             1.0000        18.5000      
17.20.1          .              .             1.0000        12.0000      
17.20.2          .              .             1.0000        12.0000      
17.20.3          .              .             1.0000        12.0000      
18.0 .1          .              .             1.0000        15.0000      
18.0 .2          .              .             1.0000        15.0000      
18.0 .3          .              .             1.0000        15.0000      
18.1 .1          .              .             1.0000        22.5000      
18.1 .2          .              .             1.0000        22.5000      
18.1 .3          .              .             1.0000        22.5000      
18.2 .1          .              .             1.0000        14.0000      
18.2 .2          .              .             1.0000        14.0000      
18.2 .3          .              .             1.0000        14.0000      
18.3 .1          .              .             1.0000         7.0000      
18.3 .2          .              .             1.0000         7.0000      
18.3 .3          .              .             1.0000         7.0000      
18.4 .1          .              .             1.0000        10.5000      
18.4 .2          .              .             1.0000        10.5000      
18.4 .3          .              .             1.0000        10.5000      
18.5 .1          .              .             1.0000         6.0000      
18.5 .2          .             1.0000         1.0000         6.0000      
18.5 .3          .              .             1.0000         6.0000      
18.6 .1          .              .             1.0000        13.0000      
18.6 .2          .              .             1.0000        13.0000      
18.6 .3          .              .             1.0000        13.0000      
18.7 .1          .              .             1.0000         9.0000      
18.7 .2          .              .             1.0000         9.0000      
18.7 .3          .              .             1.0000         9.0000      
18.8 .1          .              .             1.0000        23.0000      
18.8 .2          .              .             1.0000        23.0000      
18.8 .3          .              .             1.0000        23.0000      
18.9 .1          .              .             1.0000        30.0000      
18.9 .2          .              .             1.0000        30.0000      
18.9 .3          .              .             1.0000        30.0000      
18.10.1          .              .             1.0000        13.5000      
18.10.2          .              .             1.0000        13.5000      
18.10.3          .              .             1.0000        13.5000      
18.11.1          .              .             1.0000        22.0000      
18.11.2          .              .             1.0000        22.0000      
18.11.3          .              .             1.0000        22.0000      
18.12.1          .              .             1.0000        28.0000      
18.12.2          .              .             1.0000        28.0000      
18.12.3          .              .             1.0000        28.0000      
18.13.1          .              .             1.0000        22.5000      
18.13.2          .              .             1.0000        22.5000      
18.13.3          .              .             1.0000        22.5000      
18.14.1          .              .             1.0000        12.0000      
18.14.2          .              .             1.0000        12.0000      
18.14.3          .              .             1.0000        12.0000      
18.15.1          .              .             1.0000        12.0000      
18.15.2          .              .             1.0000        12.0000      
18.15.3          .              .             1.0000        12.0000      
18.16.1          .              .             1.0000         6.0000      
18.16.2          .              .             1.0000         6.0000      
18.16.3          .              .             1.0000         6.0000      
18.17.1          .              .             1.0000        23.5000      
18.17.2          .              .             1.0000        23.5000      
18.17.3          .              .             1.0000        23.5000      
18.18.1          .              .              .          1000.0000      
18.18.2          .              .              .          1000.0000      
18.18.3          .              .              .          1000.0000      
18.19.1          .              .             1.0000        22.0000      
18.19.2          .              .             1.0000        22.0000      
18.19.3          .              .             1.0000        22.0000      
18.20.1          .              .             1.0000        16.5000      
18.20.2          .              .             1.0000        16.5000      
18.20.3          .              .             1.0000        16.5000      
19.0 .1          .              .             1.0000        20.5000      
19.0 .2          .              .             1.0000        20.5000      
19.0 .3          .              .             1.0000        20.5000      
19.1 .1          .              .             1.0000         9.0000      
19.1 .2          .              .             1.0000         9.0000      
19.1 .3          .              .             1.0000         9.0000      
19.2 .1          .              .             1.0000        10.5000      
19.2 .2          .              .             1.0000        10.5000      
19.2 .3          .              .             1.0000        10.5000      
19.3 .1          .              .             1.0000        18.0000      
19.3 .2          .              .             1.0000        18.0000      
19.3 .3          .              .             1.0000        18.0000      
19.4 .1          .              .             1.0000        18.0000      
19.4 .2          .              .             1.0000        18.0000      
19.4 .3          .              .             1.0000        18.0000      
19.5 .1          .              .             1.0000        14.5000      
19.5 .2          .              .             1.0000        14.5000      
19.5 .3          .              .             1.0000        14.5000      
19.6 .1          .              .             1.0000        22.5000      
19.6 .2          .              .             1.0000        22.5000      
19.6 .3          .              .             1.0000        22.5000      
19.7 .1          .              .             1.0000        14.0000      
19.7 .2          .              .             1.0000        14.0000      
19.7 .3          .              .             1.0000        14.0000      
19.8 .1          .              .             1.0000        20.5000      
19.8 .2          .              .             1.0000        20.5000      
19.8 .3          .              .             1.0000        20.5000      
19.9 .1          .              .             1.0000         7.0000      
19.9 .2          .              .             1.0000         7.0000      
19.9 .3          .              .             1.0000         7.0000      
19.10.1          .              .             1.0000        25.5000      
19.10.2          .              .             1.0000        25.5000      
19.10.3          .              .             1.0000        25.5000      
19.11.1          .              .             1.0000        11.0000      
19.11.2          .              .             1.0000        11.0000      
19.11.3          .             1.0000         1.0000        11.0000      
19.12.1          .              .             1.0000        17.5000      
19.12.2          .              .             1.0000        17.5000      
19.12.3          .              .             1.0000        17.5000      
19.13.1          .              .             1.0000        19.5000      
19.13.2          .              .             1.0000        19.5000      
19.13.3          .              .             1.0000        19.5000      
19.14.1          .              .             1.0000        11.5000      
19.14.2          .              .             1.0000        11.5000      
19.14.3          .              .             1.0000        11.5000      
19.15.1          .              .             1.0000        26.5000      
19.15.2          .              .             1.0000        26.5000      
19.15.3          .              .             1.0000        26.5000      
19.16.1          .              .             1.0000        29.0000      
19.16.2          .              .             1.0000        29.0000      
19.16.3          .              .             1.0000        29.0000      
19.17.1          .              .             1.0000        18.5000      
19.17.2          .              .             1.0000        18.5000      
19.17.3          .              .             1.0000        18.5000      
19.18.1          .              .             1.0000        22.0000      
19.18.2          .              .             1.0000        22.0000      
19.18.3          .              .             1.0000        22.0000      
19.19.1          .              .              .          1000.0000      
19.19.2          .              .              .          1000.0000      
19.19.3          .              .              .          1000.0000      
19.20.1          .              .             1.0000         7.0000      
19.20.2          .              .             1.0000         7.0000      
19.20.3          .              .             1.0000         7.0000      
20.0 .1          .              .             1.0000        10.0000      
20.0 .2          .             1.0000         1.0000        10.0000      
20.0 .3          .              .             1.0000        10.0000      
20.1 .1          .              .             1.0000         7.5000      
20.1 .2          .              .             1.0000         7.5000      
20.1 .3          .              .             1.0000         7.5000      
20.2 .1          .              .             1.0000        20.0000      
20.2 .2          .              .             1.0000        20.0000      
20.2 .3          .              .             1.0000        20.0000      
20.3 .1          .              .             1.0000        14.0000      
20.3 .2          .              .             1.0000        14.0000      
20.3 .3          .              .             1.0000        14.0000      
20.4 .1          .              .             1.0000        28.5000      
20.4 .2          .              .             1.0000        28.5000      
20.4 .3          .              .             1.0000        28.5000      
20.5 .1          .              .             1.0000         9.0000      
20.5 .2          .              .             1.0000         9.0000      
20.5 .3          .              .             1.0000         9.0000      
20.6 .1          .              .             1.0000        19.0000      
20.6 .2          .              .             1.0000        19.0000      
20.6 .3          .              .             1.0000        19.0000      
20.7 .1          .              .             1.0000         7.5000      
20.7 .2          .              .             1.0000         7.5000      
20.7 .3          .              .             1.0000         7.5000      
20.8 .1          .              .             1.0000        19.0000      
20.8 .2          .              .             1.0000        19.0000      
20.8 .3          .              .             1.0000        19.0000      
20.9 .1          .              .             1.0000        28.0000      
20.9 .2          .              .             1.0000        28.0000      
20.9 .3          .              .             1.0000        28.0000      
20.10.1          .              .             1.0000         5.0000      
20.10.2          .              .             1.0000         5.0000      
20.10.3          .              .             1.0000         5.0000      
20.11.1          .              .             1.0000         7.5000      
20.11.2          .              .             1.0000         7.5000      
20.11.3          .              .             1.0000         7.5000      
20.12.1          .              .             1.0000        10.5000      
20.12.2          .              .             1.0000        10.5000      
20.12.3          .              .             1.0000        10.5000      
20.13.1          .              .             1.0000        12.5000      
20.13.2          .              .             1.0000        12.5000      
20.13.3          .              .             1.0000        12.5000      
20.14.1          .              .             1.0000         8.5000      
20.14.2          .              .             1.0000         8.5000      
20.14.3          .              .             1.0000         8.5000      
20.15.1          .              .             1.0000        21.5000      
20.15.2          .              .             1.0000        21.5000      
20.15.3          .              .             1.0000        21.5000      
20.16.1          .              .             1.0000         6.5000      
20.16.2          .              .             1.0000         6.5000      
20.16.3          .              .             1.0000         6.5000      
20.17.1          .              .             1.0000        12.0000      
20.17.2          .              .             1.0000        12.0000      
20.17.3          .              .             1.0000        12.0000      
20.18.1          .              .             1.0000        16.5000      
20.18.2          .              .             1.0000        16.5000      
20.18.3          .              .             1.0000        16.5000      
20.19.1          .              .             1.0000         7.0000      
20.19.2          .              .             1.0000         7.0000      
20.19.3          .              .             1.0000         7.0000      
20.20.1          .              .              .          1000.0000      
20.20.2          .              .              .          1000.0000      
20.20.3          .              .              .          1000.0000      

---- VAR y  is 1 if node i is served by vehicle k (0 otherwise)

            LOWER          LEVEL          UPPER         MARGINAL

0 .1          .             1.0000         1.0000         EPS         
0 .2          .             1.0000         1.0000         EPS         
0 .3          .             1.0000         1.0000         EPS         
1 .1          .              .             1.0000         EPS         
1 .2          .              .             1.0000         EPS         
1 .3          .             1.0000         1.0000         EPS         
2 .1          .             1.0000         1.0000         EPS         
2 .2          .              .             1.0000         EPS         
2 .3          .              .             1.0000         EPS         
3 .1          .              .             1.0000         EPS         
3 .2          .             1.0000         1.0000         EPS         
3 .3          .              .             1.0000         EPS         
4 .1          .              .             1.0000         EPS         
4 .2          .             1.0000         1.0000         EPS         
4 .3          .              .             1.0000         EPS         
5 .1          .              .             1.0000         EPS         
5 .2          .             1.0000         1.0000         EPS         
5 .3          .              .             1.0000         EPS         
6 .1          .              .             1.0000         EPS         
6 .2          .              .             1.0000         EPS         
6 .3          .             1.0000         1.0000         EPS         
7 .1          .             1.0000         1.0000         EPS         
7 .2          .              .             1.0000         EPS         
7 .3          .              .             1.0000         EPS         
8 .1          .             1.0000         1.0000         EPS         
8 .2          .              .             1.0000         EPS         
8 .3          .              .             1.0000         EPS         
9 .1          .              .             1.0000         EPS         
9 .2          .              .             1.0000         EPS         
9 .3          .             1.0000         1.0000         EPS         
10.1          .             1.0000         1.0000         EPS         
10.2          .              .             1.0000         EPS         
10.3          .              .             1.0000         EPS         
11.1          .              .             1.0000         EPS         
11.2          .              .             1.0000         EPS         
11.3          .             1.0000         1.0000         EPS         
12.1          .              .             1.0000         EPS         
12.2          .              .             1.0000         EPS         
12.3          .             1.0000         1.0000         EPS         
13.1          .             1.0000         1.0000         EPS         
13.2          .              .             1.0000         EPS         
13.3          .              .             1.0000         EPS         
14.1          .              .             1.0000         EPS         
14.2          .             1.0000         1.0000         EPS         
14.3          .              .             1.0000         EPS         
15.1          .             1.0000         1.0000         EPS         
15.2          .              .             1.0000         EPS         
15.3          .              .             1.0000         EPS         
16.1          .              .             1.0000         EPS         
16.2          .              .             1.0000         EPS         
16.3          .             1.0000         1.0000         EPS         
17.1          .              .             1.0000         EPS         
17.2          .             1.0000         1.0000         EPS         
17.3          .              .             1.0000         EPS         
18.1          .              .             1.0000         EPS         
18.2          .             1.0000         1.0000         EPS         
18.3          .              .             1.0000         EPS         
19.1          .              .             1.0000         EPS         
19.2          .              .             1.0000         EPS         
19.3          .             1.0000         1.0000         EPS         
20.1          .              .             1.0000         EPS         
20.2          .             1.0000         1.0000         EPS         
20.3          .              .             1.0000         EPS         

---- VAR u  Position of node i in a tour for vehicle k

            LOWER          LEVEL          UPPER         MARGINAL

1 .1          .              .            +INF            EPS         
1 .2          .              .            +INF            EPS         
1 .3          .             5.0000        +INF             .          
2 .1          .             4.0000        +INF             .          
2 .2          .              .            +INF            EPS         
2 .3          .              .            +INF            EPS         
3 .1          .              .            +INF            EPS         
3 .2          .             1.0000        +INF             .          
3 .3          .              .            +INF            EPS         
4 .1          .              .            +INF            EPS         
4 .2          .             4.0000        +INF             .          
4 .3          .              .            +INF            EPS         
5 .1          .              .            +INF            EPS         
5 .2          .             3.0000        +INF             .          
5 .3          .              .            +INF            EPS         
6 .1          .              .            +INF            EPS         
6 .2          .              .            +INF            EPS         
6 .3          .             1.0000        +INF             .          
7 .1          .             3.0000        +INF             .          
7 .2          .              .            +INF            EPS         
7 .3          .              .            +INF            EPS         
8 .1          .              .            +INF            EPS         
8 .2          .              .            +INF            EPS         
8 .3          .              .            +INF            EPS         
9 .1          .              .            +INF            EPS         
9 .2          .              .            +INF            EPS         
9 .3          .             2.0000        +INF             .          
10.1          .             5.0000        +INF             .          
10.2          .              .            +INF            EPS         
10.3          .              .            +INF            EPS         
11.1          .              .            +INF            EPS         
11.2          .              .            +INF            EPS         
11.3          .             4.0000        +INF             .          
12.1          .              .            +INF            EPS         
12.2          .              .            +INF            EPS         
12.3          .             6.0000        +INF             .          
13.1          .             1.0000        +INF             .          
13.2          .              .            +INF            EPS         
13.3          .              .            +INF            EPS         
14.1          .              .            +INF            EPS         
14.2          .             5.0000        +INF             .          
14.3          .              .            +INF            EPS         
15.1          .             2.0000        +INF             .          
15.2          .              .            +INF            EPS         
15.3          .              .            +INF            EPS         
16.1          .              .            +INF            EPS         
16.2          .              .            +INF            EPS         
16.3          .              .            +INF            EPS         
17.1          .              .            +INF            EPS         
17.2          .              .            +INF            EPS         
17.3          .              .            +INF            EPS         
18.1          .              .            +INF            EPS         
18.2          .             2.0000        +INF             .          
18.3          .              .            +INF            EPS         
19.1          .              .            +INF            EPS         
19.2          .              .            +INF            EPS         
19.3          .             3.0000        +INF             .          
20.1          .              .            +INF            EPS         
20.2          .             6.0000        +INF             .          
20.3          .              .            +INF            EPS         

---- VAR z  Arrival time at node i

          LOWER          LEVEL          UPPER         MARGINAL

0           .              .            +INF            EPS         
1           .           627.0000        +INF             .          
2           .           841.5000        +INF             .          
3           .           437.0000        +INF             .          
4           .           739.0000        +INF             .          
5           .           638.0000        +INF             .          
6           .           346.0000        +INF             .          
7           .           833.0000        +INF             .          
8           .           218.0000        +INF             .          
9           .           381.0000        +INF             .          
10          .          1042.0000        +INF             .          
11          .           413.0000        +INF             .          
12          .           818.0000        +INF             .          
13          .           546.0000        +INF             .          
14          .           762.0000        +INF             .          
15          .           801.0000        +INF             .          
16          .           107.0000        +INF             .          
17          .           376.0000        +INF             .          
18          .           451.0000        +INF             .          
19          .           396.0000        +INF             .          
20          .           788.0000        +INF             .          

                           LOWER          LEVEL          UPPER         MARGINAL

---- VAR F                 -INF          201.0000        +INF             .          

  F  Total distance (objective function value)


**** REPORT SUMMARY :        0     NONOPT
                             0 INFEASIBLE
                             0  UNBOUNDED
GAMS 48.1.0  612569ae Oct 14, 2024          WEX-WEI x86 64bit/MS Windows - 12/30/24 21:05:49 Page 9
G e n e r a l   A l g e b r a i c   M o d e l i n g   S y s t e m
E x e c u t i o n


----    100 VARIABLE x.L  is 1 if vehicle k drives directly from node i to node j (0 otherwise)

                1           2           3

0 .8        1.000
0 .16                               1.000
0 .17                   1.000
1 .12                               1.000
2 .10       1.000
3 .18                   1.000
4 .14                   1.000
5 .4                    1.000
6 .9                                1.000
7 .2        1.000
8 .13       1.000
9 .19                               1.000
10.0        1.000
11.1                                1.000
12.0                                1.000
13.15       1.000
14.20                   1.000
15.7        1.000
16.6                                1.000
17.3                    1.000
18.5                    1.000
19.11                               1.000
20.0                    1.000


----    100 VARIABLE u.L  Position of node i in a tour for vehicle k

             1           2           3

1                                5.000
2        4.000
3                    1.000
4                    4.000
5                    3.000
6                                1.000
7        3.000
9                                2.000
10       5.000
11                               4.000
12                               6.000
13       1.000
14                   5.000
15       2.000
18                   2.000
19                               3.000
20                   6.000


----    100 VARIABLE y.L  is 1 if node i is served by vehicle k (0 otherwise)

             1           2           3

0        1.000       1.000       1.000
1                                1.000
2        1.000
3                    1.000
4                    1.000
5                    1.000
6                                1.000
7        1.000
8        1.000
9                                1.000
10       1.000
11                               1.000
12                               1.000
13       1.000
14                   1.000
15       1.000
16                               1.000
17                   1.000
18                   1.000
19                               1.000
20                   1.000


----    100 VARIABLE z.L  Arrival time at node i

1   627.000,    2   841.500,    3   437.000,    4   739.000,    5   638.000,    6   346.000,    7   833.000,    8   218.000,    9   381.000,    10 1042.000,    11  413.000,    12  818.000,    13  546.000,    14  762.000,    15  801.000,    16  107.000,    17  376.000,    18  451.000,    19  396.000,    20  788.000


----    100 VARIABLE F.L                   =      201.000  Total distance (objective function value)


EXECUTION TIME       =      303.438 SECONDS      5 MB  48.1.0 612569ae WEX-WEI


USER: Academic User                                  G241029+0003Ac-GEN
      olivier.nyirihirwe@mailbox.tu-dresden.de                CLA103081
      License for teaching and research at degree granting institutions


**** FILE SUMMARY

Input      C:\Users\Solange\Desktop\GAMS\Task 2\Task 2 Solution.gms
Output     C:\Users\Solange\Desktop\GAMS\Task 2\Task 2 Solution.lst
